ISO-10303-21;
HEADER;
/* Generated by software containing ST-Developer
 * from STEP Tools, Inc. (www.steptools.com) 
 */

FILE_DESCRIPTION(
/* description */ (''),
/* implementation_level */ '2;1');

FILE_NAME(
/* name */ 'Bottom Part of case.step',
/* time_stamp */ '2026-02-23T21:50:57+01:00',
/* author */ (''),
/* organization */ (''),
/* preprocessor_version */ 'ST-DEVELOPER v20.1',
/* originating_system */ 'Autodesk Translation Framework v14.24.0.0',
/* authorisation */ '');

FILE_SCHEMA (('AUTOMOTIVE_DESIGN { 1 0 10303 214 3 1 1 }'));
ENDSEC;

DATA;
#10=MECHANICAL_DESIGN_GEOMETRIC_PRESENTATION_REPRESENTATION('',(#13,#14),
#7060);
#11=SHAPE_REPRESENTATION_RELATIONSHIP('SRR','None',#7067,#12);
#12=ADVANCED_BREP_SHAPE_REPRESENTATION('',(#15,#16),#7059);
#13=STYLED_ITEM('',(#7077),#15);
#14=STYLED_ITEM('',(#7077),#16);
#15=MANIFOLD_SOLID_BREP('Body1',#4248);
#16=MANIFOLD_SOLID_BREP('Body2',#4249);
#17=(
BOUNDED_SURFACE()
B_SPLINE_SURFACE(2,2,((#6545,#6546,#6547),(#6548,#6549,#6550),(#6551,#6552,
#6553),(#6554,#6555,#6556),(#6557,#6558,#6559)),.UNSPECIFIED.,.F.,.F.,.F.)
B_SPLINE_SURFACE_WITH_KNOTS((3,2,3),(3,3),(-3.14159265358979,-2.35619411669095,
-1.5707955797921),(0.785398163397448,1.57079632680307),.UNSPECIFIED.)
GEOMETRIC_REPRESENTATION_ITEM()
RATIONAL_B_SPLINE_SURFACE(((1.,0.923879532509723,1.),(0.923879461044898,
0.853553324565495,0.923879461044898),(1.,0.923879532509723,1.),(0.923879461044699,
0.853553324565311,0.923879461044699),(1.,0.923879532509723,1.)))
REPRESENTATION_ITEM('')
SURFACE()
);
#18=(
BOUNDED_SURFACE()
B_SPLINE_SURFACE(2,2,((#6577,#6578,#6579),(#6580,#6581,#6582),(#6583,#6584,
#6585)),.UNSPECIFIED.,.F.,.F.,.F.)
B_SPLINE_SURFACE_WITH_KNOTS((3,3),(3,3),(1.57079588738334,1.99518575171963),
(0.785398163397458,1.57079632679499),.UNSPECIFIED.)
GEOMETRIC_REPRESENTATION_ITEM()
RATIONAL_B_SPLINE_SURFACE(((1.,0.923879532511272,1.),(0.977571003809055,
0.903157841995685,0.977571003809055),(1.,0.923879532511272,1.)))
REPRESENTATION_ITEM('')
SURFACE()
);
#19=(
BOUNDED_SURFACE()
B_SPLINE_SURFACE(2,2,((#6621,#6622,#6623),(#6624,#6625,#6626),(#6627,#6628,
#6629)),.UNSPECIFIED.,.F.,.F.,.F.)
B_SPLINE_SURFACE_WITH_KNOTS((3,3),(3,3),(1.57079632679552,3.14159265358979),
(0.785398163397448,1.5707963267957),.UNSPECIFIED.)
GEOMETRIC_REPRESENTATION_ITEM()
RATIONAL_B_SPLINE_SURFACE(((1.,0.923879532511133,1.),(0.707106781186762,
0.653281482438278,0.707106781186762),(1.,0.923879532511133,1.)))
REPRESENTATION_ITEM('')
SURFACE()
);
#20=TOROIDAL_SURFACE('',#4416,19.70000074708,1.19999925292495);
#21=TOROIDAL_SURFACE('',#4419,19.70000074708,1.19999925292495);
#22=TOROIDAL_SURFACE('',#4429,1.69999925293883,1.19999925292021);
#23=TOROIDAL_SURFACE('',#4432,19.7000007470189,1.19999925292023);
#24=TOROIDAL_SURFACE('',#4437,1.69999925299995,1.19999925300018);
#25=TOROIDAL_SURFACE('',#4443,19.70000074708,1.69999925292489);
#26=TOROIDAL_SURFACE('',#4449,19.7000007470189,1.69999925292017);
#27=TOROIDAL_SURFACE('',#4457,1.51,0.510000000000002);
#28=TOROIDAL_SURFACE('',#4460,19.8899999999298,0.510000000000002);
#29=TOROIDAL_SURFACE('',#4470,19.8899999999298,1.51);
#30=TOROIDAL_SURFACE('',#4475,3.53302953090248,2.);
#31=TOROIDAL_SURFACE('',#4481,3.5330295309025,2.);
#32=TOROIDAL_SURFACE('',#4500,1.5,0.25);
#33=TOROIDAL_SURFACE('',#4507,1.5,0.25);
#34=TOROIDAL_SURFACE('',#4513,1.5,0.25);
#35=TOROIDAL_SURFACE('',#4519,1.5,0.25);
#36=TOROIDAL_SURFACE('',#4548,3.94999999999999,0.5);
#37=TOROIDAL_SURFACE('',#4553,3.94999999999999,0.5);
#38=TOROIDAL_SURFACE('',#4558,3.94999999999999,0.5);
#39=TOROIDAL_SURFACE('',#4563,3.94999999999999,0.5);
#40=B_SPLINE_CURVE_WITH_KNOTS('',3,(#6441,#6442,#6443,#6444,#6445,#6446,
#6447,#6448,#6449,#6450),.UNSPECIFIED.,.F.,.F.,(4,2,2,2,4),(0.0211568216229942,
0.039866786495982,0.0868821908078246,0.14471601470839,0.161003871122397),
 .UNSPECIFIED.);
#41=B_SPLINE_CURVE_WITH_KNOTS('',3,(#6457,#6458,#6459,#6460,#6461,#6462,
#6463,#6464,#6465,#6466),.UNSPECIFIED.,.F.,.F.,(4,2,2,2,4),(-0.227108546686411,
-0.148013509796306,-0.0864526110936821,-0.0388055288070194,-0.0211900730856981),
 .UNSPECIFIED.);
#42=B_SPLINE_CURVE_WITH_KNOTS('',3,(#6481,#6482,#6483,#6484),
 .UNSPECIFIED.,.F.,.F.,(4,4),(0.646953765448704,0.709687500102596),
 .UNSPECIFIED.);
#43=B_SPLINE_CURVE_WITH_KNOTS('',3,(#6489,#6490,#6491,#6492),
 .UNSPECIFIED.,.F.,.F.,(4,4),(0.1534912569916,0.221183455815325),
 .UNSPECIFIED.);
#44=B_SPLINE_CURVE_WITH_KNOTS('',3,(#6636,#6637,#6638,#6639,#6640,#6641,
#6642,#6643),.UNSPECIFIED.,.F.,.F.,(4,2,2,4),(0.298209795993404,0.374744213785273,
0.452195440165176,0.522304030289149),.UNSPECIFIED.);
#45=B_SPLINE_CURVE_WITH_KNOTS('',3,(#6658,#6659,#6660,#6661,#6662,#6663,
#6664,#6665,#6666,#6667,#6668,#6669),.UNSPECIFIED.,.F.,.F.,(4,2,2,2,2,4),
(2.19163144840563,2.25775556607102,2.3238796837364,2.3974409855449,2.45102563465276,
2.50936229697642),.UNSPECIFIED.);
#46=ELLIPSE('',#4406,1.69705521832388,1.19999925292518);
#47=FACE_BOUND('',#585,.T.);
#48=FACE_BOUND('',#629,.T.);
#49=FACE_BOUND('',#643,.T.);
#50=FACE_BOUND('',#644,.T.);
#51=FACE_BOUND('',#645,.T.);
#52=FACE_BOUND('',#646,.T.);
#53=FACE_BOUND('',#647,.T.);
#54=FACE_BOUND('',#648,.T.);
#55=FACE_BOUND('',#649,.T.);
#56=FACE_BOUND('',#650,.T.);
#57=FACE_BOUND('',#651,.T.);
#58=FACE_BOUND('',#652,.T.);
#59=FACE_BOUND('',#655,.T.);
#60=FACE_BOUND('',#658,.T.);
#61=FACE_BOUND('',#659,.T.);
#62=FACE_BOUND('',#660,.T.);
#63=FACE_BOUND('',#661,.T.);
#64=FACE_BOUND('',#662,.T.);
#65=FACE_BOUND('',#663,.T.);
#66=FACE_BOUND('',#664,.T.);
#67=FACE_BOUND('',#665,.T.);
#68=FACE_BOUND('',#666,.T.);
#69=FACE_BOUND('',#667,.T.);
#70=FACE_BOUND('',#669,.T.);
#71=FACE_BOUND('',#672,.T.);
#72=FACE_BOUND('',#676,.T.);
#73=FACE_BOUND('',#682,.T.);
#74=FACE_BOUND('',#692,.T.);
#75=FACE_BOUND('',#731,.T.);
#76=FACE_BOUND('',#732,.T.);
#77=FACE_BOUND('',#733,.T.);
#78=FACE_BOUND('',#734,.T.);
#79=FACE_BOUND('',#736,.T.);
#80=FACE_BOUND('',#737,.T.);
#81=FACE_BOUND('',#738,.T.);
#82=FACE_BOUND('',#739,.T.);
#83=CYLINDRICAL_SURFACE('',#4348,1.69999925300012);
#84=CYLINDRICAL_SURFACE('',#4351,1.69999925292489);
#85=CYLINDRICAL_SURFACE('',#4355,1.69999925292017);
#86=CYLINDRICAL_SURFACE('',#4358,1.69999925292015);
#87=CYLINDRICAL_SURFACE('',#4362,0.510000000000002);
#88=CYLINDRICAL_SURFACE('',#4365,0.510000000000002);
#89=CYLINDRICAL_SURFACE('',#4371,1.51);
#90=CYLINDRICAL_SURFACE('',#4374,1.51);
#91=CYLINDRICAL_SURFACE('',#4421,4.);
#92=CYLINDRICAL_SURFACE('',#4427,1.00000000001874);
#93=CYLINDRICAL_SURFACE('',#4436,20.8999999999718);
#94=CYLINDRICAL_SURFACE('',#4440,0.500000000009401);
#95=CYLINDRICAL_SURFACE('',#4447,21.3999999999717);
#96=CYLINDRICAL_SURFACE('',#4455,1.00000000000852);
#97=CYLINDRICAL_SURFACE('',#4464,20.3999999999303);
#98=CYLINDRICAL_SURFACE('',#4468,21.3999999999303);
#99=CYLINDRICAL_SURFACE('',#4479,2.);
#100=CYLINDRICAL_SURFACE('',#4505,0.25);
#101=CYLINDRICAL_SURFACE('',#4511,0.25);
#102=CYLINDRICAL_SURFACE('',#4517,0.25);
#103=CYLINDRICAL_SURFACE('',#4523,0.25);
#104=CYLINDRICAL_SURFACE('',#4524,1.19999925292021);
#105=CYLINDRICAL_SURFACE('',#4526,1.19999925292495);
#106=CYLINDRICAL_SURFACE('',#4528,1.19999925300018);
#107=CYLINDRICAL_SURFACE('',#4531,1.19999925292023);
#108=CYLINDRICAL_SURFACE('',#4533,1.69999925292015);
#109=CYLINDRICAL_SURFACE('',#4534,1.69999925300012);
#110=CYLINDRICAL_SURFACE('',#4536,1.69999925292489);
#111=CYLINDRICAL_SURFACE('',#4537,1.69999925292017);
#112=CYLINDRICAL_SURFACE('',#4545,0.5);
#113=CYLINDRICAL_SURFACE('',#4551,0.5);
#114=CYLINDRICAL_SURFACE('',#4556,0.5);
#115=CYLINDRICAL_SURFACE('',#4561,0.5);
#116=CYLINDRICAL_SURFACE('',#4566,1.51);
#117=CYLINDRICAL_SURFACE('',#4567,1.51);
#118=CYLINDRICAL_SURFACE('',#4571,0.510000000000002);
#119=CYLINDRICAL_SURFACE('',#4572,0.510000000000002);
#120=CYLINDRICAL_SURFACE('',#4594,0.999999252930261);
#121=CYLINDRICAL_SURFACE('',#4602,0.999999252925003);
#122=CIRCLE('',#4344,1.19999925292021);
#123=CIRCLE('',#4345,1.19999925300018);
#124=CIRCLE('',#4346,1.19999925292495);
#125=CIRCLE('',#4347,1.19999925292023);
#126=CIRCLE('',#4349,1.69999925300012);
#127=CIRCLE('',#4350,1.69999925300012);
#128=CIRCLE('',#4352,1.69999925292489);
#129=CIRCLE('',#4353,1.69999925292489);
#130=CIRCLE('',#4356,1.69999925292017);
#131=CIRCLE('',#4357,1.69999925292017);
#132=CIRCLE('',#4359,1.69999925292015);
#133=CIRCLE('',#4360,1.69999925292015);
#134=CIRCLE('',#4363,0.510000000000002);
#135=CIRCLE('',#4364,0.510000000000002);
#136=CIRCLE('',#4366,0.510000000000002);
#137=CIRCLE('',#4367,0.510000000000002);
#138=CIRCLE('',#4372,1.51);
#139=CIRCLE('',#4373,1.51);
#140=CIRCLE('',#4375,1.51);
#141=CIRCLE('',#4376,1.51);
#142=CIRCLE('',#4414,1.70000014940433);
#143=CIRCLE('',#4415,19.7000000000052);
#144=CIRCLE('',#4417,1.19999925292495);
#145=CIRCLE('',#4418,20.9000000000081);
#146=CIRCLE('',#4420,19.7000000000052);
#147=CIRCLE('',#4422,4.);
#148=CIRCLE('',#4423,4.);
#149=CIRCLE('',#4425,0.50000000001944);
#150=CIRCLE('',#4426,1.00000000002023);
#151=CIRCLE('',#4428,1.00000000001829);
#152=CIRCLE('',#4430,1.19999925292021);
#153=CIRCLE('',#4431,1.69999999993866);
#154=CIRCLE('',#4433,1.19999925292023);
#155=CIRCLE('',#4434,19.6999998505226);
#156=CIRCLE('',#4435,20.8999999999394);
#157=CIRCLE('',#4438,1.19999925300018);
#158=CIRCLE('',#4439,0.500000000003486);
#159=CIRCLE('',#4441,1.69999925300012);
#160=CIRCLE('',#4442,1.70000052290502);
#161=CIRCLE('',#4444,1.69999925292489);
#162=CIRCLE('',#4445,19.7000000000075);
#163=CIRCLE('',#4446,21.4000000000079);
#164=CIRCLE('',#4448,21.3999999999395);
#165=CIRCLE('',#4450,1.69999925292017);
#166=CIRCLE('',#4451,19.6999994769819);
#167=CIRCLE('',#4452,1.69999925292015);
#168=CIRCLE('',#4453,1.69999999993832);
#169=CIRCLE('',#4454,1.00000000001751);
#170=CIRCLE('',#4456,1.00000000000016);
#171=CIRCLE('',#4458,0.510000000000002);
#172=CIRCLE('',#4459,1.50999999999977);
#173=CIRCLE('',#4461,0.510000000000002);
#174=CIRCLE('',#4462,19.8899999999297);
#175=CIRCLE('',#4463,20.39999999993);
#176=CIRCLE('',#4465,20.399999999931);
#177=CIRCLE('',#4467,21.3999999999311);
#178=CIRCLE('',#4469,21.39999999993);
#179=CIRCLE('',#4471,1.51);
#180=CIRCLE('',#4472,19.889999999929);
#181=CIRCLE('',#4473,1.51);
#182=CIRCLE('',#4474,1.50999999999902);
#183=CIRCLE('',#4476,3.53302953090249);
#184=CIRCLE('',#4477,2.);
#185=CIRCLE('',#4478,1.69999925292015);
#186=CIRCLE('',#4480,2.);
#187=CIRCLE('',#4482,1.69999925292017);
#188=CIRCLE('',#4483,3.53302953090249);
#189=CIRCLE('',#4485,0.510000000000002);
#190=CIRCLE('',#4486,0.510000000000002);
#191=CIRCLE('',#4488,1.51);
#192=CIRCLE('',#4489,1.51);
#193=CIRCLE('',#4490,1.69999925300012);
#194=CIRCLE('',#4491,1.69999925292489);
#195=CIRCLE('',#4492,1.19999925292023);
#196=CIRCLE('',#4493,1.19999925292495);
#197=CIRCLE('',#4494,1.19999925300018);
#198=CIRCLE('',#4495,1.19999925292021);
#199=CIRCLE('',#4498,1.19999925292021);
#200=CIRCLE('',#4501,0.250000000000004);
#201=CIRCLE('',#4502,1.5);
#202=CIRCLE('',#4503,0.25);
#203=CIRCLE('',#4504,1.5);
#204=CIRCLE('',#4506,0.25);
#205=CIRCLE('',#4508,0.250000000000004);
#206=CIRCLE('',#4509,1.5);
#207=CIRCLE('',#4510,1.5);
#208=CIRCLE('',#4512,0.250000000000004);
#209=CIRCLE('',#4514,0.25);
#210=CIRCLE('',#4515,1.5);
#211=CIRCLE('',#4516,1.5);
#212=CIRCLE('',#4518,0.25);
#213=CIRCLE('',#4520,0.250000000000004);
#214=CIRCLE('',#4521,1.5);
#215=CIRCLE('',#4522,1.5);
#216=CIRCLE('',#4541,3.94999999999999);
#217=CIRCLE('',#4542,3.94999999999999);
#218=CIRCLE('',#4543,3.94999999999999);
#219=CIRCLE('',#4544,3.94999999999999);
#220=CIRCLE('',#4546,0.500000000000001);
#221=CIRCLE('',#4547,0.5);
#222=CIRCLE('',#4549,0.499999999999989);
#223=CIRCLE('',#4550,3.94999999999999);
#224=CIRCLE('',#4552,0.500000000000007);
#225=CIRCLE('',#4554,0.500000000000006);
#226=CIRCLE('',#4555,3.94999999999999);
#227=CIRCLE('',#4557,0.5);
#228=CIRCLE('',#4559,0.500000000000007);
#229=CIRCLE('',#4560,3.94999999999999);
#230=CIRCLE('',#4562,0.500000000000007);
#231=CIRCLE('',#4564,3.94999999999999);
#232=CIRCLE('',#4595,0.999999252930261);
#233=CIRCLE('',#4596,0.999999252930261);
#234=CIRCLE('',#4603,0.999999252925003);
#235=CIRCLE('',#4604,0.999999252925003);
#236=FACE_OUTER_BOUND('',#470,.T.);
#237=FACE_OUTER_BOUND('',#471,.T.);
#238=FACE_OUTER_BOUND('',#472,.T.);
#239=FACE_OUTER_BOUND('',#473,.T.);
#240=FACE_OUTER_BOUND('',#474,.T.);
#241=FACE_OUTER_BOUND('',#475,.T.);
#242=FACE_OUTER_BOUND('',#476,.T.);
#243=FACE_OUTER_BOUND('',#477,.T.);
#244=FACE_OUTER_BOUND('',#478,.T.);
#245=FACE_OUTER_BOUND('',#479,.T.);
#246=FACE_OUTER_BOUND('',#480,.T.);
#247=FACE_OUTER_BOUND('',#481,.T.);
#248=FACE_OUTER_BOUND('',#482,.T.);
#249=FACE_OUTER_BOUND('',#483,.T.);
#250=FACE_OUTER_BOUND('',#484,.T.);
#251=FACE_OUTER_BOUND('',#485,.T.);
#252=FACE_OUTER_BOUND('',#486,.T.);
#253=FACE_OUTER_BOUND('',#487,.T.);
#254=FACE_OUTER_BOUND('',#488,.T.);
#255=FACE_OUTER_BOUND('',#489,.T.);
#256=FACE_OUTER_BOUND('',#490,.T.);
#257=FACE_OUTER_BOUND('',#491,.T.);
#258=FACE_OUTER_BOUND('',#492,.T.);
#259=FACE_OUTER_BOUND('',#493,.T.);
#260=FACE_OUTER_BOUND('',#494,.T.);
#261=FACE_OUTER_BOUND('',#495,.T.);
#262=FACE_OUTER_BOUND('',#496,.T.);
#263=FACE_OUTER_BOUND('',#497,.T.);
#264=FACE_OUTER_BOUND('',#498,.T.);
#265=FACE_OUTER_BOUND('',#499,.T.);
#266=FACE_OUTER_BOUND('',#500,.T.);
#267=FACE_OUTER_BOUND('',#501,.T.);
#268=FACE_OUTER_BOUND('',#502,.T.);
#269=FACE_OUTER_BOUND('',#503,.T.);
#270=FACE_OUTER_BOUND('',#504,.T.);
#271=FACE_OUTER_BOUND('',#505,.T.);
#272=FACE_OUTER_BOUND('',#506,.T.);
#273=FACE_OUTER_BOUND('',#507,.T.);
#274=FACE_OUTER_BOUND('',#508,.T.);
#275=FACE_OUTER_BOUND('',#509,.T.);
#276=FACE_OUTER_BOUND('',#510,.T.);
#277=FACE_OUTER_BOUND('',#511,.T.);
#278=FACE_OUTER_BOUND('',#512,.T.);
#279=FACE_OUTER_BOUND('',#513,.T.);
#280=FACE_OUTER_BOUND('',#514,.T.);
#281=FACE_OUTER_BOUND('',#515,.T.);
#282=FACE_OUTER_BOUND('',#516,.T.);
#283=FACE_OUTER_BOUND('',#517,.T.);
#284=FACE_OUTER_BOUND('',#518,.T.);
#285=FACE_OUTER_BOUND('',#519,.T.);
#286=FACE_OUTER_BOUND('',#520,.T.);
#287=FACE_OUTER_BOUND('',#521,.T.);
#288=FACE_OUTER_BOUND('',#522,.T.);
#289=FACE_OUTER_BOUND('',#523,.T.);
#290=FACE_OUTER_BOUND('',#524,.T.);
#291=FACE_OUTER_BOUND('',#525,.T.);
#292=FACE_OUTER_BOUND('',#526,.T.);
#293=FACE_OUTER_BOUND('',#527,.T.);
#294=FACE_OUTER_BOUND('',#528,.T.);
#295=FACE_OUTER_BOUND('',#529,.T.);
#296=FACE_OUTER_BOUND('',#530,.T.);
#297=FACE_OUTER_BOUND('',#531,.T.);
#298=FACE_OUTER_BOUND('',#532,.T.);
#299=FACE_OUTER_BOUND('',#533,.T.);
#300=FACE_OUTER_BOUND('',#534,.T.);
#301=FACE_OUTER_BOUND('',#535,.T.);
#302=FACE_OUTER_BOUND('',#536,.T.);
#303=FACE_OUTER_BOUND('',#537,.T.);
#304=FACE_OUTER_BOUND('',#538,.T.);
#305=FACE_OUTER_BOUND('',#539,.T.);
#306=FACE_OUTER_BOUND('',#540,.T.);
#307=FACE_OUTER_BOUND('',#541,.T.);
#308=FACE_OUTER_BOUND('',#542,.T.);
#309=FACE_OUTER_BOUND('',#543,.T.);
#310=FACE_OUTER_BOUND('',#544,.T.);
#311=FACE_OUTER_BOUND('',#545,.T.);
#312=FACE_OUTER_BOUND('',#546,.T.);
#313=FACE_OUTER_BOUND('',#547,.T.);
#314=FACE_OUTER_BOUND('',#548,.T.);
#315=FACE_OUTER_BOUND('',#549,.T.);
#316=FACE_OUTER_BOUND('',#550,.T.);
#317=FACE_OUTER_BOUND('',#551,.T.);
#318=FACE_OUTER_BOUND('',#552,.T.);
#319=FACE_OUTER_BOUND('',#553,.T.);
#320=FACE_OUTER_BOUND('',#554,.T.);
#321=FACE_OUTER_BOUND('',#555,.T.);
#322=FACE_OUTER_BOUND('',#556,.T.);
#323=FACE_OUTER_BOUND('',#557,.T.);
#324=FACE_OUTER_BOUND('',#558,.T.);
#325=FACE_OUTER_BOUND('',#559,.T.);
#326=FACE_OUTER_BOUND('',#560,.T.);
#327=FACE_OUTER_BOUND('',#561,.T.);
#328=FACE_OUTER_BOUND('',#562,.T.);
#329=FACE_OUTER_BOUND('',#563,.T.);
#330=FACE_OUTER_BOUND('',#564,.T.);
#331=FACE_OUTER_BOUND('',#565,.T.);
#332=FACE_OUTER_BOUND('',#566,.T.);
#333=FACE_OUTER_BOUND('',#567,.T.);
#334=FACE_OUTER_BOUND('',#568,.T.);
#335=FACE_OUTER_BOUND('',#569,.T.);
#336=FACE_OUTER_BOUND('',#570,.T.);
#337=FACE_OUTER_BOUND('',#571,.T.);
#338=FACE_OUTER_BOUND('',#572,.T.);
#339=FACE_OUTER_BOUND('',#573,.T.);
#340=FACE_OUTER_BOUND('',#574,.T.);
#341=FACE_OUTER_BOUND('',#575,.T.);
#342=FACE_OUTER_BOUND('',#576,.T.);
#343=FACE_OUTER_BOUND('',#577,.T.);
#344=FACE_OUTER_BOUND('',#578,.T.);
#345=FACE_OUTER_BOUND('',#579,.T.);
#346=FACE_OUTER_BOUND('',#580,.T.);
#347=FACE_OUTER_BOUND('',#581,.T.);
#348=FACE_OUTER_BOUND('',#582,.T.);
#349=FACE_OUTER_BOUND('',#583,.T.);
#350=FACE_OUTER_BOUND('',#584,.T.);
#351=FACE_OUTER_BOUND('',#586,.T.);
#352=FACE_OUTER_BOUND('',#587,.T.);
#353=FACE_OUTER_BOUND('',#588,.T.);
#354=FACE_OUTER_BOUND('',#589,.T.);
#355=FACE_OUTER_BOUND('',#590,.T.);
#356=FACE_OUTER_BOUND('',#591,.T.);
#357=FACE_OUTER_BOUND('',#592,.T.);
#358=FACE_OUTER_BOUND('',#593,.T.);
#359=FACE_OUTER_BOUND('',#594,.T.);
#360=FACE_OUTER_BOUND('',#595,.T.);
#361=FACE_OUTER_BOUND('',#596,.T.);
#362=FACE_OUTER_BOUND('',#597,.T.);
#363=FACE_OUTER_BOUND('',#598,.T.);
#364=FACE_OUTER_BOUND('',#599,.T.);
#365=FACE_OUTER_BOUND('',#600,.T.);
#366=FACE_OUTER_BOUND('',#601,.T.);
#367=FACE_OUTER_BOUND('',#602,.T.);
#368=FACE_OUTER_BOUND('',#603,.T.);
#369=FACE_OUTER_BOUND('',#604,.T.);
#370=FACE_OUTER_BOUND('',#605,.T.);
#371=FACE_OUTER_BOUND('',#606,.T.);
#372=FACE_OUTER_BOUND('',#607,.T.);
#373=FACE_OUTER_BOUND('',#608,.T.);
#374=FACE_OUTER_BOUND('',#609,.T.);
#375=FACE_OUTER_BOUND('',#610,.T.);
#376=FACE_OUTER_BOUND('',#611,.T.);
#377=FACE_OUTER_BOUND('',#612,.T.);
#378=FACE_OUTER_BOUND('',#613,.T.);
#379=FACE_OUTER_BOUND('',#614,.T.);
#380=FACE_OUTER_BOUND('',#615,.T.);
#381=FACE_OUTER_BOUND('',#616,.T.);
#382=FACE_OUTER_BOUND('',#617,.T.);
#383=FACE_OUTER_BOUND('',#618,.T.);
#384=FACE_OUTER_BOUND('',#619,.T.);
#385=FACE_OUTER_BOUND('',#620,.T.);
#386=FACE_OUTER_BOUND('',#621,.T.);
#387=FACE_OUTER_BOUND('',#622,.T.);
#388=FACE_OUTER_BOUND('',#623,.T.);
#389=FACE_OUTER_BOUND('',#624,.T.);
#390=FACE_OUTER_BOUND('',#625,.T.);
#391=FACE_OUTER_BOUND('',#626,.T.);
#392=FACE_OUTER_BOUND('',#627,.T.);
#393=FACE_OUTER_BOUND('',#628,.T.);
#394=FACE_OUTER_BOUND('',#630,.T.);
#395=FACE_OUTER_BOUND('',#631,.T.);
#396=FACE_OUTER_BOUND('',#632,.T.);
#397=FACE_OUTER_BOUND('',#633,.T.);
#398=FACE_OUTER_BOUND('',#634,.T.);
#399=FACE_OUTER_BOUND('',#635,.T.);
#400=FACE_OUTER_BOUND('',#636,.T.);
#401=FACE_OUTER_BOUND('',#637,.T.);
#402=FACE_OUTER_BOUND('',#638,.T.);
#403=FACE_OUTER_BOUND('',#639,.T.);
#404=FACE_OUTER_BOUND('',#640,.T.);
#405=FACE_OUTER_BOUND('',#641,.T.);
#406=FACE_OUTER_BOUND('',#642,.T.);
#407=FACE_OUTER_BOUND('',#653,.T.);
#408=FACE_OUTER_BOUND('',#654,.T.);
#409=FACE_OUTER_BOUND('',#656,.T.);
#410=FACE_OUTER_BOUND('',#657,.T.);
#411=FACE_OUTER_BOUND('',#668,.T.);
#412=FACE_OUTER_BOUND('',#670,.T.);
#413=FACE_OUTER_BOUND('',#671,.T.);
#414=FACE_OUTER_BOUND('',#673,.T.);
#415=FACE_OUTER_BOUND('',#674,.T.);
#416=FACE_OUTER_BOUND('',#675,.T.);
#417=FACE_OUTER_BOUND('',#677,.T.);
#418=FACE_OUTER_BOUND('',#678,.T.);
#419=FACE_OUTER_BOUND('',#679,.T.);
#420=FACE_OUTER_BOUND('',#680,.T.);
#421=FACE_OUTER_BOUND('',#681,.T.);
#422=FACE_OUTER_BOUND('',#683,.T.);
#423=FACE_OUTER_BOUND('',#684,.T.);
#424=FACE_OUTER_BOUND('',#685,.T.);
#425=FACE_OUTER_BOUND('',#686,.T.);
#426=FACE_OUTER_BOUND('',#687,.T.);
#427=FACE_OUTER_BOUND('',#688,.T.);
#428=FACE_OUTER_BOUND('',#689,.T.);
#429=FACE_OUTER_BOUND('',#690,.T.);
#430=FACE_OUTER_BOUND('',#691,.T.);
#431=FACE_OUTER_BOUND('',#693,.T.);
#432=FACE_OUTER_BOUND('',#694,.T.);
#433=FACE_OUTER_BOUND('',#695,.T.);
#434=FACE_OUTER_BOUND('',#696,.T.);
#435=FACE_OUTER_BOUND('',#697,.T.);
#436=FACE_OUTER_BOUND('',#698,.T.);
#437=FACE_OUTER_BOUND('',#699,.T.);
#438=FACE_OUTER_BOUND('',#700,.T.);
#439=FACE_OUTER_BOUND('',#701,.T.);
#440=FACE_OUTER_BOUND('',#702,.T.);
#441=FACE_OUTER_BOUND('',#703,.T.);
#442=FACE_OUTER_BOUND('',#704,.T.);
#443=FACE_OUTER_BOUND('',#705,.T.);
#444=FACE_OUTER_BOUND('',#706,.T.);
#445=FACE_OUTER_BOUND('',#707,.T.);
#446=FACE_OUTER_BOUND('',#708,.T.);
#447=FACE_OUTER_BOUND('',#709,.T.);
#448=FACE_OUTER_BOUND('',#710,.T.);
#449=FACE_OUTER_BOUND('',#711,.T.);
#450=FACE_OUTER_BOUND('',#712,.T.);
#451=FACE_OUTER_BOUND('',#713,.T.);
#452=FACE_OUTER_BOUND('',#714,.T.);
#453=FACE_OUTER_BOUND('',#715,.T.);
#454=FACE_OUTER_BOUND('',#716,.T.);
#455=FACE_OUTER_BOUND('',#717,.T.);
#456=FACE_OUTER_BOUND('',#718,.T.);
#457=FACE_OUTER_BOUND('',#719,.T.);
#458=FACE_OUTER_BOUND('',#720,.T.);
#459=FACE_OUTER_BOUND('',#721,.T.);
#460=FACE_OUTER_BOUND('',#722,.T.);
#461=FACE_OUTER_BOUND('',#723,.T.);
#462=FACE_OUTER_BOUND('',#724,.T.);
#463=FACE_OUTER_BOUND('',#725,.T.);
#464=FACE_OUTER_BOUND('',#726,.T.);
#465=FACE_OUTER_BOUND('',#727,.T.);
#466=FACE_OUTER_BOUND('',#728,.T.);
#467=FACE_OUTER_BOUND('',#729,.T.);
#468=FACE_OUTER_BOUND('',#730,.T.);
#469=FACE_OUTER_BOUND('',#735,.T.);
#470=EDGE_LOOP('',(#2658,#2659,#2660,#2661));
#471=EDGE_LOOP('',(#2662,#2663,#2664));
#472=EDGE_LOOP('',(#2665,#2666,#2667));
#473=EDGE_LOOP('',(#2668,#2669,#2670,#2671));
#474=EDGE_LOOP('',(#2672,#2673,#2674,#2675));
#475=EDGE_LOOP('',(#2676,#2677,#2678));
#476=EDGE_LOOP('',(#2679,#2680,#2681));
#477=EDGE_LOOP('',(#2682,#2683,#2684,#2685));
#478=EDGE_LOOP('',(#2686,#2687,#2688,#2689));
#479=EDGE_LOOP('',(#2690,#2691,#2692));
#480=EDGE_LOOP('',(#2693,#2694,#2695));
#481=EDGE_LOOP('',(#2696,#2697,#2698,#2699));
#482=EDGE_LOOP('',(#2700,#2701,#2702,#2703));
#483=EDGE_LOOP('',(#2704,#2705,#2706));
#484=EDGE_LOOP('',(#2707,#2708,#2709));
#485=EDGE_LOOP('',(#2710,#2711,#2712,#2713));
#486=EDGE_LOOP('',(#2714,#2715,#2716,#2717));
#487=EDGE_LOOP('',(#2718,#2719,#2720));
#488=EDGE_LOOP('',(#2721,#2722,#2723));
#489=EDGE_LOOP('',(#2724,#2725,#2726,#2727));
#490=EDGE_LOOP('',(#2728,#2729,#2730,#2731));
#491=EDGE_LOOP('',(#2732,#2733,#2734));
#492=EDGE_LOOP('',(#2735,#2736,#2737));
#493=EDGE_LOOP('',(#2738,#2739,#2740,#2741));
#494=EDGE_LOOP('',(#2742,#2743,#2744,#2745));
#495=EDGE_LOOP('',(#2746,#2747,#2748));
#496=EDGE_LOOP('',(#2749,#2750,#2751));
#497=EDGE_LOOP('',(#2752,#2753,#2754,#2755));
#498=EDGE_LOOP('',(#2756,#2757,#2758,#2759));
#499=EDGE_LOOP('',(#2760,#2761,#2762));
#500=EDGE_LOOP('',(#2763,#2764,#2765));
#501=EDGE_LOOP('',(#2766,#2767,#2768,#2769));
#502=EDGE_LOOP('',(#2770,#2771,#2772,#2773));
#503=EDGE_LOOP('',(#2774,#2775,#2776));
#504=EDGE_LOOP('',(#2777,#2778,#2779));
#505=EDGE_LOOP('',(#2780,#2781,#2782,#2783));
#506=EDGE_LOOP('',(#2784,#2785,#2786,#2787));
#507=EDGE_LOOP('',(#2788,#2789,#2790));
#508=EDGE_LOOP('',(#2791,#2792,#2793));
#509=EDGE_LOOP('',(#2794,#2795,#2796,#2797));
#510=EDGE_LOOP('',(#2798,#2799,#2800,#2801));
#511=EDGE_LOOP('',(#2802,#2803,#2804));
#512=EDGE_LOOP('',(#2805,#2806,#2807));
#513=EDGE_LOOP('',(#2808,#2809,#2810,#2811));
#514=EDGE_LOOP('',(#2812,#2813,#2814,#2815));
#515=EDGE_LOOP('',(#2816,#2817,#2818));
#516=EDGE_LOOP('',(#2819,#2820,#2821));
#517=EDGE_LOOP('',(#2822,#2823,#2824,#2825));
#518=EDGE_LOOP('',(#2826,#2827,#2828,#2829));
#519=EDGE_LOOP('',(#2830,#2831,#2832));
#520=EDGE_LOOP('',(#2833,#2834,#2835));
#521=EDGE_LOOP('',(#2836,#2837,#2838,#2839));
#522=EDGE_LOOP('',(#2840,#2841,#2842,#2843));
#523=EDGE_LOOP('',(#2844,#2845,#2846));
#524=EDGE_LOOP('',(#2847,#2848,#2849));
#525=EDGE_LOOP('',(#2850,#2851,#2852,#2853));
#526=EDGE_LOOP('',(#2854,#2855,#2856,#2857));
#527=EDGE_LOOP('',(#2858,#2859,#2860));
#528=EDGE_LOOP('',(#2861,#2862,#2863));
#529=EDGE_LOOP('',(#2864,#2865,#2866,#2867));
#530=EDGE_LOOP('',(#2868,#2869,#2870,#2871));
#531=EDGE_LOOP('',(#2872,#2873,#2874));
#532=EDGE_LOOP('',(#2875,#2876,#2877));
#533=EDGE_LOOP('',(#2878,#2879,#2880,#2881));
#534=EDGE_LOOP('',(#2882,#2883,#2884,#2885));
#535=EDGE_LOOP('',(#2886,#2887,#2888));
#536=EDGE_LOOP('',(#2889,#2890,#2891));
#537=EDGE_LOOP('',(#2892,#2893,#2894,#2895));
#538=EDGE_LOOP('',(#2896,#2897,#2898,#2899));
#539=EDGE_LOOP('',(#2900,#2901,#2902));
#540=EDGE_LOOP('',(#2903,#2904,#2905));
#541=EDGE_LOOP('',(#2906,#2907,#2908,#2909));
#542=EDGE_LOOP('',(#2910,#2911,#2912,#2913));
#543=EDGE_LOOP('',(#2914,#2915,#2916));
#544=EDGE_LOOP('',(#2917,#2918,#2919));
#545=EDGE_LOOP('',(#2920,#2921,#2922,#2923));
#546=EDGE_LOOP('',(#2924,#2925,#2926,#2927));
#547=EDGE_LOOP('',(#2928,#2929,#2930));
#548=EDGE_LOOP('',(#2931,#2932,#2933));
#549=EDGE_LOOP('',(#2934,#2935,#2936,#2937));
#550=EDGE_LOOP('',(#2938,#2939,#2940,#2941,#2942,#2943,#2944,#2945,#2946,
#2947));
#551=EDGE_LOOP('',(#2948,#2949,#2950,#2951));
#552=EDGE_LOOP('',(#2952,#2953,#2954,#2955));
#553=EDGE_LOOP('',(#2956,#2957,#2958,#2959));
#554=EDGE_LOOP('',(#2960,#2961,#2962,#2963));
#555=EDGE_LOOP('',(#2964,#2965,#2966,#2967));
#556=EDGE_LOOP('',(#2968,#2969,#2970,#2971));
#557=EDGE_LOOP('',(#2972,#2973,#2974,#2975));
#558=EDGE_LOOP('',(#2976,#2977,#2978,#2979));
#559=EDGE_LOOP('',(#2980,#2981,#2982,#2983));
#560=EDGE_LOOP('',(#2984,#2985,#2986,#2987));
#561=EDGE_LOOP('',(#2988,#2989,#2990,#2991));
#562=EDGE_LOOP('',(#2992,#2993,#2994,#2995));
#563=EDGE_LOOP('',(#2996,#2997,#2998,#2999));
#564=EDGE_LOOP('',(#3000,#3001,#3002,#3003));
#565=EDGE_LOOP('',(#3004,#3005,#3006,#3007,#3008,#3009,#3010,#3011,#3012,
#3013,#3014,#3015,#3016,#3017,#3018,#3019,#3020,#3021));
#566=EDGE_LOOP('',(#3022,#3023,#3024,#3025));
#567=EDGE_LOOP('',(#3026,#3027,#3028,#3029));
#568=EDGE_LOOP('',(#3030,#3031,#3032,#3033));
#569=EDGE_LOOP('',(#3034,#3035,#3036,#3037));
#570=EDGE_LOOP('',(#3038,#3039,#3040,#3041));
#571=EDGE_LOOP('',(#3042,#3043,#3044,#3045,#3046));
#572=EDGE_LOOP('',(#3047,#3048,#3049,#3050,#3051,#3052,#3053,#3054,#3055,
#3056,#3057,#3058));
#573=EDGE_LOOP('',(#3059,#3060,#3061,#3062));
#574=EDGE_LOOP('',(#3063,#3064,#3065,#3066,#3067));
#575=EDGE_LOOP('',(#3068,#3069,#3070,#3071,#3072));
#576=EDGE_LOOP('',(#3073,#3074,#3075,#3076));
#577=EDGE_LOOP('',(#3077,#3078,#3079,#3080));
#578=EDGE_LOOP('',(#3081,#3082,#3083,#3084));
#579=EDGE_LOOP('',(#3085,#3086,#3087,#3088));
#580=EDGE_LOOP('',(#3089,#3090,#3091,#3092));
#581=EDGE_LOOP('',(#3093,#3094,#3095,#3096,#3097,#3098));
#582=EDGE_LOOP('',(#3099,#3100,#3101,#3102,#3103,#3104));
#583=EDGE_LOOP('',(#3105,#3106,#3107,#3108));
#584=EDGE_LOOP('',(#3109,#3110,#3111,#3112,#3113,#3114,#3115,#3116,#3117,
#3118,#3119,#3120,#3121,#3122,#3123,#3124,#3125,#3126,#3127,#3128));
#585=EDGE_LOOP('',(#3129,#3130,#3131,#3132));
#586=EDGE_LOOP('',(#3133,#3134,#3135,#3136));
#587=EDGE_LOOP('',(#3137,#3138,#3139,#3140,#3141,#3142));
#588=EDGE_LOOP('',(#3143,#3144,#3145,#3146,#3147,#3148));
#589=EDGE_LOOP('',(#3149,#3150,#3151,#3152));
#590=EDGE_LOOP('',(#3153,#3154,#3155,#3156));
#591=EDGE_LOOP('',(#3157,#3158,#3159,#3160,#3161));
#592=EDGE_LOOP('',(#3162,#3163,#3164,#3165));
#593=EDGE_LOOP('',(#3166,#3167,#3168,#3169,#3170,#3171,#3172,#3173,#3174,
#3175));
#594=EDGE_LOOP('',(#3176,#3177,#3178,#3179,#3180));
#595=EDGE_LOOP('',(#3181,#3182,#3183,#3184));
#596=EDGE_LOOP('',(#3185,#3186,#3187,#3188));
#597=EDGE_LOOP('',(#3189,#3190,#3191,#3192,#3193));
#598=EDGE_LOOP('',(#3194,#3195,#3196,#3197,#3198));
#599=EDGE_LOOP('',(#3199,#3200,#3201,#3202));
#600=EDGE_LOOP('',(#3203,#3204,#3205,#3206,#3207,#3208,#3209,#3210,#3211,
#3212));
#601=EDGE_LOOP('',(#3213,#3214,#3215,#3216,#3217,#3218));
#602=EDGE_LOOP('',(#3219,#3220,#3221));
#603=EDGE_LOOP('',(#3222,#3223,#3224,#3225));
#604=EDGE_LOOP('',(#3226,#3227,#3228,#3229));
#605=EDGE_LOOP('',(#3230,#3231,#3232,#3233));
#606=EDGE_LOOP('',(#3234,#3235,#3236,#3237));
#607=EDGE_LOOP('',(#3238,#3239,#3240,#3241));
#608=EDGE_LOOP('',(#3242,#3243,#3244,#3245));
#609=EDGE_LOOP('',(#3246,#3247,#3248,#3249));
#610=EDGE_LOOP('',(#3250,#3251,#3252,#3253));
#611=EDGE_LOOP('',(#3254,#3255,#3256));
#612=EDGE_LOOP('',(#3257,#3258,#3259,#3260));
#613=EDGE_LOOP('',(#3261,#3262,#3263,#3264));
#614=EDGE_LOOP('',(#3265,#3266,#3267,#3268));
#615=EDGE_LOOP('',(#3269,#3270,#3271,#3272));
#616=EDGE_LOOP('',(#3273,#3274,#3275,#3276));
#617=EDGE_LOOP('',(#3277,#3278,#3279,#3280));
#618=EDGE_LOOP('',(#3281,#3282,#3283,#3284));
#619=EDGE_LOOP('',(#3285,#3286,#3287,#3288));
#620=EDGE_LOOP('',(#3289,#3290,#3291,#3292));
#621=EDGE_LOOP('',(#3293,#3294,#3295,#3296));
#622=EDGE_LOOP('',(#3297,#3298,#3299,#3300));
#623=EDGE_LOOP('',(#3301,#3302,#3303));
#624=EDGE_LOOP('',(#3304,#3305,#3306,#3307));
#625=EDGE_LOOP('',(#3308,#3309,#3310,#3311));
#626=EDGE_LOOP('',(#3312,#3313,#3314,#3315));
#627=EDGE_LOOP('',(#3316,#3317,#3318,#3319,#3320,#3321,#3322,#3323,#3324,
#3325));
#628=EDGE_LOOP('',(#3326,#3327,#3328,#3329,#3330,#3331,#3332,#3333));
#629=EDGE_LOOP('',(#3334,#3335,#3336,#3337,#3338,#3339,#3340,#3341));
#630=EDGE_LOOP('',(#3342,#3343,#3344,#3345));
#631=EDGE_LOOP('',(#3346,#3347,#3348,#3349));
#632=EDGE_LOOP('',(#3350,#3351,#3352,#3353));
#633=EDGE_LOOP('',(#3354,#3355,#3356,#3357));
#634=EDGE_LOOP('',(#3358,#3359,#3360,#3361));
#635=EDGE_LOOP('',(#3362,#3363,#3364,#3365));
#636=EDGE_LOOP('',(#3366,#3367,#3368,#3369));
#637=EDGE_LOOP('',(#3370,#3371,#3372,#3373));
#638=EDGE_LOOP('',(#3374,#3375,#3376,#3377));
#639=EDGE_LOOP('',(#3378,#3379,#3380,#3381));
#640=EDGE_LOOP('',(#3382,#3383,#3384,#3385));
#641=EDGE_LOOP('',(#3386,#3387,#3388,#3389,#3390,#3391));
#642=EDGE_LOOP('',(#3392,#3393,#3394,#3395));
#643=EDGE_LOOP('',(#3396,#3397,#3398,#3399));
#644=EDGE_LOOP('',(#3400,#3401,#3402,#3403));
#645=EDGE_LOOP('',(#3404,#3405,#3406,#3407));
#646=EDGE_LOOP('',(#3408,#3409,#3410,#3411));
#647=EDGE_LOOP('',(#3412,#3413,#3414,#3415));
#648=EDGE_LOOP('',(#3416,#3417,#3418,#3419));
#649=EDGE_LOOP('',(#3420,#3421,#3422,#3423));
#650=EDGE_LOOP('',(#3424,#3425,#3426,#3427));
#651=EDGE_LOOP('',(#3428,#3429,#3430,#3431));
#652=EDGE_LOOP('',(#3432,#3433,#3434,#3435));
#653=EDGE_LOOP('',(#3436,#3437,#3438,#3439,#3440));
#654=EDGE_LOOP('',(#3441,#3442,#3443,#3444,#3445));
#655=EDGE_LOOP('',(#3446));
#656=EDGE_LOOP('',(#3447,#3448,#3449,#3450));
#657=EDGE_LOOP('',(#3451,#3452,#3453,#3454,#3455,#3456));
#658=EDGE_LOOP('',(#3457,#3458,#3459,#3460));
#659=EDGE_LOOP('',(#3461,#3462,#3463,#3464));
#660=EDGE_LOOP('',(#3465,#3466,#3467,#3468));
#661=EDGE_LOOP('',(#3469,#3470,#3471,#3472));
#662=EDGE_LOOP('',(#3473,#3474,#3475,#3476));
#663=EDGE_LOOP('',(#3477,#3478,#3479,#3480));
#664=EDGE_LOOP('',(#3481,#3482,#3483,#3484));
#665=EDGE_LOOP('',(#3485,#3486,#3487,#3488));
#666=EDGE_LOOP('',(#3489,#3490,#3491,#3492));
#667=EDGE_LOOP('',(#3493,#3494,#3495,#3496));
#668=EDGE_LOOP('',(#3497,#3498,#3499,#3500,#3501,#3502));
#669=EDGE_LOOP('',(#3503,#3504,#3505,#3506,#3507,#3508,#3509,#3510));
#670=EDGE_LOOP('',(#3511,#3512,#3513,#3514));
#671=EDGE_LOOP('',(#3515,#3516,#3517,#3518,#3519,#3520,#3521,#3522));
#672=EDGE_LOOP('',(#3523,#3524,#3525,#3526,#3527,#3528,#3529,#3530));
#673=EDGE_LOOP('',(#3531,#3532,#3533,#3534));
#674=EDGE_LOOP('',(#3535,#3536,#3537,#3538));
#675=EDGE_LOOP('',(#3539,#3540,#3541,#3542,#3543,#3544,#3545,#3546));
#676=EDGE_LOOP('',(#3547));
#677=EDGE_LOOP('',(#3548,#3549,#3550,#3551));
#678=EDGE_LOOP('',(#3552,#3553,#3554,#3555));
#679=EDGE_LOOP('',(#3556,#3557,#3558,#3559));
#680=EDGE_LOOP('',(#3560,#3561,#3562,#3563,#3564));
#681=EDGE_LOOP('',(#3565,#3566,#3567,#3568,#3569,#3570,#3571,#3572));
#682=EDGE_LOOP('',(#3573,#3574,#3575,#3576,#3577,#3578,#3579,#3580));
#683=EDGE_LOOP('',(#3581,#3582,#3583,#3584));
#684=EDGE_LOOP('',(#3585,#3586,#3587,#3588));
#685=EDGE_LOOP('',(#3589,#3590,#3591,#3592));
#686=EDGE_LOOP('',(#3593,#3594,#3595,#3596));
#687=EDGE_LOOP('',(#3597,#3598,#3599,#3600));
#688=EDGE_LOOP('',(#3601,#3602,#3603,#3604));
#689=EDGE_LOOP('',(#3605,#3606,#3607,#3608));
#690=EDGE_LOOP('',(#3609,#3610,#3611,#3612));
#691=EDGE_LOOP('',(#3613,#3614,#3615,#3616,#3617,#3618,#3619,#3620));
#692=EDGE_LOOP('',(#3621,#3622,#3623,#3624,#3625,#3626,#3627,#3628));
#693=EDGE_LOOP('',(#3629,#3630,#3631,#3632));
#694=EDGE_LOOP('',(#3633,#3634,#3635,#3636));
#695=EDGE_LOOP('',(#3637,#3638,#3639,#3640,#3641,#3642,#3643,#3644,#3645));
#696=EDGE_LOOP('',(#3646,#3647,#3648,#3649));
#697=EDGE_LOOP('',(#3650,#3651,#3652,#3653));
#698=EDGE_LOOP('',(#3654,#3655,#3656,#3657));
#699=EDGE_LOOP('',(#3658,#3659,#3660,#3661));
#700=EDGE_LOOP('',(#3662,#3663,#3664,#3665));
#701=EDGE_LOOP('',(#3666,#3667,#3668,#3669));
#702=EDGE_LOOP('',(#3670,#3671,#3672,#3673));
#703=EDGE_LOOP('',(#3674,#3675,#3676,#3677));
#704=EDGE_LOOP('',(#3678,#3679,#3680,#3681));
#705=EDGE_LOOP('',(#3682,#3683,#3684,#3685));
#706=EDGE_LOOP('',(#3686,#3687,#3688,#3689));
#707=EDGE_LOOP('',(#3690,#3691,#3692,#3693));
#708=EDGE_LOOP('',(#3694,#3695,#3696,#3697));
#709=EDGE_LOOP('',(#3698,#3699,#3700,#3701));
#710=EDGE_LOOP('',(#3702,#3703,#3704,#3705));
#711=EDGE_LOOP('',(#3706,#3707,#3708,#3709));
#712=EDGE_LOOP('',(#3710,#3711,#3712,#3713));
#713=EDGE_LOOP('',(#3714,#3715,#3716,#3717));
#714=EDGE_LOOP('',(#3718,#3719,#3720,#3721));
#715=EDGE_LOOP('',(#3722,#3723,#3724,#3725));
#716=EDGE_LOOP('',(#3726,#3727,#3728,#3729));
#717=EDGE_LOOP('',(#3730,#3731,#3732,#3733));
#718=EDGE_LOOP('',(#3734,#3735,#3736,#3737));
#719=EDGE_LOOP('',(#3738,#3739,#3740,#3741));
#720=EDGE_LOOP('',(#3742,#3743,#3744,#3745));
#721=EDGE_LOOP('',(#3746,#3747,#3748,#3749));
#722=EDGE_LOOP('',(#3750,#3751,#3752,#3753));
#723=EDGE_LOOP('',(#3754,#3755,#3756,#3757));
#724=EDGE_LOOP('',(#3758,#3759,#3760,#3761));
#725=EDGE_LOOP('',(#3762,#3763,#3764,#3765));
#726=EDGE_LOOP('',(#3766,#3767,#3768,#3769));
#727=EDGE_LOOP('',(#3770,#3771,#3772,#3773));
#728=EDGE_LOOP('',(#3774,#3775,#3776,#3777));
#729=EDGE_LOOP('',(#3778,#3779,#3780,#3781));
#730=EDGE_LOOP('',(#3782,#3783,#3784,#3785,#3786,#3787,#3788,#3789,#3790,
#3791,#3792,#3793,#3794,#3795));
#731=EDGE_LOOP('',(#3796,#3797,#3798,#3799));
#732=EDGE_LOOP('',(#3800,#3801,#3802,#3803));
#733=EDGE_LOOP('',(#3804,#3805,#3806,#3807));
#734=EDGE_LOOP('',(#3808,#3809,#3810,#3811));
#735=EDGE_LOOP('',(#3812,#3813,#3814,#3815,#3816,#3817,#3818,#3819,#3820,
#3821,#3822,#3823,#3824,#3825));
#736=EDGE_LOOP('',(#3826,#3827,#3828,#3829));
#737=EDGE_LOOP('',(#3830,#3831,#3832,#3833));
#738=EDGE_LOOP('',(#3834,#3835,#3836,#3837));
#739=EDGE_LOOP('',(#3838,#3839,#3840,#3841));
#740=LINE('',#5778,#1211);
#741=LINE('',#5780,#1212);
#742=LINE('',#5782,#1213);
#743=LINE('',#5783,#1214);
#744=LINE('',#5786,#1215);
#745=LINE('',#5787,#1216);
#746=LINE('',#5790,#1217);
#747=LINE('',#5791,#1218);
#748=LINE('',#5793,#1219);
#749=LINE('',#5797,#1220);
#750=LINE('',#5799,#1221);
#751=LINE('',#5801,#1222);
#752=LINE('',#5802,#1223);
#753=LINE('',#5805,#1224);
#754=LINE('',#5806,#1225);
#755=LINE('',#5809,#1226);
#756=LINE('',#5810,#1227);
#757=LINE('',#5812,#1228);
#758=LINE('',#5816,#1229);
#759=LINE('',#5818,#1230);
#760=LINE('',#5820,#1231);
#761=LINE('',#5821,#1232);
#762=LINE('',#5824,#1233);
#763=LINE('',#5825,#1234);
#764=LINE('',#5828,#1235);
#765=LINE('',#5829,#1236);
#766=LINE('',#5831,#1237);
#767=LINE('',#5835,#1238);
#768=LINE('',#5837,#1239);
#769=LINE('',#5839,#1240);
#770=LINE('',#5840,#1241);
#771=LINE('',#5843,#1242);
#772=LINE('',#5844,#1243);
#773=LINE('',#5847,#1244);
#774=LINE('',#5848,#1245);
#775=LINE('',#5850,#1246);
#776=LINE('',#5854,#1247);
#777=LINE('',#5856,#1248);
#778=LINE('',#5858,#1249);
#779=LINE('',#5859,#1250);
#780=LINE('',#5862,#1251);
#781=LINE('',#5863,#1252);
#782=LINE('',#5866,#1253);
#783=LINE('',#5867,#1254);
#784=LINE('',#5869,#1255);
#785=LINE('',#5873,#1256);
#786=LINE('',#5875,#1257);
#787=LINE('',#5877,#1258);
#788=LINE('',#5878,#1259);
#789=LINE('',#5881,#1260);
#790=LINE('',#5882,#1261);
#791=LINE('',#5885,#1262);
#792=LINE('',#5886,#1263);
#793=LINE('',#5888,#1264);
#794=LINE('',#5892,#1265);
#795=LINE('',#5894,#1266);
#796=LINE('',#5896,#1267);
#797=LINE('',#5897,#1268);
#798=LINE('',#5900,#1269);
#799=LINE('',#5901,#1270);
#800=LINE('',#5904,#1271);
#801=LINE('',#5905,#1272);
#802=LINE('',#5907,#1273);
#803=LINE('',#5911,#1274);
#804=LINE('',#5913,#1275);
#805=LINE('',#5915,#1276);
#806=LINE('',#5916,#1277);
#807=LINE('',#5919,#1278);
#808=LINE('',#5920,#1279);
#809=LINE('',#5923,#1280);
#810=LINE('',#5924,#1281);
#811=LINE('',#5926,#1282);
#812=LINE('',#5930,#1283);
#813=LINE('',#5932,#1284);
#814=LINE('',#5934,#1285);
#815=LINE('',#5935,#1286);
#816=LINE('',#5938,#1287);
#817=LINE('',#5939,#1288);
#818=LINE('',#5942,#1289);
#819=LINE('',#5943,#1290);
#820=LINE('',#5945,#1291);
#821=LINE('',#5949,#1292);
#822=LINE('',#5951,#1293);
#823=LINE('',#5953,#1294);
#824=LINE('',#5954,#1295);
#825=LINE('',#5957,#1296);
#826=LINE('',#5958,#1297);
#827=LINE('',#5961,#1298);
#828=LINE('',#5962,#1299);
#829=LINE('',#5964,#1300);
#830=LINE('',#5968,#1301);
#831=LINE('',#5970,#1302);
#832=LINE('',#5972,#1303);
#833=LINE('',#5973,#1304);
#834=LINE('',#5976,#1305);
#835=LINE('',#5977,#1306);
#836=LINE('',#5980,#1307);
#837=LINE('',#5981,#1308);
#838=LINE('',#5983,#1309);
#839=LINE('',#5987,#1310);
#840=LINE('',#5989,#1311);
#841=LINE('',#5991,#1312);
#842=LINE('',#5992,#1313);
#843=LINE('',#5995,#1314);
#844=LINE('',#5996,#1315);
#845=LINE('',#5999,#1316);
#846=LINE('',#6000,#1317);
#847=LINE('',#6002,#1318);
#848=LINE('',#6006,#1319);
#849=LINE('',#6008,#1320);
#850=LINE('',#6010,#1321);
#851=LINE('',#6011,#1322);
#852=LINE('',#6014,#1323);
#853=LINE('',#6015,#1324);
#854=LINE('',#6018,#1325);
#855=LINE('',#6019,#1326);
#856=LINE('',#6021,#1327);
#857=LINE('',#6025,#1328);
#858=LINE('',#6027,#1329);
#859=LINE('',#6029,#1330);
#860=LINE('',#6030,#1331);
#861=LINE('',#6033,#1332);
#862=LINE('',#6034,#1333);
#863=LINE('',#6037,#1334);
#864=LINE('',#6038,#1335);
#865=LINE('',#6040,#1336);
#866=LINE('',#6044,#1337);
#867=LINE('',#6046,#1338);
#868=LINE('',#6048,#1339);
#869=LINE('',#6049,#1340);
#870=LINE('',#6052,#1341);
#871=LINE('',#6053,#1342);
#872=LINE('',#6056,#1343);
#873=LINE('',#6057,#1344);
#874=LINE('',#6059,#1345);
#875=LINE('',#6063,#1346);
#876=LINE('',#6065,#1347);
#877=LINE('',#6067,#1348);
#878=LINE('',#6068,#1349);
#879=LINE('',#6071,#1350);
#880=LINE('',#6072,#1351);
#881=LINE('',#6075,#1352);
#882=LINE('',#6076,#1353);
#883=LINE('',#6078,#1354);
#884=LINE('',#6082,#1355);
#885=LINE('',#6084,#1356);
#886=LINE('',#6086,#1357);
#887=LINE('',#6087,#1358);
#888=LINE('',#6090,#1359);
#889=LINE('',#6091,#1360);
#890=LINE('',#6094,#1361);
#891=LINE('',#6095,#1362);
#892=LINE('',#6097,#1363);
#893=LINE('',#6101,#1364);
#894=LINE('',#6103,#1365);
#895=LINE('',#6105,#1366);
#896=LINE('',#6106,#1367);
#897=LINE('',#6109,#1368);
#898=LINE('',#6110,#1369);
#899=LINE('',#6113,#1370);
#900=LINE('',#6114,#1371);
#901=LINE('',#6116,#1372);
#902=LINE('',#6120,#1373);
#903=LINE('',#6122,#1374);
#904=LINE('',#6124,#1375);
#905=LINE('',#6125,#1376);
#906=LINE('',#6128,#1377);
#907=LINE('',#6129,#1378);
#908=LINE('',#6132,#1379);
#909=LINE('',#6133,#1380);
#910=LINE('',#6135,#1381);
#911=LINE('',#6139,#1382);
#912=LINE('',#6141,#1383);
#913=LINE('',#6143,#1384);
#914=LINE('',#6144,#1385);
#915=LINE('',#6147,#1386);
#916=LINE('',#6148,#1387);
#917=LINE('',#6151,#1388);
#918=LINE('',#6152,#1389);
#919=LINE('',#6154,#1390);
#920=LINE('',#6160,#1391);
#921=LINE('',#6162,#1392);
#922=LINE('',#6164,#1393);
#923=LINE('',#6168,#1394);
#924=LINE('',#6172,#1395);
#925=LINE('',#6175,#1396);
#926=LINE('',#6181,#1397);
#927=LINE('',#6184,#1398);
#928=LINE('',#6190,#1399);
#929=LINE('',#6193,#1400);
#930=LINE('',#6196,#1401);
#931=LINE('',#6198,#1402);
#932=LINE('',#6199,#1403);
#933=LINE('',#6205,#1404);
#934=LINE('',#6211,#1405);
#935=LINE('',#6214,#1406);
#936=LINE('',#6217,#1407);
#937=LINE('',#6219,#1408);
#938=LINE('',#6220,#1409);
#939=LINE('',#6226,#1410);
#940=LINE('',#6232,#1411);
#941=LINE('',#6235,#1412);
#942=LINE('',#6238,#1413);
#943=LINE('',#6240,#1414);
#944=LINE('',#6241,#1415);
#945=LINE('',#6244,#1416);
#946=LINE('',#6246,#1417);
#947=LINE('',#6247,#1418);
#948=LINE('',#6250,#1419);
#949=LINE('',#6252,#1420);
#950=LINE('',#6253,#1421);
#951=LINE('',#6259,#1422);
#952=LINE('',#6265,#1423);
#953=LINE('',#6268,#1424);
#954=LINE('',#6270,#1425);
#955=LINE('',#6271,#1426);
#956=LINE('',#6273,#1427);
#957=LINE('',#6274,#1428);
#958=LINE('',#6275,#1429);
#959=LINE('',#6276,#1430);
#960=LINE('',#6280,#1431);
#961=LINE('',#6282,#1432);
#962=LINE('',#6284,#1433);
#963=LINE('',#6285,#1434);
#964=LINE('',#6289,#1435);
#965=LINE('',#6291,#1436);
#966=LINE('',#6293,#1437);
#967=LINE('',#6294,#1438);
#968=LINE('',#6298,#1439);
#969=LINE('',#6300,#1440);
#970=LINE('',#6302,#1441);
#971=LINE('',#6303,#1442);
#972=LINE('',#6307,#1443);
#973=LINE('',#6309,#1444);
#974=LINE('',#6311,#1445);
#975=LINE('',#6312,#1446);
#976=LINE('',#6316,#1447);
#977=LINE('',#6317,#1448);
#978=LINE('',#6318,#1449);
#979=LINE('',#6321,#1450);
#980=LINE('',#6323,#1451);
#981=LINE('',#6324,#1452);
#982=LINE('',#6327,#1453);
#983=LINE('',#6328,#1454);
#984=LINE('',#6330,#1455);
#985=LINE('',#6332,#1456);
#986=LINE('',#6334,#1457);
#987=LINE('',#6336,#1458);
#988=LINE('',#6338,#1459);
#989=LINE('',#6340,#1460);
#990=LINE('',#6341,#1461);
#991=LINE('',#6345,#1462);
#992=LINE('',#6346,#1463);
#993=LINE('',#6347,#1464);
#994=LINE('',#6350,#1465);
#995=LINE('',#6351,#1466);
#996=LINE('',#6354,#1467);
#997=LINE('',#6355,#1468);
#998=LINE('',#6359,#1469);
#999=LINE('',#6360,#1470);
#1000=LINE('',#6361,#1471);
#1001=LINE('',#6364,#1472);
#1002=LINE('',#6366,#1473);
#1003=LINE('',#6367,#1474);
#1004=LINE('',#6371,#1475);
#1005=LINE('',#6372,#1476);
#1006=LINE('',#6373,#1477);
#1007=LINE('',#6376,#1478);
#1008=LINE('',#6378,#1479);
#1009=LINE('',#6379,#1480);
#1010=LINE('',#6383,#1481);
#1011=LINE('',#6384,#1482);
#1012=LINE('',#6385,#1483);
#1013=LINE('',#6388,#1484);
#1014=LINE('',#6389,#1485);
#1015=LINE('',#6392,#1486);
#1016=LINE('',#6393,#1487);
#1017=LINE('',#6395,#1488);
#1018=LINE('',#6398,#1489);
#1019=LINE('',#6400,#1490);
#1020=LINE('',#6402,#1491);
#1021=LINE('',#6404,#1492);
#1022=LINE('',#6406,#1493);
#1023=LINE('',#6407,#1494);
#1024=LINE('',#6409,#1495);
#1025=LINE('',#6410,#1496);
#1026=LINE('',#6411,#1497);
#1027=LINE('',#6413,#1498);
#1028=LINE('',#6414,#1499);
#1029=LINE('',#6417,#1500);
#1030=LINE('',#6419,#1501);
#1031=LINE('',#6421,#1502);
#1032=LINE('',#6422,#1503);
#1033=LINE('',#6424,#1504);
#1034=LINE('',#6425,#1505);
#1035=LINE('',#6426,#1506);
#1036=LINE('',#6428,#1507);
#1037=LINE('',#6430,#1508);
#1038=LINE('',#6434,#1509);
#1039=LINE('',#6451,#1510);
#1040=LINE('',#6453,#1511);
#1041=LINE('',#6454,#1512);
#1042=LINE('',#6467,#1513);
#1043=LINE('',#6471,#1514);
#1044=LINE('',#6472,#1515);
#1045=LINE('',#6473,#1516);
#1046=LINE('',#6476,#1517);
#1047=LINE('',#6477,#1518);
#1048=LINE('',#6485,#1519);
#1049=LINE('',#6486,#1520);
#1050=LINE('',#6493,#1521);
#1051=LINE('',#6495,#1522);
#1052=LINE('',#6500,#1523);
#1053=LINE('',#6502,#1524);
#1054=LINE('',#6503,#1525);
#1055=LINE('',#6515,#1526);
#1056=LINE('',#6520,#1527);
#1057=LINE('',#6525,#1528);
#1058=LINE('',#6538,#1529);
#1059=LINE('',#6544,#1530);
#1060=LINE('',#6571,#1531);
#1061=LINE('',#6593,#1532);
#1062=LINE('',#6607,#1533);
#1063=LINE('',#6611,#1534);
#1064=LINE('',#6615,#1535);
#1065=LINE('',#6651,#1536);
#1066=LINE('',#6654,#1537);
#1067=LINE('',#6675,#1538);
#1068=LINE('',#6676,#1539);
#1069=LINE('',#6678,#1540);
#1070=LINE('',#6682,#1541);
#1071=LINE('',#6685,#1542);
#1072=LINE('',#6689,#1543);
#1073=LINE('',#6693,#1544);
#1074=LINE('',#6697,#1545);
#1075=LINE('',#6701,#1546);
#1076=LINE('',#6707,#1547);
#1077=LINE('',#6712,#1548);
#1078=LINE('',#6715,#1549);
#1079=LINE('',#6718,#1550);
#1080=LINE('',#6720,#1551);
#1081=LINE('',#6721,#1552);
#1082=LINE('',#6726,#1553);
#1083=LINE('',#6727,#1554);
#1084=LINE('',#6729,#1555);
#1085=LINE('',#6743,#1556);
#1086=LINE('',#6744,#1557);
#1087=LINE('',#6755,#1558);
#1088=LINE('',#6756,#1559);
#1089=LINE('',#6767,#1560);
#1090=LINE('',#6768,#1561);
#1091=LINE('',#6776,#1562);
#1092=LINE('',#6777,#1563);
#1093=LINE('',#6779,#1564);
#1094=LINE('',#6780,#1565);
#1095=LINE('',#6782,#1566);
#1096=LINE('',#6783,#1567);
#1097=LINE('',#6787,#1568);
#1098=LINE('',#6790,#1569);
#1099=LINE('',#6793,#1570);
#1100=LINE('',#6794,#1571);
#1101=LINE('',#6796,#1572);
#1102=LINE('',#6798,#1573);
#1103=LINE('',#6799,#1574);
#1104=LINE('',#6801,#1575);
#1105=LINE('',#6803,#1576);
#1106=LINE('',#6805,#1577);
#1107=LINE('',#6807,#1578);
#1108=LINE('',#6809,#1579);
#1109=LINE('',#6811,#1580);
#1110=LINE('',#6812,#1581);
#1111=LINE('',#6815,#1582);
#1112=LINE('',#6819,#1583);
#1113=LINE('',#6823,#1584);
#1114=LINE('',#6827,#1585);
#1115=LINE('',#6834,#1586);
#1116=LINE('',#6842,#1587);
#1117=LINE('',#6850,#1588);
#1118=LINE('',#6858,#1589);
#1119=LINE('',#6862,#1590);
#1120=LINE('',#6863,#1591);
#1121=LINE('',#6866,#1592);
#1122=LINE('',#6868,#1593);
#1123=LINE('',#6870,#1594);
#1124=LINE('',#6872,#1595);
#1125=LINE('',#6878,#1596);
#1126=LINE('',#6880,#1597);
#1127=LINE('',#6882,#1598);
#1128=LINE('',#6883,#1599);
#1129=LINE('',#6886,#1600);
#1130=LINE('',#6888,#1601);
#1131=LINE('',#6889,#1602);
#1132=LINE('',#6892,#1603);
#1133=LINE('',#6894,#1604);
#1134=LINE('',#6895,#1605);
#1135=LINE('',#6897,#1606);
#1136=LINE('',#6898,#1607);
#1137=LINE('',#6902,#1608);
#1138=LINE('',#6904,#1609);
#1139=LINE('',#6906,#1610);
#1140=LINE('',#6907,#1611);
#1141=LINE('',#6910,#1612);
#1142=LINE('',#6912,#1613);
#1143=LINE('',#6913,#1614);
#1144=LINE('',#6916,#1615);
#1145=LINE('',#6918,#1616);
#1146=LINE('',#6919,#1617);
#1147=LINE('',#6921,#1618);
#1148=LINE('',#6922,#1619);
#1149=LINE('',#6926,#1620);
#1150=LINE('',#6928,#1621);
#1151=LINE('',#6930,#1622);
#1152=LINE('',#6931,#1623);
#1153=LINE('',#6934,#1624);
#1154=LINE('',#6936,#1625);
#1155=LINE('',#6937,#1626);
#1156=LINE('',#6940,#1627);
#1157=LINE('',#6942,#1628);
#1158=LINE('',#6943,#1629);
#1159=LINE('',#6945,#1630);
#1160=LINE('',#6946,#1631);
#1161=LINE('',#6950,#1632);
#1162=LINE('',#6952,#1633);
#1163=LINE('',#6954,#1634);
#1164=LINE('',#6955,#1635);
#1165=LINE('',#6958,#1636);
#1166=LINE('',#6960,#1637);
#1167=LINE('',#6961,#1638);
#1168=LINE('',#6964,#1639);
#1169=LINE('',#6966,#1640);
#1170=LINE('',#6967,#1641);
#1171=LINE('',#6969,#1642);
#1172=LINE('',#6970,#1643);
#1173=LINE('',#6974,#1644);
#1174=LINE('',#6976,#1645);
#1175=LINE('',#6978,#1646);
#1176=LINE('',#6979,#1647);
#1177=LINE('',#6982,#1648);
#1178=LINE('',#6984,#1649);
#1179=LINE('',#6985,#1650);
#1180=LINE('',#6988,#1651);
#1181=LINE('',#6990,#1652);
#1182=LINE('',#6991,#1653);
#1183=LINE('',#6994,#1654);
#1184=LINE('',#6996,#1655);
#1185=LINE('',#6997,#1656);
#1186=LINE('',#7000,#1657);
#1187=LINE('',#7002,#1658);
#1188=LINE('',#7003,#1659);
#1189=LINE('',#7009,#1660);
#1190=LINE('',#7012,#1661);
#1191=LINE('',#7014,#1662);
#1192=LINE('',#7015,#1663);
#1193=LINE('',#7018,#1664);
#1194=LINE('',#7020,#1665);
#1195=LINE('',#7021,#1666);
#1196=LINE('',#7024,#1667);
#1197=LINE('',#7026,#1668);
#1198=LINE('',#7027,#1669);
#1199=LINE('',#7030,#1670);
#1200=LINE('',#7032,#1671);
#1201=LINE('',#7033,#1672);
#1202=LINE('',#7036,#1673);
#1203=LINE('',#7038,#1674);
#1204=LINE('',#7039,#1675);
#1205=LINE('',#7045,#1676);
#1206=LINE('',#7048,#1677);
#1207=LINE('',#7050,#1678);
#1208=LINE('',#7051,#1679);
#1209=LINE('',#7053,#1680);
#1210=LINE('',#7054,#1681);
#1211=VECTOR('',#4613,10.);
#1212=VECTOR('',#4614,10.);
#1213=VECTOR('',#4615,10.);
#1214=VECTOR('',#4616,10.);
#1215=VECTOR('',#4619,10.);
#1216=VECTOR('',#4620,10.);
#1217=VECTOR('',#4623,10.);
#1218=VECTOR('',#4624,10.);
#1219=VECTOR('',#4627,10.);
#1220=VECTOR('',#4630,10.);
#1221=VECTOR('',#4631,10.);
#1222=VECTOR('',#4632,10.);
#1223=VECTOR('',#4633,10.);
#1224=VECTOR('',#4636,10.);
#1225=VECTOR('',#4637,10.);
#1226=VECTOR('',#4640,10.);
#1227=VECTOR('',#4641,10.);
#1228=VECTOR('',#4644,10.);
#1229=VECTOR('',#4647,10.);
#1230=VECTOR('',#4648,10.);
#1231=VECTOR('',#4649,10.);
#1232=VECTOR('',#4650,10.);
#1233=VECTOR('',#4653,10.);
#1234=VECTOR('',#4654,10.);
#1235=VECTOR('',#4657,10.);
#1236=VECTOR('',#4658,10.);
#1237=VECTOR('',#4661,10.);
#1238=VECTOR('',#4664,10.);
#1239=VECTOR('',#4665,10.);
#1240=VECTOR('',#4666,10.);
#1241=VECTOR('',#4667,10.);
#1242=VECTOR('',#4670,10.);
#1243=VECTOR('',#4671,10.);
#1244=VECTOR('',#4674,10.);
#1245=VECTOR('',#4675,10.);
#1246=VECTOR('',#4678,10.);
#1247=VECTOR('',#4681,10.);
#1248=VECTOR('',#4682,10.);
#1249=VECTOR('',#4683,10.);
#1250=VECTOR('',#4684,10.);
#1251=VECTOR('',#4687,10.);
#1252=VECTOR('',#4688,10.);
#1253=VECTOR('',#4691,10.);
#1254=VECTOR('',#4692,10.);
#1255=VECTOR('',#4695,10.);
#1256=VECTOR('',#4698,10.);
#1257=VECTOR('',#4699,10.);
#1258=VECTOR('',#4700,10.);
#1259=VECTOR('',#4701,10.);
#1260=VECTOR('',#4704,10.);
#1261=VECTOR('',#4705,10.);
#1262=VECTOR('',#4708,10.);
#1263=VECTOR('',#4709,10.);
#1264=VECTOR('',#4712,10.);
#1265=VECTOR('',#4715,10.);
#1266=VECTOR('',#4716,10.);
#1267=VECTOR('',#4717,10.);
#1268=VECTOR('',#4718,10.);
#1269=VECTOR('',#4721,10.);
#1270=VECTOR('',#4722,10.);
#1271=VECTOR('',#4725,10.);
#1272=VECTOR('',#4726,10.);
#1273=VECTOR('',#4729,10.);
#1274=VECTOR('',#4732,10.);
#1275=VECTOR('',#4733,10.);
#1276=VECTOR('',#4734,10.);
#1277=VECTOR('',#4735,10.);
#1278=VECTOR('',#4738,10.);
#1279=VECTOR('',#4739,10.);
#1280=VECTOR('',#4742,10.);
#1281=VECTOR('',#4743,10.);
#1282=VECTOR('',#4746,10.);
#1283=VECTOR('',#4749,10.);
#1284=VECTOR('',#4750,10.);
#1285=VECTOR('',#4751,10.);
#1286=VECTOR('',#4752,10.);
#1287=VECTOR('',#4755,10.);
#1288=VECTOR('',#4756,10.);
#1289=VECTOR('',#4759,10.);
#1290=VECTOR('',#4760,10.);
#1291=VECTOR('',#4763,10.);
#1292=VECTOR('',#4766,10.);
#1293=VECTOR('',#4767,10.);
#1294=VECTOR('',#4768,10.);
#1295=VECTOR('',#4769,10.);
#1296=VECTOR('',#4772,10.);
#1297=VECTOR('',#4773,10.);
#1298=VECTOR('',#4776,10.);
#1299=VECTOR('',#4777,10.);
#1300=VECTOR('',#4780,10.);
#1301=VECTOR('',#4783,10.);
#1302=VECTOR('',#4784,10.);
#1303=VECTOR('',#4785,10.);
#1304=VECTOR('',#4786,10.);
#1305=VECTOR('',#4789,10.);
#1306=VECTOR('',#4790,10.);
#1307=VECTOR('',#4793,10.);
#1308=VECTOR('',#4794,10.);
#1309=VECTOR('',#4797,10.);
#1310=VECTOR('',#4800,10.);
#1311=VECTOR('',#4801,10.);
#1312=VECTOR('',#4802,10.);
#1313=VECTOR('',#4803,10.);
#1314=VECTOR('',#4806,10.);
#1315=VECTOR('',#4807,10.);
#1316=VECTOR('',#4810,10.);
#1317=VECTOR('',#4811,10.);
#1318=VECTOR('',#4814,10.);
#1319=VECTOR('',#4817,10.);
#1320=VECTOR('',#4818,10.);
#1321=VECTOR('',#4819,10.);
#1322=VECTOR('',#4820,10.);
#1323=VECTOR('',#4823,10.);
#1324=VECTOR('',#4824,10.);
#1325=VECTOR('',#4827,10.);
#1326=VECTOR('',#4828,10.);
#1327=VECTOR('',#4831,10.);
#1328=VECTOR('',#4834,10.);
#1329=VECTOR('',#4835,10.);
#1330=VECTOR('',#4836,10.);
#1331=VECTOR('',#4837,10.);
#1332=VECTOR('',#4840,10.);
#1333=VECTOR('',#4841,10.);
#1334=VECTOR('',#4844,10.);
#1335=VECTOR('',#4845,10.);
#1336=VECTOR('',#4848,10.);
#1337=VECTOR('',#4851,10.);
#1338=VECTOR('',#4852,10.);
#1339=VECTOR('',#4853,10.);
#1340=VECTOR('',#4854,10.);
#1341=VECTOR('',#4857,10.);
#1342=VECTOR('',#4858,10.);
#1343=VECTOR('',#4861,10.);
#1344=VECTOR('',#4862,10.);
#1345=VECTOR('',#4865,10.);
#1346=VECTOR('',#4868,10.);
#1347=VECTOR('',#4869,10.);
#1348=VECTOR('',#4870,10.);
#1349=VECTOR('',#4871,10.);
#1350=VECTOR('',#4874,10.);
#1351=VECTOR('',#4875,10.);
#1352=VECTOR('',#4878,10.);
#1353=VECTOR('',#4879,10.);
#1354=VECTOR('',#4882,10.);
#1355=VECTOR('',#4885,10.);
#1356=VECTOR('',#4886,10.);
#1357=VECTOR('',#4887,10.);
#1358=VECTOR('',#4888,10.);
#1359=VECTOR('',#4891,10.);
#1360=VECTOR('',#4892,10.);
#1361=VECTOR('',#4895,10.);
#1362=VECTOR('',#4896,10.);
#1363=VECTOR('',#4899,10.);
#1364=VECTOR('',#4902,10.);
#1365=VECTOR('',#4903,10.);
#1366=VECTOR('',#4904,10.);
#1367=VECTOR('',#4905,10.);
#1368=VECTOR('',#4908,10.);
#1369=VECTOR('',#4909,10.);
#1370=VECTOR('',#4912,10.);
#1371=VECTOR('',#4913,10.);
#1372=VECTOR('',#4916,10.);
#1373=VECTOR('',#4919,10.);
#1374=VECTOR('',#4920,10.);
#1375=VECTOR('',#4921,10.);
#1376=VECTOR('',#4922,10.);
#1377=VECTOR('',#4925,10.);
#1378=VECTOR('',#4926,10.);
#1379=VECTOR('',#4929,10.);
#1380=VECTOR('',#4930,10.);
#1381=VECTOR('',#4933,10.);
#1382=VECTOR('',#4936,10.);
#1383=VECTOR('',#4937,10.);
#1384=VECTOR('',#4938,10.);
#1385=VECTOR('',#4939,10.);
#1386=VECTOR('',#4942,10.);
#1387=VECTOR('',#4943,10.);
#1388=VECTOR('',#4946,10.);
#1389=VECTOR('',#4947,10.);
#1390=VECTOR('',#4950,10.);
#1391=VECTOR('',#4955,10.);
#1392=VECTOR('',#4956,10.);
#1393=VECTOR('',#4957,10.);
#1394=VECTOR('',#4960,10.);
#1395=VECTOR('',#4963,10.);
#1396=VECTOR('',#4966,10.);
#1397=VECTOR('',#4971,10.);
#1398=VECTOR('',#4974,10.);
#1399=VECTOR('',#4979,10.);
#1400=VECTOR('',#4982,10.);
#1401=VECTOR('',#4985,10.);
#1402=VECTOR('',#4986,10.);
#1403=VECTOR('',#4987,10.);
#1404=VECTOR('',#4994,10.);
#1405=VECTOR('',#4999,10.);
#1406=VECTOR('',#5002,10.);
#1407=VECTOR('',#5005,10.);
#1408=VECTOR('',#5006,10.);
#1409=VECTOR('',#5007,10.);
#1410=VECTOR('',#5014,10.);
#1411=VECTOR('',#5019,10.);
#1412=VECTOR('',#5022,10.);
#1413=VECTOR('',#5025,10.);
#1414=VECTOR('',#5026,10.);
#1415=VECTOR('',#5027,10.);
#1416=VECTOR('',#5030,10.);
#1417=VECTOR('',#5031,10.);
#1418=VECTOR('',#5032,10.);
#1419=VECTOR('',#5035,10.);
#1420=VECTOR('',#5036,10.);
#1421=VECTOR('',#5037,10.);
#1422=VECTOR('',#5044,10.);
#1423=VECTOR('',#5049,10.);
#1424=VECTOR('',#5052,10.);
#1425=VECTOR('',#5055,10.);
#1426=VECTOR('',#5056,10.);
#1427=VECTOR('',#5059,10.);
#1428=VECTOR('',#5060,10.);
#1429=VECTOR('',#5061,10.);
#1430=VECTOR('',#5062,10.);
#1431=VECTOR('',#5065,10.);
#1432=VECTOR('',#5066,10.);
#1433=VECTOR('',#5067,10.);
#1434=VECTOR('',#5068,10.);
#1435=VECTOR('',#5071,10.);
#1436=VECTOR('',#5072,10.);
#1437=VECTOR('',#5073,10.);
#1438=VECTOR('',#5074,10.);
#1439=VECTOR('',#5077,10.);
#1440=VECTOR('',#5078,10.);
#1441=VECTOR('',#5079,10.);
#1442=VECTOR('',#5080,10.);
#1443=VECTOR('',#5083,10.);
#1444=VECTOR('',#5084,10.);
#1445=VECTOR('',#5085,10.);
#1446=VECTOR('',#5086,10.);
#1447=VECTOR('',#5089,10.);
#1448=VECTOR('',#5090,10.);
#1449=VECTOR('',#5091,10.);
#1450=VECTOR('',#5094,10.);
#1451=VECTOR('',#5095,10.);
#1452=VECTOR('',#5096,10.);
#1453=VECTOR('',#5099,10.);
#1454=VECTOR('',#5100,10.);
#1455=VECTOR('',#5101,10.);
#1456=VECTOR('',#5102,10.);
#1457=VECTOR('',#5103,10.);
#1458=VECTOR('',#5104,10.);
#1459=VECTOR('',#5105,10.);
#1460=VECTOR('',#5106,10.);
#1461=VECTOR('',#5107,10.);
#1462=VECTOR('',#5110,10.);
#1463=VECTOR('',#5111,10.);
#1464=VECTOR('',#5112,10.);
#1465=VECTOR('',#5115,10.);
#1466=VECTOR('',#5116,10.);
#1467=VECTOR('',#5119,10.);
#1468=VECTOR('',#5120,10.);
#1469=VECTOR('',#5123,10.);
#1470=VECTOR('',#5124,10.);
#1471=VECTOR('',#5125,10.);
#1472=VECTOR('',#5128,10.);
#1473=VECTOR('',#5129,10.);
#1474=VECTOR('',#5130,10.);
#1475=VECTOR('',#5133,10.);
#1476=VECTOR('',#5134,10.);
#1477=VECTOR('',#5135,10.);
#1478=VECTOR('',#5138,10.);
#1479=VECTOR('',#5139,10.);
#1480=VECTOR('',#5140,10.);
#1481=VECTOR('',#5143,10.);
#1482=VECTOR('',#5144,10.);
#1483=VECTOR('',#5145,10.);
#1484=VECTOR('',#5148,10.);
#1485=VECTOR('',#5149,10.);
#1486=VECTOR('',#5152,10.);
#1487=VECTOR('',#5153,10.);
#1488=VECTOR('',#5156,10.);
#1489=VECTOR('',#5159,10.);
#1490=VECTOR('',#5160,10.);
#1491=VECTOR('',#5161,10.);
#1492=VECTOR('',#5162,10.);
#1493=VECTOR('',#5163,10.);
#1494=VECTOR('',#5164,10.);
#1495=VECTOR('',#5165,10.);
#1496=VECTOR('',#5166,10.);
#1497=VECTOR('',#5167,10.);
#1498=VECTOR('',#5168,10.);
#1499=VECTOR('',#5169,10.);
#1500=VECTOR('',#5170,10.);
#1501=VECTOR('',#5171,10.);
#1502=VECTOR('',#5172,10.);
#1503=VECTOR('',#5173,10.);
#1504=VECTOR('',#5176,10.);
#1505=VECTOR('',#5177,10.);
#1506=VECTOR('',#5178,10.);
#1507=VECTOR('',#5181,10.);
#1508=VECTOR('',#5184,10.);
#1509=VECTOR('',#5191,10.);
#1510=VECTOR('',#5198,10.);
#1511=VECTOR('',#5199,10.);
#1512=VECTOR('',#5200,10.);
#1513=VECTOR('',#5203,10.);
#1514=VECTOR('',#5206,10.);
#1515=VECTOR('',#5207,10.);
#1516=VECTOR('',#5208,10.);
#1517=VECTOR('',#5211,10.);
#1518=VECTOR('',#5212,10.);
#1519=VECTOR('',#5215,10.);
#1520=VECTOR('',#5216,10.);
#1521=VECTOR('',#5219,10.);
#1522=VECTOR('',#5222,10.);
#1523=VECTOR('',#5227,10.);
#1524=VECTOR('',#5228,10.);
#1525=VECTOR('',#5229,10.);
#1526=VECTOR('',#5246,4.);
#1527=VECTOR('',#5251,10.);
#1528=VECTOR('',#5258,10.);
#1529=VECTOR('',#5277,10.);
#1530=VECTOR('',#5286,10.);
#1531=VECTOR('',#5301,10.);
#1532=VECTOR('',#5318,10.);
#1533=VECTOR('',#5337,10.);
#1534=VECTOR('',#5342,10.);
#1535=VECTOR('',#5347,10.);
#1536=VECTOR('',#5370,2.);
#1537=VECTOR('',#5373,10.);
#1538=VECTOR('',#5382,10.);
#1539=VECTOR('',#5383,10.);
#1540=VECTOR('',#5384,10.);
#1541=VECTOR('',#5387,10.);
#1542=VECTOR('',#5390,10.);
#1543=VECTOR('',#5393,10.);
#1544=VECTOR('',#5396,10.);
#1545=VECTOR('',#5399,10.);
#1546=VECTOR('',#5402,10.);
#1547=VECTOR('',#5407,10.);
#1548=VECTOR('',#5412,10.);
#1549=VECTOR('',#5415,10.);
#1550=VECTOR('',#5418,10.);
#1551=VECTOR('',#5419,10.);
#1552=VECTOR('',#5420,10.);
#1553=VECTOR('',#5425,10.);
#1554=VECTOR('',#5426,10.);
#1555=VECTOR('',#5429,10.);
#1556=VECTOR('',#5444,10.);
#1557=VECTOR('',#5445,10.);
#1558=VECTOR('',#5458,10.);
#1559=VECTOR('',#5459,10.);
#1560=VECTOR('',#5472,10.);
#1561=VECTOR('',#5473,10.);
#1562=VECTOR('',#5484,10.);
#1563=VECTOR('',#5485,10.);
#1564=VECTOR('',#5488,10.);
#1565=VECTOR('',#5489,10.);
#1566=VECTOR('',#5492,10.);
#1567=VECTOR('',#5493,10.);
#1568=VECTOR('',#5500,10.);
#1569=VECTOR('',#5505,10.);
#1570=VECTOR('',#5510,10.);
#1571=VECTOR('',#5511,10.);
#1572=VECTOR('',#5514,10.);
#1573=VECTOR('',#5517,10.);
#1574=VECTOR('',#5518,10.);
#1575=VECTOR('',#5521,10.);
#1576=VECTOR('',#5524,10.);
#1577=VECTOR('',#5527,10.);
#1578=VECTOR('',#5530,10.);
#1579=VECTOR('',#5533,10.);
#1580=VECTOR('',#5536,10.);
#1581=VECTOR('',#5537,10.);
#1582=VECTOR('',#5538,10.);
#1583=VECTOR('',#5541,10.);
#1584=VECTOR('',#5544,10.);
#1585=VECTOR('',#5547,10.);
#1586=VECTOR('',#5556,10.);
#1587=VECTOR('',#5567,10.);
#1588=VECTOR('',#5578,10.);
#1589=VECTOR('',#5589,10.);
#1590=VECTOR('',#5596,10.);
#1591=VECTOR('',#5597,10.);
#1592=VECTOR('',#5602,10.);
#1593=VECTOR('',#5605,10.);
#1594=VECTOR('',#5608,10.);
#1595=VECTOR('',#5611,10.);
#1596=VECTOR('',#5618,10.);
#1597=VECTOR('',#5619,10.);
#1598=VECTOR('',#5620,10.);
#1599=VECTOR('',#5621,10.);
#1600=VECTOR('',#5624,10.);
#1601=VECTOR('',#5625,10.);
#1602=VECTOR('',#5626,10.);
#1603=VECTOR('',#5629,10.);
#1604=VECTOR('',#5630,10.);
#1605=VECTOR('',#5631,10.);
#1606=VECTOR('',#5634,10.);
#1607=VECTOR('',#5635,10.);
#1608=VECTOR('',#5638,10.);
#1609=VECTOR('',#5639,10.);
#1610=VECTOR('',#5640,10.);
#1611=VECTOR('',#5641,10.);
#1612=VECTOR('',#5644,10.);
#1613=VECTOR('',#5645,10.);
#1614=VECTOR('',#5646,10.);
#1615=VECTOR('',#5649,10.);
#1616=VECTOR('',#5650,10.);
#1617=VECTOR('',#5651,10.);
#1618=VECTOR('',#5654,10.);
#1619=VECTOR('',#5655,10.);
#1620=VECTOR('',#5658,10.);
#1621=VECTOR('',#5659,10.);
#1622=VECTOR('',#5660,10.);
#1623=VECTOR('',#5661,10.);
#1624=VECTOR('',#5664,10.);
#1625=VECTOR('',#5665,10.);
#1626=VECTOR('',#5666,10.);
#1627=VECTOR('',#5669,10.);
#1628=VECTOR('',#5670,10.);
#1629=VECTOR('',#5671,10.);
#1630=VECTOR('',#5674,10.);
#1631=VECTOR('',#5675,10.);
#1632=VECTOR('',#5678,10.);
#1633=VECTOR('',#5679,10.);
#1634=VECTOR('',#5680,10.);
#1635=VECTOR('',#5681,10.);
#1636=VECTOR('',#5684,10.);
#1637=VECTOR('',#5685,10.);
#1638=VECTOR('',#5686,10.);
#1639=VECTOR('',#5689,10.);
#1640=VECTOR('',#5690,10.);
#1641=VECTOR('',#5691,10.);
#1642=VECTOR('',#5694,10.);
#1643=VECTOR('',#5695,10.);
#1644=VECTOR('',#5698,10.);
#1645=VECTOR('',#5699,10.);
#1646=VECTOR('',#5700,10.);
#1647=VECTOR('',#5701,10.);
#1648=VECTOR('',#5704,10.);
#1649=VECTOR('',#5705,10.);
#1650=VECTOR('',#5706,10.);
#1651=VECTOR('',#5709,10.);
#1652=VECTOR('',#5710,10.);
#1653=VECTOR('',#5711,10.);
#1654=VECTOR('',#5714,10.);
#1655=VECTOR('',#5715,10.);
#1656=VECTOR('',#5716,10.);
#1657=VECTOR('',#5719,10.);
#1658=VECTOR('',#5720,10.);
#1659=VECTOR('',#5721,10.);
#1660=VECTOR('',#5728,10.);
#1661=VECTOR('',#5731,10.);
#1662=VECTOR('',#5732,10.);
#1663=VECTOR('',#5733,10.);
#1664=VECTOR('',#5736,10.);
#1665=VECTOR('',#5737,10.);
#1666=VECTOR('',#5738,10.);
#1667=VECTOR('',#5741,10.);
#1668=VECTOR('',#5742,10.);
#1669=VECTOR('',#5743,10.);
#1670=VECTOR('',#5746,10.);
#1671=VECTOR('',#5747,10.);
#1672=VECTOR('',#5748,10.);
#1673=VECTOR('',#5751,10.);
#1674=VECTOR('',#5752,10.);
#1675=VECTOR('',#5753,10.);
#1676=VECTOR('',#5760,10.);
#1677=VECTOR('',#5763,10.);
#1678=VECTOR('',#5764,10.);
#1679=VECTOR('',#5765,10.);
#1680=VECTOR('',#5768,10.);
#1681=VECTOR('',#5769,10.);
#1682=VERTEX_POINT('',#5776);
#1683=VERTEX_POINT('',#5777);
#1684=VERTEX_POINT('',#5779);
#1685=VERTEX_POINT('',#5781);
#1686=VERTEX_POINT('',#5785);
#1687=VERTEX_POINT('',#5789);
#1688=VERTEX_POINT('',#5795);
#1689=VERTEX_POINT('',#5796);
#1690=VERTEX_POINT('',#5798);
#1691=VERTEX_POINT('',#5800);
#1692=VERTEX_POINT('',#5804);
#1693=VERTEX_POINT('',#5808);
#1694=VERTEX_POINT('',#5814);
#1695=VERTEX_POINT('',#5815);
#1696=VERTEX_POINT('',#5817);
#1697=VERTEX_POINT('',#5819);
#1698=VERTEX_POINT('',#5823);
#1699=VERTEX_POINT('',#5827);
#1700=VERTEX_POINT('',#5833);
#1701=VERTEX_POINT('',#5834);
#1702=VERTEX_POINT('',#5836);
#1703=VERTEX_POINT('',#5838);
#1704=VERTEX_POINT('',#5842);
#1705=VERTEX_POINT('',#5846);
#1706=VERTEX_POINT('',#5852);
#1707=VERTEX_POINT('',#5853);
#1708=VERTEX_POINT('',#5855);
#1709=VERTEX_POINT('',#5857);
#1710=VERTEX_POINT('',#5861);
#1711=VERTEX_POINT('',#5865);
#1712=VERTEX_POINT('',#5871);
#1713=VERTEX_POINT('',#5872);
#1714=VERTEX_POINT('',#5874);
#1715=VERTEX_POINT('',#5876);
#1716=VERTEX_POINT('',#5880);
#1717=VERTEX_POINT('',#5884);
#1718=VERTEX_POINT('',#5890);
#1719=VERTEX_POINT('',#5891);
#1720=VERTEX_POINT('',#5893);
#1721=VERTEX_POINT('',#5895);
#1722=VERTEX_POINT('',#5899);
#1723=VERTEX_POINT('',#5903);
#1724=VERTEX_POINT('',#5909);
#1725=VERTEX_POINT('',#5910);
#1726=VERTEX_POINT('',#5912);
#1727=VERTEX_POINT('',#5914);
#1728=VERTEX_POINT('',#5918);
#1729=VERTEX_POINT('',#5922);
#1730=VERTEX_POINT('',#5928);
#1731=VERTEX_POINT('',#5929);
#1732=VERTEX_POINT('',#5931);
#1733=VERTEX_POINT('',#5933);
#1734=VERTEX_POINT('',#5937);
#1735=VERTEX_POINT('',#5941);
#1736=VERTEX_POINT('',#5947);
#1737=VERTEX_POINT('',#5948);
#1738=VERTEX_POINT('',#5950);
#1739=VERTEX_POINT('',#5952);
#1740=VERTEX_POINT('',#5956);
#1741=VERTEX_POINT('',#5960);
#1742=VERTEX_POINT('',#5966);
#1743=VERTEX_POINT('',#5967);
#1744=VERTEX_POINT('',#5969);
#1745=VERTEX_POINT('',#5971);
#1746=VERTEX_POINT('',#5975);
#1747=VERTEX_POINT('',#5979);
#1748=VERTEX_POINT('',#5985);
#1749=VERTEX_POINT('',#5986);
#1750=VERTEX_POINT('',#5988);
#1751=VERTEX_POINT('',#5990);
#1752=VERTEX_POINT('',#5994);
#1753=VERTEX_POINT('',#5998);
#1754=VERTEX_POINT('',#6004);
#1755=VERTEX_POINT('',#6005);
#1756=VERTEX_POINT('',#6007);
#1757=VERTEX_POINT('',#6009);
#1758=VERTEX_POINT('',#6013);
#1759=VERTEX_POINT('',#6017);
#1760=VERTEX_POINT('',#6023);
#1761=VERTEX_POINT('',#6024);
#1762=VERTEX_POINT('',#6026);
#1763=VERTEX_POINT('',#6028);
#1764=VERTEX_POINT('',#6032);
#1765=VERTEX_POINT('',#6036);
#1766=VERTEX_POINT('',#6042);
#1767=VERTEX_POINT('',#6043);
#1768=VERTEX_POINT('',#6045);
#1769=VERTEX_POINT('',#6047);
#1770=VERTEX_POINT('',#6051);
#1771=VERTEX_POINT('',#6055);
#1772=VERTEX_POINT('',#6061);
#1773=VERTEX_POINT('',#6062);
#1774=VERTEX_POINT('',#6064);
#1775=VERTEX_POINT('',#6066);
#1776=VERTEX_POINT('',#6070);
#1777=VERTEX_POINT('',#6074);
#1778=VERTEX_POINT('',#6080);
#1779=VERTEX_POINT('',#6081);
#1780=VERTEX_POINT('',#6083);
#1781=VERTEX_POINT('',#6085);
#1782=VERTEX_POINT('',#6089);
#1783=VERTEX_POINT('',#6093);
#1784=VERTEX_POINT('',#6099);
#1785=VERTEX_POINT('',#6100);
#1786=VERTEX_POINT('',#6102);
#1787=VERTEX_POINT('',#6104);
#1788=VERTEX_POINT('',#6108);
#1789=VERTEX_POINT('',#6112);
#1790=VERTEX_POINT('',#6118);
#1791=VERTEX_POINT('',#6119);
#1792=VERTEX_POINT('',#6121);
#1793=VERTEX_POINT('',#6123);
#1794=VERTEX_POINT('',#6127);
#1795=VERTEX_POINT('',#6131);
#1796=VERTEX_POINT('',#6137);
#1797=VERTEX_POINT('',#6138);
#1798=VERTEX_POINT('',#6140);
#1799=VERTEX_POINT('',#6142);
#1800=VERTEX_POINT('',#6146);
#1801=VERTEX_POINT('',#6150);
#1802=VERTEX_POINT('',#6156);
#1803=VERTEX_POINT('',#6157);
#1804=VERTEX_POINT('',#6159);
#1805=VERTEX_POINT('',#6161);
#1806=VERTEX_POINT('',#6163);
#1807=VERTEX_POINT('',#6165);
#1808=VERTEX_POINT('',#6167);
#1809=VERTEX_POINT('',#6169);
#1810=VERTEX_POINT('',#6171);
#1811=VERTEX_POINT('',#6173);
#1812=VERTEX_POINT('',#6177);
#1813=VERTEX_POINT('',#6178);
#1814=VERTEX_POINT('',#6180);
#1815=VERTEX_POINT('',#6182);
#1816=VERTEX_POINT('',#6186);
#1817=VERTEX_POINT('',#6187);
#1818=VERTEX_POINT('',#6189);
#1819=VERTEX_POINT('',#6191);
#1820=VERTEX_POINT('',#6195);
#1821=VERTEX_POINT('',#6197);
#1822=VERTEX_POINT('',#6201);
#1823=VERTEX_POINT('',#6203);
#1824=VERTEX_POINT('',#6207);
#1825=VERTEX_POINT('',#6208);
#1826=VERTEX_POINT('',#6210);
#1827=VERTEX_POINT('',#6212);
#1828=VERTEX_POINT('',#6216);
#1829=VERTEX_POINT('',#6218);
#1830=VERTEX_POINT('',#6222);
#1831=VERTEX_POINT('',#6224);
#1832=VERTEX_POINT('',#6228);
#1833=VERTEX_POINT('',#6229);
#1834=VERTEX_POINT('',#6231);
#1835=VERTEX_POINT('',#6233);
#1836=VERTEX_POINT('',#6237);
#1837=VERTEX_POINT('',#6239);
#1838=VERTEX_POINT('',#6243);
#1839=VERTEX_POINT('',#6245);
#1840=VERTEX_POINT('',#6249);
#1841=VERTEX_POINT('',#6251);
#1842=VERTEX_POINT('',#6255);
#1843=VERTEX_POINT('',#6257);
#1844=VERTEX_POINT('',#6261);
#1845=VERTEX_POINT('',#6262);
#1846=VERTEX_POINT('',#6264);
#1847=VERTEX_POINT('',#6266);
#1848=VERTEX_POINT('',#6278);
#1849=VERTEX_POINT('',#6279);
#1850=VERTEX_POINT('',#6281);
#1851=VERTEX_POINT('',#6283);
#1852=VERTEX_POINT('',#6287);
#1853=VERTEX_POINT('',#6288);
#1854=VERTEX_POINT('',#6290);
#1855=VERTEX_POINT('',#6292);
#1856=VERTEX_POINT('',#6296);
#1857=VERTEX_POINT('',#6297);
#1858=VERTEX_POINT('',#6299);
#1859=VERTEX_POINT('',#6301);
#1860=VERTEX_POINT('',#6305);
#1861=VERTEX_POINT('',#6306);
#1862=VERTEX_POINT('',#6308);
#1863=VERTEX_POINT('',#6310);
#1864=VERTEX_POINT('',#6314);
#1865=VERTEX_POINT('',#6315);
#1866=VERTEX_POINT('',#6320);
#1867=VERTEX_POINT('',#6322);
#1868=VERTEX_POINT('',#6326);
#1869=VERTEX_POINT('',#6329);
#1870=VERTEX_POINT('',#6331);
#1871=VERTEX_POINT('',#6333);
#1872=VERTEX_POINT('',#6335);
#1873=VERTEX_POINT('',#6337);
#1874=VERTEX_POINT('',#6339);
#1875=VERTEX_POINT('',#6343);
#1876=VERTEX_POINT('',#6344);
#1877=VERTEX_POINT('',#6349);
#1878=VERTEX_POINT('',#6353);
#1879=VERTEX_POINT('',#6357);
#1880=VERTEX_POINT('',#6358);
#1881=VERTEX_POINT('',#6363);
#1882=VERTEX_POINT('',#6365);
#1883=VERTEX_POINT('',#6369);
#1884=VERTEX_POINT('',#6370);
#1885=VERTEX_POINT('',#6375);
#1886=VERTEX_POINT('',#6377);
#1887=VERTEX_POINT('',#6381);
#1888=VERTEX_POINT('',#6382);
#1889=VERTEX_POINT('',#6387);
#1890=VERTEX_POINT('',#6391);
#1891=VERTEX_POINT('',#6397);
#1892=VERTEX_POINT('',#6399);
#1893=VERTEX_POINT('',#6401);
#1894=VERTEX_POINT('',#6403);
#1895=VERTEX_POINT('',#6405);
#1896=VERTEX_POINT('',#6408);
#1897=VERTEX_POINT('',#6412);
#1898=VERTEX_POINT('',#6415);
#1899=VERTEX_POINT('',#6416);
#1900=VERTEX_POINT('',#6418);
#1901=VERTEX_POINT('',#6420);
#1902=VERTEX_POINT('',#6437);
#1903=VERTEX_POINT('',#6438);
#1904=VERTEX_POINT('',#6440);
#1905=VERTEX_POINT('',#6452);
#1906=VERTEX_POINT('',#6456);
#1907=VERTEX_POINT('',#6469);
#1908=VERTEX_POINT('',#6470);
#1909=VERTEX_POINT('',#6475);
#1910=VERTEX_POINT('',#6479);
#1911=VERTEX_POINT('',#6480);
#1912=VERTEX_POINT('',#6488);
#1913=VERTEX_POINT('',#6497);
#1914=VERTEX_POINT('',#6499);
#1915=VERTEX_POINT('',#6501);
#1916=VERTEX_POINT('',#6506);
#1917=VERTEX_POINT('',#6512);
#1918=VERTEX_POINT('',#6514);
#1919=VERTEX_POINT('',#6518);
#1920=VERTEX_POINT('',#6519);
#1921=VERTEX_POINT('',#6524);
#1922=VERTEX_POINT('',#6528);
#1923=VERTEX_POINT('',#6532);
#1924=VERTEX_POINT('',#6533);
#1925=VERTEX_POINT('',#6540);
#1926=VERTEX_POINT('',#6560);
#1927=VERTEX_POINT('',#6564);
#1928=VERTEX_POINT('',#6565);
#1929=VERTEX_POINT('',#6570);
#1930=VERTEX_POINT('',#6574);
#1931=VERTEX_POINT('',#6586);
#1932=VERTEX_POINT('',#6587);
#1933=VERTEX_POINT('',#6592);
#1934=VERTEX_POINT('',#6596);
#1935=VERTEX_POINT('',#6600);
#1936=VERTEX_POINT('',#6601);
#1937=VERTEX_POINT('',#6606);
#1938=VERTEX_POINT('',#6610);
#1939=VERTEX_POINT('',#6614);
#1940=VERTEX_POINT('',#6618);
#1941=VERTEX_POINT('',#6630);
#1942=VERTEX_POINT('',#6634);
#1943=VERTEX_POINT('',#6635);
#1944=VERTEX_POINT('',#6644);
#1945=VERTEX_POINT('',#6646);
#1946=VERTEX_POINT('',#6650);
#1947=VERTEX_POINT('',#6652);
#1948=VERTEX_POINT('',#6656);
#1949=VERTEX_POINT('',#6657);
#1950=VERTEX_POINT('',#6673);
#1951=VERTEX_POINT('',#6674);
#1952=VERTEX_POINT('',#6677);
#1953=VERTEX_POINT('',#6679);
#1954=VERTEX_POINT('',#6681);
#1955=VERTEX_POINT('',#6683);
#1956=VERTEX_POINT('',#6687);
#1957=VERTEX_POINT('',#6688);
#1958=VERTEX_POINT('',#6690);
#1959=VERTEX_POINT('',#6692);
#1960=VERTEX_POINT('',#6694);
#1961=VERTEX_POINT('',#6696);
#1962=VERTEX_POINT('',#6698);
#1963=VERTEX_POINT('',#6700);
#1964=VERTEX_POINT('',#6703);
#1965=VERTEX_POINT('',#6704);
#1966=VERTEX_POINT('',#6706);
#1967=VERTEX_POINT('',#6709);
#1968=VERTEX_POINT('',#6711);
#1969=VERTEX_POINT('',#6713);
#1970=VERTEX_POINT('',#6717);
#1971=VERTEX_POINT('',#6719);
#1972=VERTEX_POINT('',#6723);
#1973=VERTEX_POINT('',#6725);
#1974=VERTEX_POINT('',#6731);
#1975=VERTEX_POINT('',#6732);
#1976=VERTEX_POINT('',#6734);
#1977=VERTEX_POINT('',#6736);
#1978=VERTEX_POINT('',#6740);
#1979=VERTEX_POINT('',#6741);
#1980=VERTEX_POINT('',#6746);
#1981=VERTEX_POINT('',#6747);
#1982=VERTEX_POINT('',#6752);
#1983=VERTEX_POINT('',#6753);
#1984=VERTEX_POINT('',#6758);
#1985=VERTEX_POINT('',#6759);
#1986=VERTEX_POINT('',#6764);
#1987=VERTEX_POINT('',#6765);
#1988=VERTEX_POINT('',#6770);
#1989=VERTEX_POINT('',#6771);
#1990=VERTEX_POINT('',#6813);
#1991=VERTEX_POINT('',#6814);
#1992=VERTEX_POINT('',#6816);
#1993=VERTEX_POINT('',#6818);
#1994=VERTEX_POINT('',#6820);
#1995=VERTEX_POINT('',#6822);
#1996=VERTEX_POINT('',#6824);
#1997=VERTEX_POINT('',#6826);
#1998=VERTEX_POINT('',#6830);
#1999=VERTEX_POINT('',#6832);
#2000=VERTEX_POINT('',#6836);
#2001=VERTEX_POINT('',#6840);
#2002=VERTEX_POINT('',#6844);
#2003=VERTEX_POINT('',#6848);
#2004=VERTEX_POINT('',#6852);
#2005=VERTEX_POINT('',#6856);
#2006=VERTEX_POINT('',#6876);
#2007=VERTEX_POINT('',#6877);
#2008=VERTEX_POINT('',#6879);
#2009=VERTEX_POINT('',#6881);
#2010=VERTEX_POINT('',#6885);
#2011=VERTEX_POINT('',#6887);
#2012=VERTEX_POINT('',#6891);
#2013=VERTEX_POINT('',#6893);
#2014=VERTEX_POINT('',#6900);
#2015=VERTEX_POINT('',#6901);
#2016=VERTEX_POINT('',#6903);
#2017=VERTEX_POINT('',#6905);
#2018=VERTEX_POINT('',#6909);
#2019=VERTEX_POINT('',#6911);
#2020=VERTEX_POINT('',#6915);
#2021=VERTEX_POINT('',#6917);
#2022=VERTEX_POINT('',#6924);
#2023=VERTEX_POINT('',#6925);
#2024=VERTEX_POINT('',#6927);
#2025=VERTEX_POINT('',#6929);
#2026=VERTEX_POINT('',#6933);
#2027=VERTEX_POINT('',#6935);
#2028=VERTEX_POINT('',#6939);
#2029=VERTEX_POINT('',#6941);
#2030=VERTEX_POINT('',#6948);
#2031=VERTEX_POINT('',#6949);
#2032=VERTEX_POINT('',#6951);
#2033=VERTEX_POINT('',#6953);
#2034=VERTEX_POINT('',#6957);
#2035=VERTEX_POINT('',#6959);
#2036=VERTEX_POINT('',#6963);
#2037=VERTEX_POINT('',#6965);
#2038=VERTEX_POINT('',#6972);
#2039=VERTEX_POINT('',#6973);
#2040=VERTEX_POINT('',#6975);
#2041=VERTEX_POINT('',#6977);
#2042=VERTEX_POINT('',#6981);
#2043=VERTEX_POINT('',#6983);
#2044=VERTEX_POINT('',#6987);
#2045=VERTEX_POINT('',#6989);
#2046=VERTEX_POINT('',#6993);
#2047=VERTEX_POINT('',#6995);
#2048=VERTEX_POINT('',#6999);
#2049=VERTEX_POINT('',#7001);
#2050=VERTEX_POINT('',#7005);
#2051=VERTEX_POINT('',#7007);
#2052=VERTEX_POINT('',#7011);
#2053=VERTEX_POINT('',#7013);
#2054=VERTEX_POINT('',#7017);
#2055=VERTEX_POINT('',#7019);
#2056=VERTEX_POINT('',#7023);
#2057=VERTEX_POINT('',#7025);
#2058=VERTEX_POINT('',#7029);
#2059=VERTEX_POINT('',#7031);
#2060=VERTEX_POINT('',#7035);
#2061=VERTEX_POINT('',#7037);
#2062=VERTEX_POINT('',#7041);
#2063=VERTEX_POINT('',#7043);
#2064=VERTEX_POINT('',#7047);
#2065=VERTEX_POINT('',#7049);
#2066=EDGE_CURVE('',#1682,#1683,#740,.T.);
#2067=EDGE_CURVE('',#1684,#1682,#741,.T.);
#2068=EDGE_CURVE('',#1685,#1684,#742,.T.);
#2069=EDGE_CURVE('',#1683,#1685,#743,.T.);
#2070=EDGE_CURVE('',#1686,#1682,#744,.T.);
#2071=EDGE_CURVE('',#1686,#1684,#745,.T.);
#2072=EDGE_CURVE('',#1683,#1687,#746,.T.);
#2073=EDGE_CURVE('',#1687,#1685,#747,.T.);
#2074=EDGE_CURVE('',#1687,#1686,#748,.T.);
#2075=EDGE_CURVE('',#1688,#1689,#749,.T.);
#2076=EDGE_CURVE('',#1690,#1688,#750,.T.);
#2077=EDGE_CURVE('',#1691,#1690,#751,.T.);
#2078=EDGE_CURVE('',#1689,#1691,#752,.T.);
#2079=EDGE_CURVE('',#1692,#1688,#753,.T.);
#2080=EDGE_CURVE('',#1692,#1690,#754,.T.);
#2081=EDGE_CURVE('',#1689,#1693,#755,.T.);
#2082=EDGE_CURVE('',#1693,#1691,#756,.T.);
#2083=EDGE_CURVE('',#1693,#1692,#757,.T.);
#2084=EDGE_CURVE('',#1694,#1695,#758,.T.);
#2085=EDGE_CURVE('',#1694,#1696,#759,.T.);
#2086=EDGE_CURVE('',#1697,#1696,#760,.T.);
#2087=EDGE_CURVE('',#1695,#1697,#761,.T.);
#2088=EDGE_CURVE('',#1698,#1694,#762,.T.);
#2089=EDGE_CURVE('',#1696,#1698,#763,.T.);
#2090=EDGE_CURVE('',#1695,#1699,#764,.T.);
#2091=EDGE_CURVE('',#1699,#1697,#765,.T.);
#2092=EDGE_CURVE('',#1699,#1698,#766,.T.);
#2093=EDGE_CURVE('',#1700,#1701,#767,.T.);
#2094=EDGE_CURVE('',#1700,#1702,#768,.T.);
#2095=EDGE_CURVE('',#1703,#1702,#769,.T.);
#2096=EDGE_CURVE('',#1701,#1703,#770,.T.);
#2097=EDGE_CURVE('',#1704,#1700,#771,.T.);
#2098=EDGE_CURVE('',#1702,#1704,#772,.T.);
#2099=EDGE_CURVE('',#1701,#1705,#773,.T.);
#2100=EDGE_CURVE('',#1705,#1703,#774,.T.);
#2101=EDGE_CURVE('',#1705,#1704,#775,.T.);
#2102=EDGE_CURVE('',#1706,#1707,#776,.T.);
#2103=EDGE_CURVE('',#1706,#1708,#777,.T.);
#2104=EDGE_CURVE('',#1709,#1708,#778,.T.);
#2105=EDGE_CURVE('',#1707,#1709,#779,.T.);
#2106=EDGE_CURVE('',#1710,#1706,#780,.T.);
#2107=EDGE_CURVE('',#1708,#1710,#781,.T.);
#2108=EDGE_CURVE('',#1707,#1711,#782,.T.);
#2109=EDGE_CURVE('',#1711,#1709,#783,.T.);
#2110=EDGE_CURVE('',#1711,#1710,#784,.T.);
#2111=EDGE_CURVE('',#1712,#1713,#785,.T.);
#2112=EDGE_CURVE('',#1712,#1714,#786,.T.);
#2113=EDGE_CURVE('',#1715,#1714,#787,.T.);
#2114=EDGE_CURVE('',#1713,#1715,#788,.T.);
#2115=EDGE_CURVE('',#1716,#1712,#789,.T.);
#2116=EDGE_CURVE('',#1714,#1716,#790,.T.);
#2117=EDGE_CURVE('',#1713,#1717,#791,.T.);
#2118=EDGE_CURVE('',#1717,#1715,#792,.T.);
#2119=EDGE_CURVE('',#1717,#1716,#793,.T.);
#2120=EDGE_CURVE('',#1718,#1719,#794,.T.);
#2121=EDGE_CURVE('',#1718,#1720,#795,.T.);
#2122=EDGE_CURVE('',#1721,#1720,#796,.T.);
#2123=EDGE_CURVE('',#1719,#1721,#797,.T.);
#2124=EDGE_CURVE('',#1722,#1718,#798,.T.);
#2125=EDGE_CURVE('',#1720,#1722,#799,.T.);
#2126=EDGE_CURVE('',#1719,#1723,#800,.T.);
#2127=EDGE_CURVE('',#1723,#1721,#801,.T.);
#2128=EDGE_CURVE('',#1723,#1722,#802,.T.);
#2129=EDGE_CURVE('',#1724,#1725,#803,.T.);
#2130=EDGE_CURVE('',#1724,#1726,#804,.T.);
#2131=EDGE_CURVE('',#1727,#1726,#805,.T.);
#2132=EDGE_CURVE('',#1725,#1727,#806,.T.);
#2133=EDGE_CURVE('',#1728,#1724,#807,.T.);
#2134=EDGE_CURVE('',#1726,#1728,#808,.T.);
#2135=EDGE_CURVE('',#1725,#1729,#809,.T.);
#2136=EDGE_CURVE('',#1729,#1727,#810,.T.);
#2137=EDGE_CURVE('',#1729,#1728,#811,.T.);
#2138=EDGE_CURVE('',#1730,#1731,#812,.T.);
#2139=EDGE_CURVE('',#1732,#1730,#813,.T.);
#2140=EDGE_CURVE('',#1733,#1732,#814,.T.);
#2141=EDGE_CURVE('',#1731,#1733,#815,.T.);
#2142=EDGE_CURVE('',#1734,#1730,#816,.T.);
#2143=EDGE_CURVE('',#1734,#1732,#817,.T.);
#2144=EDGE_CURVE('',#1731,#1735,#818,.T.);
#2145=EDGE_CURVE('',#1735,#1733,#819,.T.);
#2146=EDGE_CURVE('',#1735,#1734,#820,.T.);
#2147=EDGE_CURVE('',#1736,#1737,#821,.T.);
#2148=EDGE_CURVE('',#1738,#1736,#822,.T.);
#2149=EDGE_CURVE('',#1739,#1738,#823,.T.);
#2150=EDGE_CURVE('',#1737,#1739,#824,.T.);
#2151=EDGE_CURVE('',#1740,#1736,#825,.T.);
#2152=EDGE_CURVE('',#1740,#1738,#826,.T.);
#2153=EDGE_CURVE('',#1737,#1741,#827,.T.);
#2154=EDGE_CURVE('',#1741,#1739,#828,.T.);
#2155=EDGE_CURVE('',#1741,#1740,#829,.T.);
#2156=EDGE_CURVE('',#1742,#1743,#830,.T.);
#2157=EDGE_CURVE('',#1744,#1742,#831,.T.);
#2158=EDGE_CURVE('',#1745,#1744,#832,.T.);
#2159=EDGE_CURVE('',#1743,#1745,#833,.T.);
#2160=EDGE_CURVE('',#1746,#1742,#834,.T.);
#2161=EDGE_CURVE('',#1746,#1744,#835,.T.);
#2162=EDGE_CURVE('',#1743,#1747,#836,.T.);
#2163=EDGE_CURVE('',#1747,#1745,#837,.T.);
#2164=EDGE_CURVE('',#1747,#1746,#838,.T.);
#2165=EDGE_CURVE('',#1748,#1749,#839,.T.);
#2166=EDGE_CURVE('',#1750,#1748,#840,.T.);
#2167=EDGE_CURVE('',#1751,#1750,#841,.T.);
#2168=EDGE_CURVE('',#1749,#1751,#842,.T.);
#2169=EDGE_CURVE('',#1752,#1748,#843,.T.);
#2170=EDGE_CURVE('',#1752,#1750,#844,.T.);
#2171=EDGE_CURVE('',#1749,#1753,#845,.T.);
#2172=EDGE_CURVE('',#1753,#1751,#846,.T.);
#2173=EDGE_CURVE('',#1753,#1752,#847,.T.);
#2174=EDGE_CURVE('',#1754,#1755,#848,.T.);
#2175=EDGE_CURVE('',#1756,#1754,#849,.T.);
#2176=EDGE_CURVE('',#1757,#1756,#850,.T.);
#2177=EDGE_CURVE('',#1755,#1757,#851,.T.);
#2178=EDGE_CURVE('',#1758,#1754,#852,.T.);
#2179=EDGE_CURVE('',#1758,#1756,#853,.T.);
#2180=EDGE_CURVE('',#1755,#1759,#854,.T.);
#2181=EDGE_CURVE('',#1759,#1757,#855,.T.);
#2182=EDGE_CURVE('',#1759,#1758,#856,.T.);
#2183=EDGE_CURVE('',#1760,#1761,#857,.T.);
#2184=EDGE_CURVE('',#1762,#1760,#858,.T.);
#2185=EDGE_CURVE('',#1763,#1762,#859,.T.);
#2186=EDGE_CURVE('',#1761,#1763,#860,.T.);
#2187=EDGE_CURVE('',#1764,#1760,#861,.T.);
#2188=EDGE_CURVE('',#1764,#1762,#862,.T.);
#2189=EDGE_CURVE('',#1761,#1765,#863,.T.);
#2190=EDGE_CURVE('',#1765,#1763,#864,.T.);
#2191=EDGE_CURVE('',#1765,#1764,#865,.T.);
#2192=EDGE_CURVE('',#1766,#1767,#866,.T.);
#2193=EDGE_CURVE('',#1768,#1766,#867,.T.);
#2194=EDGE_CURVE('',#1769,#1768,#868,.T.);
#2195=EDGE_CURVE('',#1767,#1769,#869,.T.);
#2196=EDGE_CURVE('',#1770,#1766,#870,.T.);
#2197=EDGE_CURVE('',#1770,#1768,#871,.T.);
#2198=EDGE_CURVE('',#1767,#1771,#872,.T.);
#2199=EDGE_CURVE('',#1771,#1769,#873,.T.);
#2200=EDGE_CURVE('',#1771,#1770,#874,.T.);
#2201=EDGE_CURVE('',#1772,#1773,#875,.T.);
#2202=EDGE_CURVE('',#1774,#1772,#876,.T.);
#2203=EDGE_CURVE('',#1775,#1774,#877,.T.);
#2204=EDGE_CURVE('',#1773,#1775,#878,.T.);
#2205=EDGE_CURVE('',#1776,#1772,#879,.T.);
#2206=EDGE_CURVE('',#1776,#1774,#880,.T.);
#2207=EDGE_CURVE('',#1773,#1777,#881,.T.);
#2208=EDGE_CURVE('',#1777,#1775,#882,.T.);
#2209=EDGE_CURVE('',#1777,#1776,#883,.T.);
#2210=EDGE_CURVE('',#1778,#1779,#884,.T.);
#2211=EDGE_CURVE('',#1778,#1780,#885,.T.);
#2212=EDGE_CURVE('',#1781,#1780,#886,.T.);
#2213=EDGE_CURVE('',#1779,#1781,#887,.T.);
#2214=EDGE_CURVE('',#1782,#1778,#888,.T.);
#2215=EDGE_CURVE('',#1780,#1782,#889,.T.);
#2216=EDGE_CURVE('',#1779,#1783,#890,.T.);
#2217=EDGE_CURVE('',#1783,#1781,#891,.T.);
#2218=EDGE_CURVE('',#1783,#1782,#892,.T.);
#2219=EDGE_CURVE('',#1784,#1785,#893,.T.);
#2220=EDGE_CURVE('',#1784,#1786,#894,.T.);
#2221=EDGE_CURVE('',#1787,#1786,#895,.T.);
#2222=EDGE_CURVE('',#1785,#1787,#896,.T.);
#2223=EDGE_CURVE('',#1788,#1784,#897,.T.);
#2224=EDGE_CURVE('',#1786,#1788,#898,.T.);
#2225=EDGE_CURVE('',#1785,#1789,#899,.T.);
#2226=EDGE_CURVE('',#1789,#1787,#900,.T.);
#2227=EDGE_CURVE('',#1789,#1788,#901,.T.);
#2228=EDGE_CURVE('',#1790,#1791,#902,.T.);
#2229=EDGE_CURVE('',#1790,#1792,#903,.T.);
#2230=EDGE_CURVE('',#1793,#1792,#904,.T.);
#2231=EDGE_CURVE('',#1791,#1793,#905,.T.);
#2232=EDGE_CURVE('',#1794,#1790,#906,.T.);
#2233=EDGE_CURVE('',#1792,#1794,#907,.T.);
#2234=EDGE_CURVE('',#1791,#1795,#908,.T.);
#2235=EDGE_CURVE('',#1795,#1793,#909,.T.);
#2236=EDGE_CURVE('',#1795,#1794,#910,.T.);
#2237=EDGE_CURVE('',#1796,#1797,#911,.T.);
#2238=EDGE_CURVE('',#1796,#1798,#912,.T.);
#2239=EDGE_CURVE('',#1799,#1798,#913,.T.);
#2240=EDGE_CURVE('',#1797,#1799,#914,.T.);
#2241=EDGE_CURVE('',#1800,#1796,#915,.T.);
#2242=EDGE_CURVE('',#1798,#1800,#916,.T.);
#2243=EDGE_CURVE('',#1797,#1801,#917,.T.);
#2244=EDGE_CURVE('',#1801,#1799,#918,.T.);
#2245=EDGE_CURVE('',#1801,#1800,#919,.T.);
#2246=EDGE_CURVE('',#1802,#1803,#122,.T.);
#2247=EDGE_CURVE('',#1803,#1804,#920,.T.);
#2248=EDGE_CURVE('',#1804,#1805,#921,.T.);
#2249=EDGE_CURVE('',#1805,#1806,#922,.T.);
#2250=EDGE_CURVE('',#1806,#1807,#123,.T.);
#2251=EDGE_CURVE('',#1808,#1807,#923,.T.);
#2252=EDGE_CURVE('',#1808,#1809,#124,.T.);
#2253=EDGE_CURVE('',#1809,#1810,#924,.T.);
#2254=EDGE_CURVE('',#1810,#1811,#125,.T.);
#2255=EDGE_CURVE('',#1802,#1811,#925,.T.);
#2256=EDGE_CURVE('',#1812,#1813,#126,.T.);
#2257=EDGE_CURVE('',#1813,#1814,#926,.T.);
#2258=EDGE_CURVE('',#1815,#1814,#127,.T.);
#2259=EDGE_CURVE('',#1812,#1815,#927,.T.);
#2260=EDGE_CURVE('',#1816,#1817,#128,.T.);
#2261=EDGE_CURVE('',#1817,#1818,#928,.T.);
#2262=EDGE_CURVE('',#1819,#1818,#129,.T.);
#2263=EDGE_CURVE('',#1816,#1819,#929,.T.);
#2264=EDGE_CURVE('',#1820,#1816,#930,.T.);
#2265=EDGE_CURVE('',#1821,#1819,#931,.T.);
#2266=EDGE_CURVE('',#1820,#1821,#932,.T.);
#2267=EDGE_CURVE('',#1822,#1820,#130,.T.);
#2268=EDGE_CURVE('',#1823,#1821,#131,.T.);
#2269=EDGE_CURVE('',#1822,#1823,#933,.T.);
#2270=EDGE_CURVE('',#1824,#1825,#132,.T.);
#2271=EDGE_CURVE('',#1825,#1826,#934,.T.);
#2272=EDGE_CURVE('',#1827,#1826,#133,.T.);
#2273=EDGE_CURVE('',#1824,#1827,#935,.T.);
#2274=EDGE_CURVE('',#1828,#1824,#936,.T.);
#2275=EDGE_CURVE('',#1829,#1827,#937,.T.);
#2276=EDGE_CURVE('',#1828,#1829,#938,.T.);
#2277=EDGE_CURVE('',#1830,#1828,#134,.T.);
#2278=EDGE_CURVE('',#1831,#1829,#135,.T.);
#2279=EDGE_CURVE('',#1830,#1831,#939,.T.);
#2280=EDGE_CURVE('',#1832,#1833,#136,.T.);
#2281=EDGE_CURVE('',#1833,#1834,#940,.T.);
#2282=EDGE_CURVE('',#1835,#1834,#137,.T.);
#2283=EDGE_CURVE('',#1832,#1835,#941,.T.);
#2284=EDGE_CURVE('',#1836,#1832,#942,.T.);
#2285=EDGE_CURVE('',#1837,#1835,#943,.T.);
#2286=EDGE_CURVE('',#1836,#1837,#944,.T.);
#2287=EDGE_CURVE('',#1838,#1836,#945,.T.);
#2288=EDGE_CURVE('',#1839,#1837,#946,.T.);
#2289=EDGE_CURVE('',#1838,#1839,#947,.T.);
#2290=EDGE_CURVE('',#1840,#1838,#948,.T.);
#2291=EDGE_CURVE('',#1841,#1839,#949,.T.);
#2292=EDGE_CURVE('',#1840,#1841,#950,.T.);
#2293=EDGE_CURVE('',#1842,#1840,#138,.T.);
#2294=EDGE_CURVE('',#1843,#1841,#139,.T.);
#2295=EDGE_CURVE('',#1842,#1843,#951,.T.);
#2296=EDGE_CURVE('',#1844,#1845,#140,.T.);
#2297=EDGE_CURVE('',#1845,#1846,#952,.T.);
#2298=EDGE_CURVE('',#1847,#1846,#141,.T.);
#2299=EDGE_CURVE('',#1844,#1847,#953,.T.);
#2300=EDGE_CURVE('',#1813,#1844,#954,.T.);
#2301=EDGE_CURVE('',#1814,#1847,#955,.T.);
#2302=EDGE_CURVE('',#1846,#1843,#956,.T.);
#2303=EDGE_CURVE('',#1834,#1831,#957,.T.);
#2304=EDGE_CURVE('',#1826,#1823,#958,.T.);
#2305=EDGE_CURVE('',#1818,#1815,#959,.T.);
#2306=EDGE_CURVE('',#1848,#1849,#960,.T.);
#2307=EDGE_CURVE('',#1848,#1850,#961,.T.);
#2308=EDGE_CURVE('',#1850,#1851,#962,.T.);
#2309=EDGE_CURVE('',#1851,#1849,#963,.T.);
#2310=EDGE_CURVE('',#1852,#1853,#964,.T.);
#2311=EDGE_CURVE('',#1852,#1854,#965,.T.);
#2312=EDGE_CURVE('',#1854,#1855,#966,.T.);
#2313=EDGE_CURVE('',#1855,#1853,#967,.T.);
#2314=EDGE_CURVE('',#1856,#1857,#968,.T.);
#2315=EDGE_CURVE('',#1856,#1858,#969,.T.);
#2316=EDGE_CURVE('',#1858,#1859,#970,.T.);
#2317=EDGE_CURVE('',#1859,#1857,#971,.T.);
#2318=EDGE_CURVE('',#1860,#1861,#972,.T.);
#2319=EDGE_CURVE('',#1860,#1862,#973,.T.);
#2320=EDGE_CURVE('',#1862,#1863,#974,.T.);
#2321=EDGE_CURVE('',#1863,#1861,#975,.T.);
#2322=EDGE_CURVE('',#1864,#1865,#976,.T.);
#2323=EDGE_CURVE('',#1864,#1859,#977,.T.);
#2324=EDGE_CURVE('',#1865,#1858,#978,.T.);
#2325=EDGE_CURVE('',#1856,#1866,#979,.T.);
#2326=EDGE_CURVE('',#1867,#1866,#980,.T.);
#2327=EDGE_CURVE('',#1865,#1867,#981,.T.);
#2328=EDGE_CURVE('',#1868,#1853,#982,.T.);
#2329=EDGE_CURVE('',#1866,#1868,#983,.T.);
#2330=EDGE_CURVE('',#1869,#1857,#984,.T.);
#2331=EDGE_CURVE('',#1870,#1869,#985,.T.);
#2332=EDGE_CURVE('',#1871,#1870,#986,.T.);
#2333=EDGE_CURVE('',#1872,#1871,#987,.T.);
#2334=EDGE_CURVE('',#1872,#1873,#988,.T.);
#2335=EDGE_CURVE('',#1874,#1873,#989,.T.);
#2336=EDGE_CURVE('',#1852,#1874,#990,.T.);
#2337=EDGE_CURVE('',#1875,#1876,#991,.T.);
#2338=EDGE_CURVE('',#1875,#1855,#992,.T.);
#2339=EDGE_CURVE('',#1876,#1854,#993,.T.);
#2340=EDGE_CURVE('',#1877,#1874,#994,.T.);
#2341=EDGE_CURVE('',#1876,#1877,#995,.T.);
#2342=EDGE_CURVE('',#1878,#1875,#996,.T.);
#2343=EDGE_CURVE('',#1868,#1878,#997,.T.);
#2344=EDGE_CURVE('',#1879,#1880,#998,.T.);
#2345=EDGE_CURVE('',#1879,#1851,#999,.T.);
#2346=EDGE_CURVE('',#1880,#1850,#1000,.T.);
#2347=EDGE_CURVE('',#1849,#1881,#1001,.T.);
#2348=EDGE_CURVE('',#1881,#1882,#1002,.T.);
#2349=EDGE_CURVE('',#1882,#1848,#1003,.T.);
#2350=EDGE_CURVE('',#1883,#1884,#1004,.T.);
#2351=EDGE_CURVE('',#1883,#1863,#1005,.T.);
#2352=EDGE_CURVE('',#1884,#1862,#1006,.T.);
#2353=EDGE_CURVE('',#1861,#1885,#1007,.T.);
#2354=EDGE_CURVE('',#1885,#1886,#1008,.T.);
#2355=EDGE_CURVE('',#1886,#1860,#1009,.T.);
#2356=EDGE_CURVE('',#1887,#1888,#1010,.T.);
#2357=EDGE_CURVE('',#1888,#1882,#1011,.T.);
#2358=EDGE_CURVE('',#1887,#1881,#1012,.T.);
#2359=EDGE_CURVE('',#1879,#1889,#1013,.T.);
#2360=EDGE_CURVE('',#1887,#1889,#1014,.T.);
#2361=EDGE_CURVE('',#1890,#1888,#1015,.T.);
#2362=EDGE_CURVE('',#1890,#1880,#1016,.T.);
#2363=EDGE_CURVE('',#1889,#1890,#1017,.T.);
#2364=EDGE_CURVE('',#1888,#1891,#1018,.T.);
#2365=EDGE_CURVE('',#1891,#1892,#1019,.T.);
#2366=EDGE_CURVE('',#1892,#1893,#1020,.T.);
#2367=EDGE_CURVE('',#1893,#1894,#1021,.T.);
#2368=EDGE_CURVE('',#1894,#1895,#1022,.T.);
#2369=EDGE_CURVE('',#1895,#1870,#1023,.T.);
#2370=EDGE_CURVE('',#1869,#1896,#1024,.T.);
#2371=EDGE_CURVE('',#1896,#1867,#1025,.T.);
#2372=EDGE_CURVE('',#1878,#1877,#1026,.T.);
#2373=EDGE_CURVE('',#1873,#1897,#1027,.T.);
#2374=EDGE_CURVE('',#1897,#1887,#1028,.T.);
#2375=EDGE_CURVE('',#1898,#1899,#1029,.T.);
#2376=EDGE_CURVE('',#1899,#1900,#1030,.T.);
#2377=EDGE_CURVE('',#1900,#1901,#1031,.T.);
#2378=EDGE_CURVE('',#1901,#1898,#1032,.T.);
#2379=EDGE_CURVE('',#1891,#1894,#1033,.T.);
#2380=EDGE_CURVE('',#1894,#1886,#1034,.T.);
#2381=EDGE_CURVE('',#1891,#1885,#1035,.T.);
#2382=EDGE_CURVE('',#1893,#1884,#1036,.T.);
#2383=EDGE_CURVE('',#1883,#1892,#1037,.T.);
#2384=EDGE_CURVE('',#1896,#1864,#1038,.T.);
#2385=EDGE_CURVE('',#1902,#1903,#46,.T.);
#2386=EDGE_CURVE('',#1904,#1902,#40,.T.);
#2387=EDGE_CURVE('',#1904,#1895,#1039,.T.);
#2388=EDGE_CURVE('',#1905,#1897,#1040,.T.);
#2389=EDGE_CURVE('',#1903,#1905,#1041,.T.);
#2390=EDGE_CURVE('',#1906,#1904,#41,.T.);
#2391=EDGE_CURVE('',#1871,#1906,#1042,.T.);
#2392=EDGE_CURVE('',#1907,#1908,#1043,.T.);
#2393=EDGE_CURVE('',#1907,#1898,#1044,.T.);
#2394=EDGE_CURVE('',#1908,#1901,#1045,.T.);
#2395=EDGE_CURVE('',#1908,#1909,#1046,.T.);
#2396=EDGE_CURVE('',#1909,#1900,#1047,.T.);
#2397=EDGE_CURVE('',#1910,#1911,#42,.T.);
#2398=EDGE_CURVE('',#1909,#1910,#1048,.T.);
#2399=EDGE_CURVE('',#1911,#1899,#1049,.T.);
#2400=EDGE_CURVE('',#1911,#1912,#43,.T.);
#2401=EDGE_CURVE('',#1912,#1907,#1050,.T.);
#2402=EDGE_CURVE('',#1905,#1872,#1051,.T.);
#2403=EDGE_CURVE('',#1913,#1807,#142,.T.);
#2404=EDGE_CURVE('',#1913,#1914,#1052,.T.);
#2405=EDGE_CURVE('',#1915,#1914,#1053,.T.);
#2406=EDGE_CURVE('',#1903,#1915,#1054,.T.);
#2407=EDGE_CURVE('',#1906,#1808,#143,.T.);
#2408=EDGE_CURVE('',#1902,#1916,#144,.T.);
#2409=EDGE_CURVE('',#1916,#1809,#145,.T.);
#2410=EDGE_CURVE('',#1910,#1912,#146,.T.);
#2411=EDGE_CURVE('',#1917,#1917,#147,.T.);
#2412=EDGE_CURVE('',#1917,#1918,#1055,.T.);
#2413=EDGE_CURVE('',#1918,#1918,#148,.T.);
#2414=EDGE_CURVE('',#1919,#1920,#1056,.F.);
#2415=EDGE_CURVE('',#1920,#1805,#149,.T.);
#2416=EDGE_CURVE('',#1919,#1804,#150,.T.);
#2417=EDGE_CURVE('',#1921,#1919,#1057,.T.);
#2418=EDGE_CURVE('',#1921,#1803,#151,.T.);
#2419=EDGE_CURVE('',#1922,#1921,#152,.T.);
#2420=EDGE_CURVE('',#1922,#1802,#153,.T.);
#2421=EDGE_CURVE('',#1923,#1924,#154,.T.);
#2422=EDGE_CURVE('',#1924,#1811,#155,.T.);
#2423=EDGE_CURVE('',#1923,#1810,#156,.T.);
#2424=EDGE_CURVE('',#1916,#1923,#1058,.T.);
#2425=EDGE_CURVE('',#1925,#1913,#157,.T.);
#2426=EDGE_CURVE('',#1925,#1806,#158,.T.);
#2427=EDGE_CURVE('',#1920,#1925,#1059,.T.);
#2428=EDGE_CURVE('',#1926,#1813,#159,.T.);
#2429=EDGE_CURVE('',#1926,#1812,#160,.T.);
#2430=EDGE_CURVE('',#1927,#1928,#161,.T.);
#2431=EDGE_CURVE('',#1928,#1817,#162,.T.);
#2432=EDGE_CURVE('',#1927,#1816,#163,.T.);
#2433=EDGE_CURVE('',#1929,#1927,#1060,.T.);
#2434=EDGE_CURVE('',#1929,#1820,#164,.T.);
#2435=EDGE_CURVE('',#1930,#1929,#165,.T.);
#2436=EDGE_CURVE('',#1930,#1822,#166,.T.);
#2437=EDGE_CURVE('',#1931,#1932,#167,.T.);
#2438=EDGE_CURVE('',#1932,#1825,#168,.T.);
#2439=EDGE_CURVE('',#1931,#1824,#169,.T.);
#2440=EDGE_CURVE('',#1933,#1931,#1061,.T.);
#2441=EDGE_CURVE('',#1933,#1828,#170,.T.);
#2442=EDGE_CURVE('',#1934,#1933,#171,.T.);
#2443=EDGE_CURVE('',#1934,#1830,#172,.T.);
#2444=EDGE_CURVE('',#1935,#1936,#173,.T.);
#2445=EDGE_CURVE('',#1936,#1833,#174,.T.);
#2446=EDGE_CURVE('',#1935,#1832,#175,.T.);
#2447=EDGE_CURVE('',#1937,#1935,#1062,.T.);
#2448=EDGE_CURVE('',#1937,#1836,#176,.T.);
#2449=EDGE_CURVE('',#1938,#1937,#1063,.F.);
#2450=EDGE_CURVE('',#1938,#1838,#177,.T.);
#2451=EDGE_CURVE('',#1939,#1938,#1064,.T.);
#2452=EDGE_CURVE('',#1939,#1840,#178,.T.);
#2453=EDGE_CURVE('',#1940,#1939,#179,.T.);
#2454=EDGE_CURVE('',#1940,#1842,#180,.T.);
#2455=EDGE_CURVE('',#1844,#1941,#181,.T.);
#2456=EDGE_CURVE('',#1941,#1845,#182,.T.);
#2457=EDGE_CURVE('',#1942,#1943,#44,.T.);
#2458=EDGE_CURVE('',#1942,#1944,#183,.T.);
#2459=EDGE_CURVE('',#1945,#1944,#184,.T.);
#2460=EDGE_CURVE('',#1945,#1943,#185,.T.);
#2461=EDGE_CURVE('',#1944,#1946,#1065,.T.);
#2462=EDGE_CURVE('',#1946,#1947,#186,.T.);
#2463=EDGE_CURVE('',#1947,#1945,#1066,.T.);
#2464=EDGE_CURVE('',#1948,#1949,#45,.F.);
#2465=EDGE_CURVE('',#1948,#1947,#187,.T.);
#2466=EDGE_CURVE('',#1946,#1949,#188,.T.);
#2467=EDGE_CURVE('',#1950,#1951,#1067,.T.);
#2468=EDGE_CURVE('',#1949,#1951,#1068,.T.);
#2469=EDGE_CURVE('',#1942,#1952,#1069,.T.);
#2470=EDGE_CURVE('',#1952,#1953,#189,.T.);
#2471=EDGE_CURVE('',#1953,#1954,#1070,.T.);
#2472=EDGE_CURVE('',#1954,#1955,#190,.T.);
#2473=EDGE_CURVE('',#1955,#1950,#1071,.T.);
#2474=EDGE_CURVE('',#1956,#1957,#1072,.T.);
#2475=EDGE_CURVE('',#1957,#1958,#191,.T.);
#2476=EDGE_CURVE('',#1958,#1959,#1073,.T.);
#2477=EDGE_CURVE('',#1959,#1960,#192,.T.);
#2478=EDGE_CURVE('',#1960,#1961,#1074,.T.);
#2479=EDGE_CURVE('',#1961,#1962,#193,.T.);
#2480=EDGE_CURVE('',#1962,#1963,#1075,.T.);
#2481=EDGE_CURVE('',#1963,#1956,#194,.T.);
#2482=EDGE_CURVE('',#1964,#1965,#195,.T.);
#2483=EDGE_CURVE('',#1965,#1966,#1076,.T.);
#2484=EDGE_CURVE('',#1966,#1915,#196,.T.);
#2485=EDGE_CURVE('',#1914,#1967,#197,.T.);
#2486=EDGE_CURVE('',#1967,#1968,#1077,.T.);
#2487=EDGE_CURVE('',#1968,#1969,#198,.T.);
#2488=EDGE_CURVE('',#1969,#1964,#1078,.T.);
#2489=EDGE_CURVE('',#1921,#1970,#1079,.T.);
#2490=EDGE_CURVE('',#1971,#1970,#1080,.T.);
#2491=EDGE_CURVE('',#1971,#1919,#1081,.F.);
#2492=EDGE_CURVE('',#1970,#1972,#199,.T.);
#2493=EDGE_CURVE('',#1972,#1973,#1082,.T.);
#2494=EDGE_CURVE('',#1971,#1973,#1083,.F.);
#2495=EDGE_CURVE('',#1973,#1920,#1084,.T.);
#2496=EDGE_CURVE('',#1974,#1975,#200,.T.);
#2497=EDGE_CURVE('',#1975,#1976,#201,.T.);
#2498=EDGE_CURVE('',#1977,#1976,#202,.T.);
#2499=EDGE_CURVE('',#1977,#1974,#203,.T.);
#2500=EDGE_CURVE('',#1978,#1979,#204,.T.);
#2501=EDGE_CURVE('',#1978,#1977,#1085,.T.);
#2502=EDGE_CURVE('',#1976,#1979,#1086,.T.);
#2503=EDGE_CURVE('',#1980,#1981,#205,.T.);
#2504=EDGE_CURVE('',#1980,#1978,#206,.T.);
#2505=EDGE_CURVE('',#1979,#1981,#207,.T.);
#2506=EDGE_CURVE('',#1982,#1983,#208,.T.);
#2507=EDGE_CURVE('',#1982,#1980,#1087,.T.);
#2508=EDGE_CURVE('',#1981,#1983,#1088,.T.);
#2509=EDGE_CURVE('',#1984,#1985,#209,.T.);
#2510=EDGE_CURVE('',#1985,#1982,#210,.T.);
#2511=EDGE_CURVE('',#1983,#1984,#211,.T.);
#2512=EDGE_CURVE('',#1986,#1987,#212,.T.);
#2513=EDGE_CURVE('',#1987,#1985,#1089,.T.);
#2514=EDGE_CURVE('',#1984,#1986,#1090,.T.);
#2515=EDGE_CURVE('',#1988,#1989,#213,.T.);
#2516=EDGE_CURVE('',#1989,#1987,#214,.T.);
#2517=EDGE_CURVE('',#1986,#1988,#215,.T.);
#2518=EDGE_CURVE('',#1974,#1989,#1091,.T.);
#2519=EDGE_CURVE('',#1988,#1975,#1092,.T.);
#2520=EDGE_CURVE('',#1922,#1969,#1093,.T.);
#2521=EDGE_CURVE('',#1972,#1968,#1094,.T.);
#2522=EDGE_CURVE('',#1923,#1965,#1095,.T.);
#2523=EDGE_CURVE('',#1916,#1966,#1096,.T.);
#2524=EDGE_CURVE('',#1925,#1967,#1097,.T.);
#2525=EDGE_CURVE('',#1964,#1924,#1098,.T.);
#2526=EDGE_CURVE('',#1947,#1930,#1099,.T.);
#2527=EDGE_CURVE('',#1945,#1932,#1100,.T.);
#2528=EDGE_CURVE('',#1943,#1931,#1101,.T.);
#2529=EDGE_CURVE('',#1813,#1961,#1102,.T.);
#2530=EDGE_CURVE('',#1926,#1962,#1103,.T.);
#2531=EDGE_CURVE('',#1928,#1963,#1104,.T.);
#2532=EDGE_CURVE('',#1927,#1956,#1105,.T.);
#2533=EDGE_CURVE('',#1948,#1929,#1106,.T.);
#2534=EDGE_CURVE('',#1960,#1844,#1107,.T.);
#2535=EDGE_CURVE('',#1952,#1933,#1108,.T.);
#2536=EDGE_CURVE('',#1958,#1940,#1109,.T.);
#2537=EDGE_CURVE('',#1959,#1941,#1110,.T.);
#2538=EDGE_CURVE('',#1990,#1991,#1111,.T.);
#2539=EDGE_CURVE('',#1992,#1990,#216,.T.);
#2540=EDGE_CURVE('',#1993,#1992,#1112,.T.);
#2541=EDGE_CURVE('',#1994,#1993,#217,.T.);
#2542=EDGE_CURVE('',#1995,#1994,#1113,.T.);
#2543=EDGE_CURVE('',#1996,#1995,#218,.T.);
#2544=EDGE_CURVE('',#1997,#1996,#1114,.T.);
#2545=EDGE_CURVE('',#1991,#1997,#219,.T.);
#2546=EDGE_CURVE('',#1998,#1990,#220,.T.);
#2547=EDGE_CURVE('',#1991,#1999,#221,.T.);
#2548=EDGE_CURVE('',#1999,#1998,#1115,.T.);
#2549=EDGE_CURVE('',#1997,#2000,#222,.T.);
#2550=EDGE_CURVE('',#2000,#1999,#223,.T.);
#2551=EDGE_CURVE('',#1996,#2001,#224,.T.);
#2552=EDGE_CURVE('',#2001,#2000,#1116,.T.);
#2553=EDGE_CURVE('',#1995,#2002,#225,.T.);
#2554=EDGE_CURVE('',#2002,#2001,#226,.T.);
#2555=EDGE_CURVE('',#2003,#1994,#227,.T.);
#2556=EDGE_CURVE('',#2003,#2002,#1117,.T.);
#2557=EDGE_CURVE('',#2004,#1993,#228,.T.);
#2558=EDGE_CURVE('',#2004,#2003,#229,.T.);
#2559=EDGE_CURVE('',#2005,#1992,#230,.T.);
#2560=EDGE_CURVE('',#2005,#2004,#1118,.T.);
#2561=EDGE_CURVE('',#1998,#2005,#231,.T.);
#2562=EDGE_CURVE('',#1953,#1934,#1119,.T.);
#2563=EDGE_CURVE('',#1954,#1936,#1120,.T.);
#2564=EDGE_CURVE('',#1957,#1939,#1121,.T.);
#2565=EDGE_CURVE('',#1951,#1938,#1122,.F.);
#2566=EDGE_CURVE('',#1950,#1937,#1123,.T.);
#2567=EDGE_CURVE('',#1955,#1935,#1124,.T.);
#2568=EDGE_CURVE('',#2006,#2007,#1125,.T.);
#2569=EDGE_CURVE('',#2007,#2008,#1126,.T.);
#2570=EDGE_CURVE('',#2009,#2008,#1127,.T.);
#2571=EDGE_CURVE('',#2006,#2009,#1128,.T.);
#2572=EDGE_CURVE('',#2010,#2006,#1129,.T.);
#2573=EDGE_CURVE('',#2011,#2009,#1130,.T.);
#2574=EDGE_CURVE('',#2010,#2011,#1131,.T.);
#2575=EDGE_CURVE('',#2012,#2010,#1132,.T.);
#2576=EDGE_CURVE('',#2013,#2011,#1133,.T.);
#2577=EDGE_CURVE('',#2012,#2013,#1134,.T.);
#2578=EDGE_CURVE('',#2007,#2012,#1135,.T.);
#2579=EDGE_CURVE('',#2008,#2013,#1136,.T.);
#2580=EDGE_CURVE('',#2014,#2015,#1137,.T.);
#2581=EDGE_CURVE('',#2015,#2016,#1138,.T.);
#2582=EDGE_CURVE('',#2017,#2016,#1139,.T.);
#2583=EDGE_CURVE('',#2014,#2017,#1140,.T.);
#2584=EDGE_CURVE('',#2018,#2014,#1141,.T.);
#2585=EDGE_CURVE('',#2019,#2017,#1142,.T.);
#2586=EDGE_CURVE('',#2018,#2019,#1143,.T.);
#2587=EDGE_CURVE('',#2020,#2018,#1144,.T.);
#2588=EDGE_CURVE('',#2021,#2019,#1145,.T.);
#2589=EDGE_CURVE('',#2020,#2021,#1146,.T.);
#2590=EDGE_CURVE('',#2015,#2020,#1147,.T.);
#2591=EDGE_CURVE('',#2016,#2021,#1148,.T.);
#2592=EDGE_CURVE('',#2022,#2023,#1149,.T.);
#2593=EDGE_CURVE('',#2023,#2024,#1150,.T.);
#2594=EDGE_CURVE('',#2025,#2024,#1151,.T.);
#2595=EDGE_CURVE('',#2022,#2025,#1152,.T.);
#2596=EDGE_CURVE('',#2026,#2022,#1153,.T.);
#2597=EDGE_CURVE('',#2027,#2025,#1154,.T.);
#2598=EDGE_CURVE('',#2026,#2027,#1155,.T.);
#2599=EDGE_CURVE('',#2028,#2026,#1156,.T.);
#2600=EDGE_CURVE('',#2029,#2027,#1157,.T.);
#2601=EDGE_CURVE('',#2028,#2029,#1158,.T.);
#2602=EDGE_CURVE('',#2023,#2028,#1159,.T.);
#2603=EDGE_CURVE('',#2024,#2029,#1160,.T.);
#2604=EDGE_CURVE('',#2030,#2031,#1161,.T.);
#2605=EDGE_CURVE('',#2031,#2032,#1162,.T.);
#2606=EDGE_CURVE('',#2033,#2032,#1163,.T.);
#2607=EDGE_CURVE('',#2030,#2033,#1164,.T.);
#2608=EDGE_CURVE('',#2034,#2030,#1165,.T.);
#2609=EDGE_CURVE('',#2035,#2033,#1166,.T.);
#2610=EDGE_CURVE('',#2034,#2035,#1167,.T.);
#2611=EDGE_CURVE('',#2036,#2034,#1168,.T.);
#2612=EDGE_CURVE('',#2037,#2035,#1169,.T.);
#2613=EDGE_CURVE('',#2036,#2037,#1170,.T.);
#2614=EDGE_CURVE('',#2031,#2036,#1171,.T.);
#2615=EDGE_CURVE('',#2032,#2037,#1172,.T.);
#2616=EDGE_CURVE('',#2038,#2039,#1173,.T.);
#2617=EDGE_CURVE('',#2039,#2040,#1174,.T.);
#2618=EDGE_CURVE('',#2041,#2040,#1175,.T.);
#2619=EDGE_CURVE('',#2038,#2041,#1176,.T.);
#2620=EDGE_CURVE('',#2042,#2038,#1177,.T.);
#2621=EDGE_CURVE('',#2043,#2041,#1178,.T.);
#2622=EDGE_CURVE('',#2042,#2043,#1179,.T.);
#2623=EDGE_CURVE('',#2044,#2042,#1180,.T.);
#2624=EDGE_CURVE('',#2045,#2043,#1181,.T.);
#2625=EDGE_CURVE('',#2044,#2045,#1182,.T.);
#2626=EDGE_CURVE('',#2046,#2044,#1183,.T.);
#2627=EDGE_CURVE('',#2047,#2045,#1184,.T.);
#2628=EDGE_CURVE('',#2046,#2047,#1185,.T.);
#2629=EDGE_CURVE('',#2048,#2046,#1186,.T.);
#2630=EDGE_CURVE('',#2049,#2047,#1187,.T.);
#2631=EDGE_CURVE('',#2048,#2049,#1188,.T.);
#2632=EDGE_CURVE('',#2050,#2048,#232,.T.);
#2633=EDGE_CURVE('',#2051,#2049,#233,.T.);
#2634=EDGE_CURVE('',#2050,#2051,#1189,.T.);
#2635=EDGE_CURVE('',#2052,#2050,#1190,.T.);
#2636=EDGE_CURVE('',#2053,#2051,#1191,.T.);
#2637=EDGE_CURVE('',#2052,#2053,#1192,.T.);
#2638=EDGE_CURVE('',#2054,#2052,#1193,.T.);
#2639=EDGE_CURVE('',#2055,#2053,#1194,.T.);
#2640=EDGE_CURVE('',#2054,#2055,#1195,.T.);
#2641=EDGE_CURVE('',#2056,#2054,#1196,.T.);
#2642=EDGE_CURVE('',#2057,#2055,#1197,.T.);
#2643=EDGE_CURVE('',#2056,#2057,#1198,.T.);
#2644=EDGE_CURVE('',#2058,#2056,#1199,.T.);
#2645=EDGE_CURVE('',#2059,#2057,#1200,.T.);
#2646=EDGE_CURVE('',#2058,#2059,#1201,.T.);
#2647=EDGE_CURVE('',#2060,#2058,#1202,.T.);
#2648=EDGE_CURVE('',#2061,#2059,#1203,.T.);
#2649=EDGE_CURVE('',#2060,#2061,#1204,.T.);
#2650=EDGE_CURVE('',#2062,#2060,#234,.T.);
#2651=EDGE_CURVE('',#2063,#2061,#235,.T.);
#2652=EDGE_CURVE('',#2062,#2063,#1205,.T.);
#2653=EDGE_CURVE('',#2064,#2062,#1206,.T.);
#2654=EDGE_CURVE('',#2065,#2063,#1207,.T.);
#2655=EDGE_CURVE('',#2064,#2065,#1208,.T.);
#2656=EDGE_CURVE('',#2039,#2064,#1209,.T.);
#2657=EDGE_CURVE('',#2040,#2065,#1210,.T.);
#2658=ORIENTED_EDGE('',*,*,#2066,.F.);
#2659=ORIENTED_EDGE('',*,*,#2067,.F.);
#2660=ORIENTED_EDGE('',*,*,#2068,.F.);
#2661=ORIENTED_EDGE('',*,*,#2069,.F.);
#2662=ORIENTED_EDGE('',*,*,#2070,.F.);
#2663=ORIENTED_EDGE('',*,*,#2071,.T.);
#2664=ORIENTED_EDGE('',*,*,#2067,.T.);
#2665=ORIENTED_EDGE('',*,*,#2072,.F.);
#2666=ORIENTED_EDGE('',*,*,#2069,.T.);
#2667=ORIENTED_EDGE('',*,*,#2073,.F.);
#2668=ORIENTED_EDGE('',*,*,#2074,.F.);
#2669=ORIENTED_EDGE('',*,*,#2073,.T.);
#2670=ORIENTED_EDGE('',*,*,#2068,.T.);
#2671=ORIENTED_EDGE('',*,*,#2071,.F.);
#2672=ORIENTED_EDGE('',*,*,#2075,.F.);
#2673=ORIENTED_EDGE('',*,*,#2076,.F.);
#2674=ORIENTED_EDGE('',*,*,#2077,.F.);
#2675=ORIENTED_EDGE('',*,*,#2078,.F.);
#2676=ORIENTED_EDGE('',*,*,#2079,.F.);
#2677=ORIENTED_EDGE('',*,*,#2080,.T.);
#2678=ORIENTED_EDGE('',*,*,#2076,.T.);
#2679=ORIENTED_EDGE('',*,*,#2081,.F.);
#2680=ORIENTED_EDGE('',*,*,#2078,.T.);
#2681=ORIENTED_EDGE('',*,*,#2082,.F.);
#2682=ORIENTED_EDGE('',*,*,#2083,.F.);
#2683=ORIENTED_EDGE('',*,*,#2082,.T.);
#2684=ORIENTED_EDGE('',*,*,#2077,.T.);
#2685=ORIENTED_EDGE('',*,*,#2080,.F.);
#2686=ORIENTED_EDGE('',*,*,#2084,.F.);
#2687=ORIENTED_EDGE('',*,*,#2085,.T.);
#2688=ORIENTED_EDGE('',*,*,#2086,.F.);
#2689=ORIENTED_EDGE('',*,*,#2087,.F.);
#2690=ORIENTED_EDGE('',*,*,#2088,.F.);
#2691=ORIENTED_EDGE('',*,*,#2089,.F.);
#2692=ORIENTED_EDGE('',*,*,#2085,.F.);
#2693=ORIENTED_EDGE('',*,*,#2090,.F.);
#2694=ORIENTED_EDGE('',*,*,#2087,.T.);
#2695=ORIENTED_EDGE('',*,*,#2091,.F.);
#2696=ORIENTED_EDGE('',*,*,#2092,.F.);
#2697=ORIENTED_EDGE('',*,*,#2091,.T.);
#2698=ORIENTED_EDGE('',*,*,#2086,.T.);
#2699=ORIENTED_EDGE('',*,*,#2089,.T.);
#2700=ORIENTED_EDGE('',*,*,#2093,.F.);
#2701=ORIENTED_EDGE('',*,*,#2094,.T.);
#2702=ORIENTED_EDGE('',*,*,#2095,.F.);
#2703=ORIENTED_EDGE('',*,*,#2096,.F.);
#2704=ORIENTED_EDGE('',*,*,#2097,.F.);
#2705=ORIENTED_EDGE('',*,*,#2098,.F.);
#2706=ORIENTED_EDGE('',*,*,#2094,.F.);
#2707=ORIENTED_EDGE('',*,*,#2099,.F.);
#2708=ORIENTED_EDGE('',*,*,#2096,.T.);
#2709=ORIENTED_EDGE('',*,*,#2100,.F.);
#2710=ORIENTED_EDGE('',*,*,#2101,.F.);
#2711=ORIENTED_EDGE('',*,*,#2100,.T.);
#2712=ORIENTED_EDGE('',*,*,#2095,.T.);
#2713=ORIENTED_EDGE('',*,*,#2098,.T.);
#2714=ORIENTED_EDGE('',*,*,#2102,.F.);
#2715=ORIENTED_EDGE('',*,*,#2103,.T.);
#2716=ORIENTED_EDGE('',*,*,#2104,.F.);
#2717=ORIENTED_EDGE('',*,*,#2105,.F.);
#2718=ORIENTED_EDGE('',*,*,#2106,.F.);
#2719=ORIENTED_EDGE('',*,*,#2107,.F.);
#2720=ORIENTED_EDGE('',*,*,#2103,.F.);
#2721=ORIENTED_EDGE('',*,*,#2108,.F.);
#2722=ORIENTED_EDGE('',*,*,#2105,.T.);
#2723=ORIENTED_EDGE('',*,*,#2109,.F.);
#2724=ORIENTED_EDGE('',*,*,#2110,.F.);
#2725=ORIENTED_EDGE('',*,*,#2109,.T.);
#2726=ORIENTED_EDGE('',*,*,#2104,.T.);
#2727=ORIENTED_EDGE('',*,*,#2107,.T.);
#2728=ORIENTED_EDGE('',*,*,#2111,.F.);
#2729=ORIENTED_EDGE('',*,*,#2112,.T.);
#2730=ORIENTED_EDGE('',*,*,#2113,.F.);
#2731=ORIENTED_EDGE('',*,*,#2114,.F.);
#2732=ORIENTED_EDGE('',*,*,#2115,.F.);
#2733=ORIENTED_EDGE('',*,*,#2116,.F.);
#2734=ORIENTED_EDGE('',*,*,#2112,.F.);
#2735=ORIENTED_EDGE('',*,*,#2117,.F.);
#2736=ORIENTED_EDGE('',*,*,#2114,.T.);
#2737=ORIENTED_EDGE('',*,*,#2118,.F.);
#2738=ORIENTED_EDGE('',*,*,#2119,.F.);
#2739=ORIENTED_EDGE('',*,*,#2118,.T.);
#2740=ORIENTED_EDGE('',*,*,#2113,.T.);
#2741=ORIENTED_EDGE('',*,*,#2116,.T.);
#2742=ORIENTED_EDGE('',*,*,#2120,.F.);
#2743=ORIENTED_EDGE('',*,*,#2121,.T.);
#2744=ORIENTED_EDGE('',*,*,#2122,.F.);
#2745=ORIENTED_EDGE('',*,*,#2123,.F.);
#2746=ORIENTED_EDGE('',*,*,#2124,.F.);
#2747=ORIENTED_EDGE('',*,*,#2125,.F.);
#2748=ORIENTED_EDGE('',*,*,#2121,.F.);
#2749=ORIENTED_EDGE('',*,*,#2126,.F.);
#2750=ORIENTED_EDGE('',*,*,#2123,.T.);
#2751=ORIENTED_EDGE('',*,*,#2127,.F.);
#2752=ORIENTED_EDGE('',*,*,#2128,.F.);
#2753=ORIENTED_EDGE('',*,*,#2127,.T.);
#2754=ORIENTED_EDGE('',*,*,#2122,.T.);
#2755=ORIENTED_EDGE('',*,*,#2125,.T.);
#2756=ORIENTED_EDGE('',*,*,#2129,.F.);
#2757=ORIENTED_EDGE('',*,*,#2130,.T.);
#2758=ORIENTED_EDGE('',*,*,#2131,.F.);
#2759=ORIENTED_EDGE('',*,*,#2132,.F.);
#2760=ORIENTED_EDGE('',*,*,#2133,.F.);
#2761=ORIENTED_EDGE('',*,*,#2134,.F.);
#2762=ORIENTED_EDGE('',*,*,#2130,.F.);
#2763=ORIENTED_EDGE('',*,*,#2135,.F.);
#2764=ORIENTED_EDGE('',*,*,#2132,.T.);
#2765=ORIENTED_EDGE('',*,*,#2136,.F.);
#2766=ORIENTED_EDGE('',*,*,#2137,.F.);
#2767=ORIENTED_EDGE('',*,*,#2136,.T.);
#2768=ORIENTED_EDGE('',*,*,#2131,.T.);
#2769=ORIENTED_EDGE('',*,*,#2134,.T.);
#2770=ORIENTED_EDGE('',*,*,#2138,.F.);
#2771=ORIENTED_EDGE('',*,*,#2139,.F.);
#2772=ORIENTED_EDGE('',*,*,#2140,.F.);
#2773=ORIENTED_EDGE('',*,*,#2141,.F.);
#2774=ORIENTED_EDGE('',*,*,#2142,.F.);
#2775=ORIENTED_EDGE('',*,*,#2143,.T.);
#2776=ORIENTED_EDGE('',*,*,#2139,.T.);
#2777=ORIENTED_EDGE('',*,*,#2144,.F.);
#2778=ORIENTED_EDGE('',*,*,#2141,.T.);
#2779=ORIENTED_EDGE('',*,*,#2145,.F.);
#2780=ORIENTED_EDGE('',*,*,#2146,.F.);
#2781=ORIENTED_EDGE('',*,*,#2145,.T.);
#2782=ORIENTED_EDGE('',*,*,#2140,.T.);
#2783=ORIENTED_EDGE('',*,*,#2143,.F.);
#2784=ORIENTED_EDGE('',*,*,#2147,.F.);
#2785=ORIENTED_EDGE('',*,*,#2148,.F.);
#2786=ORIENTED_EDGE('',*,*,#2149,.F.);
#2787=ORIENTED_EDGE('',*,*,#2150,.F.);
#2788=ORIENTED_EDGE('',*,*,#2151,.F.);
#2789=ORIENTED_EDGE('',*,*,#2152,.T.);
#2790=ORIENTED_EDGE('',*,*,#2148,.T.);
#2791=ORIENTED_EDGE('',*,*,#2153,.F.);
#2792=ORIENTED_EDGE('',*,*,#2150,.T.);
#2793=ORIENTED_EDGE('',*,*,#2154,.F.);
#2794=ORIENTED_EDGE('',*,*,#2155,.F.);
#2795=ORIENTED_EDGE('',*,*,#2154,.T.);
#2796=ORIENTED_EDGE('',*,*,#2149,.T.);
#2797=ORIENTED_EDGE('',*,*,#2152,.F.);
#2798=ORIENTED_EDGE('',*,*,#2156,.F.);
#2799=ORIENTED_EDGE('',*,*,#2157,.F.);
#2800=ORIENTED_EDGE('',*,*,#2158,.F.);
#2801=ORIENTED_EDGE('',*,*,#2159,.F.);
#2802=ORIENTED_EDGE('',*,*,#2160,.F.);
#2803=ORIENTED_EDGE('',*,*,#2161,.T.);
#2804=ORIENTED_EDGE('',*,*,#2157,.T.);
#2805=ORIENTED_EDGE('',*,*,#2162,.F.);
#2806=ORIENTED_EDGE('',*,*,#2159,.T.);
#2807=ORIENTED_EDGE('',*,*,#2163,.F.);
#2808=ORIENTED_EDGE('',*,*,#2164,.F.);
#2809=ORIENTED_EDGE('',*,*,#2163,.T.);
#2810=ORIENTED_EDGE('',*,*,#2158,.T.);
#2811=ORIENTED_EDGE('',*,*,#2161,.F.);
#2812=ORIENTED_EDGE('',*,*,#2165,.F.);
#2813=ORIENTED_EDGE('',*,*,#2166,.F.);
#2814=ORIENTED_EDGE('',*,*,#2167,.F.);
#2815=ORIENTED_EDGE('',*,*,#2168,.F.);
#2816=ORIENTED_EDGE('',*,*,#2169,.F.);
#2817=ORIENTED_EDGE('',*,*,#2170,.T.);
#2818=ORIENTED_EDGE('',*,*,#2166,.T.);
#2819=ORIENTED_EDGE('',*,*,#2171,.F.);
#2820=ORIENTED_EDGE('',*,*,#2168,.T.);
#2821=ORIENTED_EDGE('',*,*,#2172,.F.);
#2822=ORIENTED_EDGE('',*,*,#2173,.F.);
#2823=ORIENTED_EDGE('',*,*,#2172,.T.);
#2824=ORIENTED_EDGE('',*,*,#2167,.T.);
#2825=ORIENTED_EDGE('',*,*,#2170,.F.);
#2826=ORIENTED_EDGE('',*,*,#2174,.F.);
#2827=ORIENTED_EDGE('',*,*,#2175,.F.);
#2828=ORIENTED_EDGE('',*,*,#2176,.F.);
#2829=ORIENTED_EDGE('',*,*,#2177,.F.);
#2830=ORIENTED_EDGE('',*,*,#2178,.F.);
#2831=ORIENTED_EDGE('',*,*,#2179,.T.);
#2832=ORIENTED_EDGE('',*,*,#2175,.T.);
#2833=ORIENTED_EDGE('',*,*,#2180,.F.);
#2834=ORIENTED_EDGE('',*,*,#2177,.T.);
#2835=ORIENTED_EDGE('',*,*,#2181,.F.);
#2836=ORIENTED_EDGE('',*,*,#2182,.F.);
#2837=ORIENTED_EDGE('',*,*,#2181,.T.);
#2838=ORIENTED_EDGE('',*,*,#2176,.T.);
#2839=ORIENTED_EDGE('',*,*,#2179,.F.);
#2840=ORIENTED_EDGE('',*,*,#2183,.F.);
#2841=ORIENTED_EDGE('',*,*,#2184,.F.);
#2842=ORIENTED_EDGE('',*,*,#2185,.F.);
#2843=ORIENTED_EDGE('',*,*,#2186,.F.);
#2844=ORIENTED_EDGE('',*,*,#2187,.F.);
#2845=ORIENTED_EDGE('',*,*,#2188,.T.);
#2846=ORIENTED_EDGE('',*,*,#2184,.T.);
#2847=ORIENTED_EDGE('',*,*,#2189,.F.);
#2848=ORIENTED_EDGE('',*,*,#2186,.T.);
#2849=ORIENTED_EDGE('',*,*,#2190,.F.);
#2850=ORIENTED_EDGE('',*,*,#2191,.F.);
#2851=ORIENTED_EDGE('',*,*,#2190,.T.);
#2852=ORIENTED_EDGE('',*,*,#2185,.T.);
#2853=ORIENTED_EDGE('',*,*,#2188,.F.);
#2854=ORIENTED_EDGE('',*,*,#2192,.F.);
#2855=ORIENTED_EDGE('',*,*,#2193,.F.);
#2856=ORIENTED_EDGE('',*,*,#2194,.F.);
#2857=ORIENTED_EDGE('',*,*,#2195,.F.);
#2858=ORIENTED_EDGE('',*,*,#2196,.F.);
#2859=ORIENTED_EDGE('',*,*,#2197,.T.);
#2860=ORIENTED_EDGE('',*,*,#2193,.T.);
#2861=ORIENTED_EDGE('',*,*,#2198,.F.);
#2862=ORIENTED_EDGE('',*,*,#2195,.T.);
#2863=ORIENTED_EDGE('',*,*,#2199,.F.);
#2864=ORIENTED_EDGE('',*,*,#2200,.F.);
#2865=ORIENTED_EDGE('',*,*,#2199,.T.);
#2866=ORIENTED_EDGE('',*,*,#2194,.T.);
#2867=ORIENTED_EDGE('',*,*,#2197,.F.);
#2868=ORIENTED_EDGE('',*,*,#2201,.F.);
#2869=ORIENTED_EDGE('',*,*,#2202,.F.);
#2870=ORIENTED_EDGE('',*,*,#2203,.F.);
#2871=ORIENTED_EDGE('',*,*,#2204,.F.);
#2872=ORIENTED_EDGE('',*,*,#2205,.F.);
#2873=ORIENTED_EDGE('',*,*,#2206,.T.);
#2874=ORIENTED_EDGE('',*,*,#2202,.T.);
#2875=ORIENTED_EDGE('',*,*,#2207,.F.);
#2876=ORIENTED_EDGE('',*,*,#2204,.T.);
#2877=ORIENTED_EDGE('',*,*,#2208,.F.);
#2878=ORIENTED_EDGE('',*,*,#2209,.F.);
#2879=ORIENTED_EDGE('',*,*,#2208,.T.);
#2880=ORIENTED_EDGE('',*,*,#2203,.T.);
#2881=ORIENTED_EDGE('',*,*,#2206,.F.);
#2882=ORIENTED_EDGE('',*,*,#2210,.F.);
#2883=ORIENTED_EDGE('',*,*,#2211,.T.);
#2884=ORIENTED_EDGE('',*,*,#2212,.F.);
#2885=ORIENTED_EDGE('',*,*,#2213,.F.);
#2886=ORIENTED_EDGE('',*,*,#2214,.F.);
#2887=ORIENTED_EDGE('',*,*,#2215,.F.);
#2888=ORIENTED_EDGE('',*,*,#2211,.F.);
#2889=ORIENTED_EDGE('',*,*,#2216,.F.);
#2890=ORIENTED_EDGE('',*,*,#2213,.T.);
#2891=ORIENTED_EDGE('',*,*,#2217,.F.);
#2892=ORIENTED_EDGE('',*,*,#2218,.F.);
#2893=ORIENTED_EDGE('',*,*,#2217,.T.);
#2894=ORIENTED_EDGE('',*,*,#2212,.T.);
#2895=ORIENTED_EDGE('',*,*,#2215,.T.);
#2896=ORIENTED_EDGE('',*,*,#2219,.F.);
#2897=ORIENTED_EDGE('',*,*,#2220,.T.);
#2898=ORIENTED_EDGE('',*,*,#2221,.F.);
#2899=ORIENTED_EDGE('',*,*,#2222,.F.);
#2900=ORIENTED_EDGE('',*,*,#2223,.F.);
#2901=ORIENTED_EDGE('',*,*,#2224,.F.);
#2902=ORIENTED_EDGE('',*,*,#2220,.F.);
#2903=ORIENTED_EDGE('',*,*,#2225,.F.);
#2904=ORIENTED_EDGE('',*,*,#2222,.T.);
#2905=ORIENTED_EDGE('',*,*,#2226,.F.);
#2906=ORIENTED_EDGE('',*,*,#2227,.F.);
#2907=ORIENTED_EDGE('',*,*,#2226,.T.);
#2908=ORIENTED_EDGE('',*,*,#2221,.T.);
#2909=ORIENTED_EDGE('',*,*,#2224,.T.);
#2910=ORIENTED_EDGE('',*,*,#2228,.F.);
#2911=ORIENTED_EDGE('',*,*,#2229,.T.);
#2912=ORIENTED_EDGE('',*,*,#2230,.F.);
#2913=ORIENTED_EDGE('',*,*,#2231,.F.);
#2914=ORIENTED_EDGE('',*,*,#2232,.F.);
#2915=ORIENTED_EDGE('',*,*,#2233,.F.);
#2916=ORIENTED_EDGE('',*,*,#2229,.F.);
#2917=ORIENTED_EDGE('',*,*,#2234,.F.);
#2918=ORIENTED_EDGE('',*,*,#2231,.T.);
#2919=ORIENTED_EDGE('',*,*,#2235,.F.);
#2920=ORIENTED_EDGE('',*,*,#2236,.F.);
#2921=ORIENTED_EDGE('',*,*,#2235,.T.);
#2922=ORIENTED_EDGE('',*,*,#2230,.T.);
#2923=ORIENTED_EDGE('',*,*,#2233,.T.);
#2924=ORIENTED_EDGE('',*,*,#2237,.F.);
#2925=ORIENTED_EDGE('',*,*,#2238,.T.);
#2926=ORIENTED_EDGE('',*,*,#2239,.F.);
#2927=ORIENTED_EDGE('',*,*,#2240,.F.);
#2928=ORIENTED_EDGE('',*,*,#2241,.F.);
#2929=ORIENTED_EDGE('',*,*,#2242,.F.);
#2930=ORIENTED_EDGE('',*,*,#2238,.F.);
#2931=ORIENTED_EDGE('',*,*,#2243,.F.);
#2932=ORIENTED_EDGE('',*,*,#2240,.T.);
#2933=ORIENTED_EDGE('',*,*,#2244,.F.);
#2934=ORIENTED_EDGE('',*,*,#2245,.F.);
#2935=ORIENTED_EDGE('',*,*,#2244,.T.);
#2936=ORIENTED_EDGE('',*,*,#2239,.T.);
#2937=ORIENTED_EDGE('',*,*,#2242,.T.);
#2938=ORIENTED_EDGE('',*,*,#2246,.T.);
#2939=ORIENTED_EDGE('',*,*,#2247,.T.);
#2940=ORIENTED_EDGE('',*,*,#2248,.T.);
#2941=ORIENTED_EDGE('',*,*,#2249,.T.);
#2942=ORIENTED_EDGE('',*,*,#2250,.T.);
#2943=ORIENTED_EDGE('',*,*,#2251,.F.);
#2944=ORIENTED_EDGE('',*,*,#2252,.T.);
#2945=ORIENTED_EDGE('',*,*,#2253,.T.);
#2946=ORIENTED_EDGE('',*,*,#2254,.T.);
#2947=ORIENTED_EDGE('',*,*,#2255,.F.);
#2948=ORIENTED_EDGE('',*,*,#2256,.T.);
#2949=ORIENTED_EDGE('',*,*,#2257,.T.);
#2950=ORIENTED_EDGE('',*,*,#2258,.F.);
#2951=ORIENTED_EDGE('',*,*,#2259,.F.);
#2952=ORIENTED_EDGE('',*,*,#2260,.T.);
#2953=ORIENTED_EDGE('',*,*,#2261,.T.);
#2954=ORIENTED_EDGE('',*,*,#2262,.F.);
#2955=ORIENTED_EDGE('',*,*,#2263,.F.);
#2956=ORIENTED_EDGE('',*,*,#2264,.T.);
#2957=ORIENTED_EDGE('',*,*,#2263,.T.);
#2958=ORIENTED_EDGE('',*,*,#2265,.F.);
#2959=ORIENTED_EDGE('',*,*,#2266,.F.);
#2960=ORIENTED_EDGE('',*,*,#2267,.T.);
#2961=ORIENTED_EDGE('',*,*,#2266,.T.);
#2962=ORIENTED_EDGE('',*,*,#2268,.F.);
#2963=ORIENTED_EDGE('',*,*,#2269,.F.);
#2964=ORIENTED_EDGE('',*,*,#2270,.T.);
#2965=ORIENTED_EDGE('',*,*,#2271,.T.);
#2966=ORIENTED_EDGE('',*,*,#2272,.F.);
#2967=ORIENTED_EDGE('',*,*,#2273,.F.);
#2968=ORIENTED_EDGE('',*,*,#2274,.T.);
#2969=ORIENTED_EDGE('',*,*,#2273,.T.);
#2970=ORIENTED_EDGE('',*,*,#2275,.F.);
#2971=ORIENTED_EDGE('',*,*,#2276,.F.);
#2972=ORIENTED_EDGE('',*,*,#2277,.T.);
#2973=ORIENTED_EDGE('',*,*,#2276,.T.);
#2974=ORIENTED_EDGE('',*,*,#2278,.F.);
#2975=ORIENTED_EDGE('',*,*,#2279,.F.);
#2976=ORIENTED_EDGE('',*,*,#2280,.T.);
#2977=ORIENTED_EDGE('',*,*,#2281,.T.);
#2978=ORIENTED_EDGE('',*,*,#2282,.F.);
#2979=ORIENTED_EDGE('',*,*,#2283,.F.);
#2980=ORIENTED_EDGE('',*,*,#2284,.T.);
#2981=ORIENTED_EDGE('',*,*,#2283,.T.);
#2982=ORIENTED_EDGE('',*,*,#2285,.F.);
#2983=ORIENTED_EDGE('',*,*,#2286,.F.);
#2984=ORIENTED_EDGE('',*,*,#2287,.T.);
#2985=ORIENTED_EDGE('',*,*,#2286,.T.);
#2986=ORIENTED_EDGE('',*,*,#2288,.F.);
#2987=ORIENTED_EDGE('',*,*,#2289,.F.);
#2988=ORIENTED_EDGE('',*,*,#2290,.T.);
#2989=ORIENTED_EDGE('',*,*,#2289,.T.);
#2990=ORIENTED_EDGE('',*,*,#2291,.F.);
#2991=ORIENTED_EDGE('',*,*,#2292,.F.);
#2992=ORIENTED_EDGE('',*,*,#2293,.T.);
#2993=ORIENTED_EDGE('',*,*,#2292,.T.);
#2994=ORIENTED_EDGE('',*,*,#2294,.F.);
#2995=ORIENTED_EDGE('',*,*,#2295,.F.);
#2996=ORIENTED_EDGE('',*,*,#2296,.T.);
#2997=ORIENTED_EDGE('',*,*,#2297,.T.);
#2998=ORIENTED_EDGE('',*,*,#2298,.F.);
#2999=ORIENTED_EDGE('',*,*,#2299,.F.);
#3000=ORIENTED_EDGE('',*,*,#2300,.T.);
#3001=ORIENTED_EDGE('',*,*,#2299,.T.);
#3002=ORIENTED_EDGE('',*,*,#2301,.F.);
#3003=ORIENTED_EDGE('',*,*,#2257,.F.);
#3004=ORIENTED_EDGE('',*,*,#2301,.T.);
#3005=ORIENTED_EDGE('',*,*,#2298,.T.);
#3006=ORIENTED_EDGE('',*,*,#2302,.T.);
#3007=ORIENTED_EDGE('',*,*,#2294,.T.);
#3008=ORIENTED_EDGE('',*,*,#2291,.T.);
#3009=ORIENTED_EDGE('',*,*,#2288,.T.);
#3010=ORIENTED_EDGE('',*,*,#2285,.T.);
#3011=ORIENTED_EDGE('',*,*,#2282,.T.);
#3012=ORIENTED_EDGE('',*,*,#2303,.T.);
#3013=ORIENTED_EDGE('',*,*,#2278,.T.);
#3014=ORIENTED_EDGE('',*,*,#2275,.T.);
#3015=ORIENTED_EDGE('',*,*,#2272,.T.);
#3016=ORIENTED_EDGE('',*,*,#2304,.T.);
#3017=ORIENTED_EDGE('',*,*,#2268,.T.);
#3018=ORIENTED_EDGE('',*,*,#2265,.T.);
#3019=ORIENTED_EDGE('',*,*,#2262,.T.);
#3020=ORIENTED_EDGE('',*,*,#2305,.T.);
#3021=ORIENTED_EDGE('',*,*,#2258,.T.);
#3022=ORIENTED_EDGE('',*,*,#2306,.F.);
#3023=ORIENTED_EDGE('',*,*,#2307,.T.);
#3024=ORIENTED_EDGE('',*,*,#2308,.T.);
#3025=ORIENTED_EDGE('',*,*,#2309,.T.);
#3026=ORIENTED_EDGE('',*,*,#2310,.F.);
#3027=ORIENTED_EDGE('',*,*,#2311,.T.);
#3028=ORIENTED_EDGE('',*,*,#2312,.T.);
#3029=ORIENTED_EDGE('',*,*,#2313,.T.);
#3030=ORIENTED_EDGE('',*,*,#2314,.F.);
#3031=ORIENTED_EDGE('',*,*,#2315,.T.);
#3032=ORIENTED_EDGE('',*,*,#2316,.T.);
#3033=ORIENTED_EDGE('',*,*,#2317,.T.);
#3034=ORIENTED_EDGE('',*,*,#2318,.F.);
#3035=ORIENTED_EDGE('',*,*,#2319,.T.);
#3036=ORIENTED_EDGE('',*,*,#2320,.T.);
#3037=ORIENTED_EDGE('',*,*,#2321,.T.);
#3038=ORIENTED_EDGE('',*,*,#2322,.F.);
#3039=ORIENTED_EDGE('',*,*,#2323,.T.);
#3040=ORIENTED_EDGE('',*,*,#2316,.F.);
#3041=ORIENTED_EDGE('',*,*,#2324,.F.);
#3042=ORIENTED_EDGE('',*,*,#2315,.F.);
#3043=ORIENTED_EDGE('',*,*,#2325,.T.);
#3044=ORIENTED_EDGE('',*,*,#2326,.F.);
#3045=ORIENTED_EDGE('',*,*,#2327,.F.);
#3046=ORIENTED_EDGE('',*,*,#2324,.T.);
#3047=ORIENTED_EDGE('',*,*,#2310,.T.);
#3048=ORIENTED_EDGE('',*,*,#2328,.F.);
#3049=ORIENTED_EDGE('',*,*,#2329,.F.);
#3050=ORIENTED_EDGE('',*,*,#2325,.F.);
#3051=ORIENTED_EDGE('',*,*,#2314,.T.);
#3052=ORIENTED_EDGE('',*,*,#2330,.F.);
#3053=ORIENTED_EDGE('',*,*,#2331,.F.);
#3054=ORIENTED_EDGE('',*,*,#2332,.F.);
#3055=ORIENTED_EDGE('',*,*,#2333,.F.);
#3056=ORIENTED_EDGE('',*,*,#2334,.T.);
#3057=ORIENTED_EDGE('',*,*,#2335,.F.);
#3058=ORIENTED_EDGE('',*,*,#2336,.F.);
#3059=ORIENTED_EDGE('',*,*,#2337,.F.);
#3060=ORIENTED_EDGE('',*,*,#2338,.T.);
#3061=ORIENTED_EDGE('',*,*,#2312,.F.);
#3062=ORIENTED_EDGE('',*,*,#2339,.F.);
#3063=ORIENTED_EDGE('',*,*,#2311,.F.);
#3064=ORIENTED_EDGE('',*,*,#2336,.T.);
#3065=ORIENTED_EDGE('',*,*,#2340,.F.);
#3066=ORIENTED_EDGE('',*,*,#2341,.F.);
#3067=ORIENTED_EDGE('',*,*,#2339,.T.);
#3068=ORIENTED_EDGE('',*,*,#2328,.T.);
#3069=ORIENTED_EDGE('',*,*,#2313,.F.);
#3070=ORIENTED_EDGE('',*,*,#2338,.F.);
#3071=ORIENTED_EDGE('',*,*,#2342,.F.);
#3072=ORIENTED_EDGE('',*,*,#2343,.F.);
#3073=ORIENTED_EDGE('',*,*,#2344,.F.);
#3074=ORIENTED_EDGE('',*,*,#2345,.T.);
#3075=ORIENTED_EDGE('',*,*,#2308,.F.);
#3076=ORIENTED_EDGE('',*,*,#2346,.F.);
#3077=ORIENTED_EDGE('',*,*,#2306,.T.);
#3078=ORIENTED_EDGE('',*,*,#2347,.T.);
#3079=ORIENTED_EDGE('',*,*,#2348,.T.);
#3080=ORIENTED_EDGE('',*,*,#2349,.T.);
#3081=ORIENTED_EDGE('',*,*,#2350,.F.);
#3082=ORIENTED_EDGE('',*,*,#2351,.T.);
#3083=ORIENTED_EDGE('',*,*,#2320,.F.);
#3084=ORIENTED_EDGE('',*,*,#2352,.F.);
#3085=ORIENTED_EDGE('',*,*,#2318,.T.);
#3086=ORIENTED_EDGE('',*,*,#2353,.T.);
#3087=ORIENTED_EDGE('',*,*,#2354,.T.);
#3088=ORIENTED_EDGE('',*,*,#2355,.T.);
#3089=ORIENTED_EDGE('',*,*,#2356,.T.);
#3090=ORIENTED_EDGE('',*,*,#2357,.T.);
#3091=ORIENTED_EDGE('',*,*,#2348,.F.);
#3092=ORIENTED_EDGE('',*,*,#2358,.F.);
#3093=ORIENTED_EDGE('',*,*,#2347,.F.);
#3094=ORIENTED_EDGE('',*,*,#2309,.F.);
#3095=ORIENTED_EDGE('',*,*,#2345,.F.);
#3096=ORIENTED_EDGE('',*,*,#2359,.T.);
#3097=ORIENTED_EDGE('',*,*,#2360,.F.);
#3098=ORIENTED_EDGE('',*,*,#2358,.T.);
#3099=ORIENTED_EDGE('',*,*,#2307,.F.);
#3100=ORIENTED_EDGE('',*,*,#2349,.F.);
#3101=ORIENTED_EDGE('',*,*,#2357,.F.);
#3102=ORIENTED_EDGE('',*,*,#2361,.F.);
#3103=ORIENTED_EDGE('',*,*,#2362,.T.);
#3104=ORIENTED_EDGE('',*,*,#2346,.T.);
#3105=ORIENTED_EDGE('',*,*,#2344,.T.);
#3106=ORIENTED_EDGE('',*,*,#2362,.F.);
#3107=ORIENTED_EDGE('',*,*,#2363,.F.);
#3108=ORIENTED_EDGE('',*,*,#2359,.F.);
#3109=ORIENTED_EDGE('',*,*,#2360,.T.);
#3110=ORIENTED_EDGE('',*,*,#2363,.T.);
#3111=ORIENTED_EDGE('',*,*,#2361,.T.);
#3112=ORIENTED_EDGE('',*,*,#2364,.T.);
#3113=ORIENTED_EDGE('',*,*,#2365,.T.);
#3114=ORIENTED_EDGE('',*,*,#2366,.T.);
#3115=ORIENTED_EDGE('',*,*,#2367,.T.);
#3116=ORIENTED_EDGE('',*,*,#2368,.T.);
#3117=ORIENTED_EDGE('',*,*,#2369,.T.);
#3118=ORIENTED_EDGE('',*,*,#2331,.T.);
#3119=ORIENTED_EDGE('',*,*,#2370,.T.);
#3120=ORIENTED_EDGE('',*,*,#2371,.T.);
#3121=ORIENTED_EDGE('',*,*,#2326,.T.);
#3122=ORIENTED_EDGE('',*,*,#2329,.T.);
#3123=ORIENTED_EDGE('',*,*,#2343,.T.);
#3124=ORIENTED_EDGE('',*,*,#2372,.T.);
#3125=ORIENTED_EDGE('',*,*,#2340,.T.);
#3126=ORIENTED_EDGE('',*,*,#2335,.T.);
#3127=ORIENTED_EDGE('',*,*,#2373,.T.);
#3128=ORIENTED_EDGE('',*,*,#2374,.T.);
#3129=ORIENTED_EDGE('',*,*,#2375,.T.);
#3130=ORIENTED_EDGE('',*,*,#2376,.T.);
#3131=ORIENTED_EDGE('',*,*,#2377,.T.);
#3132=ORIENTED_EDGE('',*,*,#2378,.T.);
#3133=ORIENTED_EDGE('',*,*,#2379,.T.);
#3134=ORIENTED_EDGE('',*,*,#2380,.T.);
#3135=ORIENTED_EDGE('',*,*,#2354,.F.);
#3136=ORIENTED_EDGE('',*,*,#2381,.F.);
#3137=ORIENTED_EDGE('',*,*,#2319,.F.);
#3138=ORIENTED_EDGE('',*,*,#2355,.F.);
#3139=ORIENTED_EDGE('',*,*,#2380,.F.);
#3140=ORIENTED_EDGE('',*,*,#2367,.F.);
#3141=ORIENTED_EDGE('',*,*,#2382,.T.);
#3142=ORIENTED_EDGE('',*,*,#2352,.T.);
#3143=ORIENTED_EDGE('',*,*,#2353,.F.);
#3144=ORIENTED_EDGE('',*,*,#2321,.F.);
#3145=ORIENTED_EDGE('',*,*,#2351,.F.);
#3146=ORIENTED_EDGE('',*,*,#2383,.T.);
#3147=ORIENTED_EDGE('',*,*,#2365,.F.);
#3148=ORIENTED_EDGE('',*,*,#2381,.T.);
#3149=ORIENTED_EDGE('',*,*,#2350,.T.);
#3150=ORIENTED_EDGE('',*,*,#2382,.F.);
#3151=ORIENTED_EDGE('',*,*,#2366,.F.);
#3152=ORIENTED_EDGE('',*,*,#2383,.F.);
#3153=ORIENTED_EDGE('',*,*,#2337,.T.);
#3154=ORIENTED_EDGE('',*,*,#2341,.T.);
#3155=ORIENTED_EDGE('',*,*,#2372,.F.);
#3156=ORIENTED_EDGE('',*,*,#2342,.T.);
#3157=ORIENTED_EDGE('',*,*,#2330,.T.);
#3158=ORIENTED_EDGE('',*,*,#2317,.F.);
#3159=ORIENTED_EDGE('',*,*,#2323,.F.);
#3160=ORIENTED_EDGE('',*,*,#2384,.F.);
#3161=ORIENTED_EDGE('',*,*,#2370,.F.);
#3162=ORIENTED_EDGE('',*,*,#2322,.T.);
#3163=ORIENTED_EDGE('',*,*,#2327,.T.);
#3164=ORIENTED_EDGE('',*,*,#2371,.F.);
#3165=ORIENTED_EDGE('',*,*,#2384,.T.);
#3166=ORIENTED_EDGE('',*,*,#2385,.F.);
#3167=ORIENTED_EDGE('',*,*,#2386,.F.);
#3168=ORIENTED_EDGE('',*,*,#2387,.T.);
#3169=ORIENTED_EDGE('',*,*,#2368,.F.);
#3170=ORIENTED_EDGE('',*,*,#2379,.F.);
#3171=ORIENTED_EDGE('',*,*,#2364,.F.);
#3172=ORIENTED_EDGE('',*,*,#2356,.F.);
#3173=ORIENTED_EDGE('',*,*,#2374,.F.);
#3174=ORIENTED_EDGE('',*,*,#2388,.F.);
#3175=ORIENTED_EDGE('',*,*,#2389,.F.);
#3176=ORIENTED_EDGE('',*,*,#2390,.F.);
#3177=ORIENTED_EDGE('',*,*,#2391,.F.);
#3178=ORIENTED_EDGE('',*,*,#2332,.T.);
#3179=ORIENTED_EDGE('',*,*,#2369,.F.);
#3180=ORIENTED_EDGE('',*,*,#2387,.F.);
#3181=ORIENTED_EDGE('',*,*,#2392,.F.);
#3182=ORIENTED_EDGE('',*,*,#2393,.T.);
#3183=ORIENTED_EDGE('',*,*,#2378,.F.);
#3184=ORIENTED_EDGE('',*,*,#2394,.F.);
#3185=ORIENTED_EDGE('',*,*,#2395,.F.);
#3186=ORIENTED_EDGE('',*,*,#2394,.T.);
#3187=ORIENTED_EDGE('',*,*,#2377,.F.);
#3188=ORIENTED_EDGE('',*,*,#2396,.F.);
#3189=ORIENTED_EDGE('',*,*,#2397,.F.);
#3190=ORIENTED_EDGE('',*,*,#2398,.F.);
#3191=ORIENTED_EDGE('',*,*,#2396,.T.);
#3192=ORIENTED_EDGE('',*,*,#2376,.F.);
#3193=ORIENTED_EDGE('',*,*,#2399,.F.);
#3194=ORIENTED_EDGE('',*,*,#2400,.F.);
#3195=ORIENTED_EDGE('',*,*,#2399,.T.);
#3196=ORIENTED_EDGE('',*,*,#2375,.F.);
#3197=ORIENTED_EDGE('',*,*,#2393,.F.);
#3198=ORIENTED_EDGE('',*,*,#2401,.F.);
#3199=ORIENTED_EDGE('',*,*,#2402,.F.);
#3200=ORIENTED_EDGE('',*,*,#2388,.T.);
#3201=ORIENTED_EDGE('',*,*,#2373,.F.);
#3202=ORIENTED_EDGE('',*,*,#2334,.F.);
#3203=ORIENTED_EDGE('',*,*,#2251,.T.);
#3204=ORIENTED_EDGE('',*,*,#2403,.F.);
#3205=ORIENTED_EDGE('',*,*,#2404,.T.);
#3206=ORIENTED_EDGE('',*,*,#2405,.F.);
#3207=ORIENTED_EDGE('',*,*,#2406,.F.);
#3208=ORIENTED_EDGE('',*,*,#2389,.T.);
#3209=ORIENTED_EDGE('',*,*,#2402,.T.);
#3210=ORIENTED_EDGE('',*,*,#2333,.T.);
#3211=ORIENTED_EDGE('',*,*,#2391,.T.);
#3212=ORIENTED_EDGE('',*,*,#2407,.T.);
#3213=ORIENTED_EDGE('',*,*,#2386,.T.);
#3214=ORIENTED_EDGE('',*,*,#2408,.T.);
#3215=ORIENTED_EDGE('',*,*,#2409,.T.);
#3216=ORIENTED_EDGE('',*,*,#2252,.F.);
#3217=ORIENTED_EDGE('',*,*,#2407,.F.);
#3218=ORIENTED_EDGE('',*,*,#2390,.T.);
#3219=ORIENTED_EDGE('',*,*,#2397,.T.);
#3220=ORIENTED_EDGE('',*,*,#2400,.T.);
#3221=ORIENTED_EDGE('',*,*,#2410,.F.);
#3222=ORIENTED_EDGE('',*,*,#2411,.F.);
#3223=ORIENTED_EDGE('',*,*,#2412,.T.);
#3224=ORIENTED_EDGE('',*,*,#2413,.F.);
#3225=ORIENTED_EDGE('',*,*,#2412,.F.);
#3226=ORIENTED_EDGE('',*,*,#2414,.T.);
#3227=ORIENTED_EDGE('',*,*,#2415,.T.);
#3228=ORIENTED_EDGE('',*,*,#2248,.F.);
#3229=ORIENTED_EDGE('',*,*,#2416,.F.);
#3230=ORIENTED_EDGE('',*,*,#2417,.T.);
#3231=ORIENTED_EDGE('',*,*,#2416,.T.);
#3232=ORIENTED_EDGE('',*,*,#2247,.F.);
#3233=ORIENTED_EDGE('',*,*,#2418,.F.);
#3234=ORIENTED_EDGE('',*,*,#2419,.T.);
#3235=ORIENTED_EDGE('',*,*,#2418,.T.);
#3236=ORIENTED_EDGE('',*,*,#2246,.F.);
#3237=ORIENTED_EDGE('',*,*,#2420,.F.);
#3238=ORIENTED_EDGE('',*,*,#2421,.T.);
#3239=ORIENTED_EDGE('',*,*,#2422,.T.);
#3240=ORIENTED_EDGE('',*,*,#2254,.F.);
#3241=ORIENTED_EDGE('',*,*,#2423,.F.);
#3242=ORIENTED_EDGE('',*,*,#2424,.T.);
#3243=ORIENTED_EDGE('',*,*,#2423,.T.);
#3244=ORIENTED_EDGE('',*,*,#2253,.F.);
#3245=ORIENTED_EDGE('',*,*,#2409,.F.);
#3246=ORIENTED_EDGE('',*,*,#2425,.T.);
#3247=ORIENTED_EDGE('',*,*,#2403,.T.);
#3248=ORIENTED_EDGE('',*,*,#2250,.F.);
#3249=ORIENTED_EDGE('',*,*,#2426,.F.);
#3250=ORIENTED_EDGE('',*,*,#2427,.T.);
#3251=ORIENTED_EDGE('',*,*,#2426,.T.);
#3252=ORIENTED_EDGE('',*,*,#2249,.F.);
#3253=ORIENTED_EDGE('',*,*,#2415,.F.);
#3254=ORIENTED_EDGE('',*,*,#2428,.T.);
#3255=ORIENTED_EDGE('',*,*,#2256,.F.);
#3256=ORIENTED_EDGE('',*,*,#2429,.F.);
#3257=ORIENTED_EDGE('',*,*,#2430,.T.);
#3258=ORIENTED_EDGE('',*,*,#2431,.T.);
#3259=ORIENTED_EDGE('',*,*,#2260,.F.);
#3260=ORIENTED_EDGE('',*,*,#2432,.F.);
#3261=ORIENTED_EDGE('',*,*,#2433,.T.);
#3262=ORIENTED_EDGE('',*,*,#2432,.T.);
#3263=ORIENTED_EDGE('',*,*,#2264,.F.);
#3264=ORIENTED_EDGE('',*,*,#2434,.F.);
#3265=ORIENTED_EDGE('',*,*,#2435,.T.);
#3266=ORIENTED_EDGE('',*,*,#2434,.T.);
#3267=ORIENTED_EDGE('',*,*,#2267,.F.);
#3268=ORIENTED_EDGE('',*,*,#2436,.F.);
#3269=ORIENTED_EDGE('',*,*,#2437,.T.);
#3270=ORIENTED_EDGE('',*,*,#2438,.T.);
#3271=ORIENTED_EDGE('',*,*,#2270,.F.);
#3272=ORIENTED_EDGE('',*,*,#2439,.F.);
#3273=ORIENTED_EDGE('',*,*,#2440,.T.);
#3274=ORIENTED_EDGE('',*,*,#2439,.T.);
#3275=ORIENTED_EDGE('',*,*,#2274,.F.);
#3276=ORIENTED_EDGE('',*,*,#2441,.F.);
#3277=ORIENTED_EDGE('',*,*,#2442,.T.);
#3278=ORIENTED_EDGE('',*,*,#2441,.T.);
#3279=ORIENTED_EDGE('',*,*,#2277,.F.);
#3280=ORIENTED_EDGE('',*,*,#2443,.F.);
#3281=ORIENTED_EDGE('',*,*,#2444,.T.);
#3282=ORIENTED_EDGE('',*,*,#2445,.T.);
#3283=ORIENTED_EDGE('',*,*,#2280,.F.);
#3284=ORIENTED_EDGE('',*,*,#2446,.F.);
#3285=ORIENTED_EDGE('',*,*,#2447,.T.);
#3286=ORIENTED_EDGE('',*,*,#2446,.T.);
#3287=ORIENTED_EDGE('',*,*,#2284,.F.);
#3288=ORIENTED_EDGE('',*,*,#2448,.F.);
#3289=ORIENTED_EDGE('',*,*,#2449,.T.);
#3290=ORIENTED_EDGE('',*,*,#2448,.T.);
#3291=ORIENTED_EDGE('',*,*,#2287,.F.);
#3292=ORIENTED_EDGE('',*,*,#2450,.F.);
#3293=ORIENTED_EDGE('',*,*,#2451,.T.);
#3294=ORIENTED_EDGE('',*,*,#2450,.T.);
#3295=ORIENTED_EDGE('',*,*,#2290,.F.);
#3296=ORIENTED_EDGE('',*,*,#2452,.F.);
#3297=ORIENTED_EDGE('',*,*,#2453,.T.);
#3298=ORIENTED_EDGE('',*,*,#2452,.T.);
#3299=ORIENTED_EDGE('',*,*,#2293,.F.);
#3300=ORIENTED_EDGE('',*,*,#2454,.F.);
#3301=ORIENTED_EDGE('',*,*,#2455,.T.);
#3302=ORIENTED_EDGE('',*,*,#2456,.T.);
#3303=ORIENTED_EDGE('',*,*,#2296,.F.);
#3304=ORIENTED_EDGE('',*,*,#2457,.F.);
#3305=ORIENTED_EDGE('',*,*,#2458,.T.);
#3306=ORIENTED_EDGE('',*,*,#2459,.F.);
#3307=ORIENTED_EDGE('',*,*,#2460,.T.);
#3308=ORIENTED_EDGE('',*,*,#2459,.T.);
#3309=ORIENTED_EDGE('',*,*,#2461,.T.);
#3310=ORIENTED_EDGE('',*,*,#2462,.T.);
#3311=ORIENTED_EDGE('',*,*,#2463,.T.);
#3312=ORIENTED_EDGE('',*,*,#2464,.F.);
#3313=ORIENTED_EDGE('',*,*,#2465,.T.);
#3314=ORIENTED_EDGE('',*,*,#2462,.F.);
#3315=ORIENTED_EDGE('',*,*,#2466,.T.);
#3316=ORIENTED_EDGE('',*,*,#2467,.T.);
#3317=ORIENTED_EDGE('',*,*,#2468,.F.);
#3318=ORIENTED_EDGE('',*,*,#2466,.F.);
#3319=ORIENTED_EDGE('',*,*,#2461,.F.);
#3320=ORIENTED_EDGE('',*,*,#2458,.F.);
#3321=ORIENTED_EDGE('',*,*,#2469,.T.);
#3322=ORIENTED_EDGE('',*,*,#2470,.T.);
#3323=ORIENTED_EDGE('',*,*,#2471,.T.);
#3324=ORIENTED_EDGE('',*,*,#2472,.T.);
#3325=ORIENTED_EDGE('',*,*,#2473,.T.);
#3326=ORIENTED_EDGE('',*,*,#2474,.T.);
#3327=ORIENTED_EDGE('',*,*,#2475,.T.);
#3328=ORIENTED_EDGE('',*,*,#2476,.T.);
#3329=ORIENTED_EDGE('',*,*,#2477,.T.);
#3330=ORIENTED_EDGE('',*,*,#2478,.T.);
#3331=ORIENTED_EDGE('',*,*,#2479,.T.);
#3332=ORIENTED_EDGE('',*,*,#2480,.T.);
#3333=ORIENTED_EDGE('',*,*,#2481,.T.);
#3334=ORIENTED_EDGE('',*,*,#2482,.T.);
#3335=ORIENTED_EDGE('',*,*,#2483,.T.);
#3336=ORIENTED_EDGE('',*,*,#2484,.T.);
#3337=ORIENTED_EDGE('',*,*,#2405,.T.);
#3338=ORIENTED_EDGE('',*,*,#2485,.T.);
#3339=ORIENTED_EDGE('',*,*,#2486,.T.);
#3340=ORIENTED_EDGE('',*,*,#2487,.T.);
#3341=ORIENTED_EDGE('',*,*,#2488,.T.);
#3342=ORIENTED_EDGE('',*,*,#2489,.T.);
#3343=ORIENTED_EDGE('',*,*,#2490,.F.);
#3344=ORIENTED_EDGE('',*,*,#2491,.T.);
#3345=ORIENTED_EDGE('',*,*,#2417,.F.);
#3346=ORIENTED_EDGE('',*,*,#2492,.T.);
#3347=ORIENTED_EDGE('',*,*,#2493,.T.);
#3348=ORIENTED_EDGE('',*,*,#2494,.F.);
#3349=ORIENTED_EDGE('',*,*,#2490,.T.);
#3350=ORIENTED_EDGE('',*,*,#2495,.T.);
#3351=ORIENTED_EDGE('',*,*,#2414,.F.);
#3352=ORIENTED_EDGE('',*,*,#2491,.F.);
#3353=ORIENTED_EDGE('',*,*,#2494,.T.);
#3354=ORIENTED_EDGE('',*,*,#2496,.T.);
#3355=ORIENTED_EDGE('',*,*,#2497,.T.);
#3356=ORIENTED_EDGE('',*,*,#2498,.F.);
#3357=ORIENTED_EDGE('',*,*,#2499,.T.);
#3358=ORIENTED_EDGE('',*,*,#2500,.F.);
#3359=ORIENTED_EDGE('',*,*,#2501,.T.);
#3360=ORIENTED_EDGE('',*,*,#2498,.T.);
#3361=ORIENTED_EDGE('',*,*,#2502,.T.);
#3362=ORIENTED_EDGE('',*,*,#2503,.F.);
#3363=ORIENTED_EDGE('',*,*,#2504,.T.);
#3364=ORIENTED_EDGE('',*,*,#2500,.T.);
#3365=ORIENTED_EDGE('',*,*,#2505,.T.);
#3366=ORIENTED_EDGE('',*,*,#2506,.F.);
#3367=ORIENTED_EDGE('',*,*,#2507,.T.);
#3368=ORIENTED_EDGE('',*,*,#2503,.T.);
#3369=ORIENTED_EDGE('',*,*,#2508,.T.);
#3370=ORIENTED_EDGE('',*,*,#2509,.T.);
#3371=ORIENTED_EDGE('',*,*,#2510,.T.);
#3372=ORIENTED_EDGE('',*,*,#2506,.T.);
#3373=ORIENTED_EDGE('',*,*,#2511,.T.);
#3374=ORIENTED_EDGE('',*,*,#2512,.T.);
#3375=ORIENTED_EDGE('',*,*,#2513,.T.);
#3376=ORIENTED_EDGE('',*,*,#2509,.F.);
#3377=ORIENTED_EDGE('',*,*,#2514,.T.);
#3378=ORIENTED_EDGE('',*,*,#2515,.T.);
#3379=ORIENTED_EDGE('',*,*,#2516,.T.);
#3380=ORIENTED_EDGE('',*,*,#2512,.F.);
#3381=ORIENTED_EDGE('',*,*,#2517,.T.);
#3382=ORIENTED_EDGE('',*,*,#2496,.F.);
#3383=ORIENTED_EDGE('',*,*,#2518,.T.);
#3384=ORIENTED_EDGE('',*,*,#2515,.F.);
#3385=ORIENTED_EDGE('',*,*,#2519,.T.);
#3386=ORIENTED_EDGE('',*,*,#2489,.F.);
#3387=ORIENTED_EDGE('',*,*,#2419,.F.);
#3388=ORIENTED_EDGE('',*,*,#2520,.T.);
#3389=ORIENTED_EDGE('',*,*,#2487,.F.);
#3390=ORIENTED_EDGE('',*,*,#2521,.F.);
#3391=ORIENTED_EDGE('',*,*,#2492,.F.);
#3392=ORIENTED_EDGE('',*,*,#2522,.F.);
#3393=ORIENTED_EDGE('',*,*,#2424,.F.);
#3394=ORIENTED_EDGE('',*,*,#2523,.T.);
#3395=ORIENTED_EDGE('',*,*,#2483,.F.);
#3396=ORIENTED_EDGE('',*,*,#2088,.T.);
#3397=ORIENTED_EDGE('',*,*,#2084,.T.);
#3398=ORIENTED_EDGE('',*,*,#2090,.T.);
#3399=ORIENTED_EDGE('',*,*,#2092,.T.);
#3400=ORIENTED_EDGE('',*,*,#2097,.T.);
#3401=ORIENTED_EDGE('',*,*,#2093,.T.);
#3402=ORIENTED_EDGE('',*,*,#2099,.T.);
#3403=ORIENTED_EDGE('',*,*,#2101,.T.);
#3404=ORIENTED_EDGE('',*,*,#2106,.T.);
#3405=ORIENTED_EDGE('',*,*,#2102,.T.);
#3406=ORIENTED_EDGE('',*,*,#2108,.T.);
#3407=ORIENTED_EDGE('',*,*,#2110,.T.);
#3408=ORIENTED_EDGE('',*,*,#2115,.T.);
#3409=ORIENTED_EDGE('',*,*,#2111,.T.);
#3410=ORIENTED_EDGE('',*,*,#2117,.T.);
#3411=ORIENTED_EDGE('',*,*,#2119,.T.);
#3412=ORIENTED_EDGE('',*,*,#2124,.T.);
#3413=ORIENTED_EDGE('',*,*,#2120,.T.);
#3414=ORIENTED_EDGE('',*,*,#2126,.T.);
#3415=ORIENTED_EDGE('',*,*,#2128,.T.);
#3416=ORIENTED_EDGE('',*,*,#2133,.T.);
#3417=ORIENTED_EDGE('',*,*,#2129,.T.);
#3418=ORIENTED_EDGE('',*,*,#2135,.T.);
#3419=ORIENTED_EDGE('',*,*,#2137,.T.);
#3420=ORIENTED_EDGE('',*,*,#2214,.T.);
#3421=ORIENTED_EDGE('',*,*,#2210,.T.);
#3422=ORIENTED_EDGE('',*,*,#2216,.T.);
#3423=ORIENTED_EDGE('',*,*,#2218,.T.);
#3424=ORIENTED_EDGE('',*,*,#2223,.T.);
#3425=ORIENTED_EDGE('',*,*,#2219,.T.);
#3426=ORIENTED_EDGE('',*,*,#2225,.T.);
#3427=ORIENTED_EDGE('',*,*,#2227,.T.);
#3428=ORIENTED_EDGE('',*,*,#2232,.T.);
#3429=ORIENTED_EDGE('',*,*,#2228,.T.);
#3430=ORIENTED_EDGE('',*,*,#2234,.T.);
#3431=ORIENTED_EDGE('',*,*,#2236,.T.);
#3432=ORIENTED_EDGE('',*,*,#2241,.T.);
#3433=ORIENTED_EDGE('',*,*,#2237,.T.);
#3434=ORIENTED_EDGE('',*,*,#2243,.T.);
#3435=ORIENTED_EDGE('',*,*,#2245,.T.);
#3436=ORIENTED_EDGE('',*,*,#2385,.T.);
#3437=ORIENTED_EDGE('',*,*,#2406,.T.);
#3438=ORIENTED_EDGE('',*,*,#2484,.F.);
#3439=ORIENTED_EDGE('',*,*,#2523,.F.);
#3440=ORIENTED_EDGE('',*,*,#2408,.F.);
#3441=ORIENTED_EDGE('',*,*,#2398,.T.);
#3442=ORIENTED_EDGE('',*,*,#2410,.T.);
#3443=ORIENTED_EDGE('',*,*,#2401,.T.);
#3444=ORIENTED_EDGE('',*,*,#2392,.T.);
#3445=ORIENTED_EDGE('',*,*,#2395,.T.);
#3446=ORIENTED_EDGE('',*,*,#2413,.T.);
#3447=ORIENTED_EDGE('',*,*,#2404,.F.);
#3448=ORIENTED_EDGE('',*,*,#2425,.F.);
#3449=ORIENTED_EDGE('',*,*,#2524,.T.);
#3450=ORIENTED_EDGE('',*,*,#2485,.F.);
#3451=ORIENTED_EDGE('',*,*,#2495,.F.);
#3452=ORIENTED_EDGE('',*,*,#2493,.F.);
#3453=ORIENTED_EDGE('',*,*,#2521,.T.);
#3454=ORIENTED_EDGE('',*,*,#2486,.F.);
#3455=ORIENTED_EDGE('',*,*,#2524,.F.);
#3456=ORIENTED_EDGE('',*,*,#2427,.F.);
#3457=ORIENTED_EDGE('',*,*,#2070,.T.);
#3458=ORIENTED_EDGE('',*,*,#2066,.T.);
#3459=ORIENTED_EDGE('',*,*,#2072,.T.);
#3460=ORIENTED_EDGE('',*,*,#2074,.T.);
#3461=ORIENTED_EDGE('',*,*,#2079,.T.);
#3462=ORIENTED_EDGE('',*,*,#2075,.T.);
#3463=ORIENTED_EDGE('',*,*,#2081,.T.);
#3464=ORIENTED_EDGE('',*,*,#2083,.T.);
#3465=ORIENTED_EDGE('',*,*,#2142,.T.);
#3466=ORIENTED_EDGE('',*,*,#2138,.T.);
#3467=ORIENTED_EDGE('',*,*,#2144,.T.);
#3468=ORIENTED_EDGE('',*,*,#2146,.T.);
#3469=ORIENTED_EDGE('',*,*,#2151,.T.);
#3470=ORIENTED_EDGE('',*,*,#2147,.T.);
#3471=ORIENTED_EDGE('',*,*,#2153,.T.);
#3472=ORIENTED_EDGE('',*,*,#2155,.T.);
#3473=ORIENTED_EDGE('',*,*,#2160,.T.);
#3474=ORIENTED_EDGE('',*,*,#2156,.T.);
#3475=ORIENTED_EDGE('',*,*,#2162,.T.);
#3476=ORIENTED_EDGE('',*,*,#2164,.T.);
#3477=ORIENTED_EDGE('',*,*,#2169,.T.);
#3478=ORIENTED_EDGE('',*,*,#2165,.T.);
#3479=ORIENTED_EDGE('',*,*,#2171,.T.);
#3480=ORIENTED_EDGE('',*,*,#2173,.T.);
#3481=ORIENTED_EDGE('',*,*,#2178,.T.);
#3482=ORIENTED_EDGE('',*,*,#2174,.T.);
#3483=ORIENTED_EDGE('',*,*,#2180,.T.);
#3484=ORIENTED_EDGE('',*,*,#2182,.T.);
#3485=ORIENTED_EDGE('',*,*,#2187,.T.);
#3486=ORIENTED_EDGE('',*,*,#2183,.T.);
#3487=ORIENTED_EDGE('',*,*,#2189,.T.);
#3488=ORIENTED_EDGE('',*,*,#2191,.T.);
#3489=ORIENTED_EDGE('',*,*,#2196,.T.);
#3490=ORIENTED_EDGE('',*,*,#2192,.T.);
#3491=ORIENTED_EDGE('',*,*,#2198,.T.);
#3492=ORIENTED_EDGE('',*,*,#2200,.T.);
#3493=ORIENTED_EDGE('',*,*,#2205,.T.);
#3494=ORIENTED_EDGE('',*,*,#2201,.T.);
#3495=ORIENTED_EDGE('',*,*,#2207,.T.);
#3496=ORIENTED_EDGE('',*,*,#2209,.T.);
#3497=ORIENTED_EDGE('',*,*,#2255,.T.);
#3498=ORIENTED_EDGE('',*,*,#2422,.F.);
#3499=ORIENTED_EDGE('',*,*,#2525,.F.);
#3500=ORIENTED_EDGE('',*,*,#2488,.F.);
#3501=ORIENTED_EDGE('',*,*,#2520,.F.);
#3502=ORIENTED_EDGE('',*,*,#2420,.T.);
#3503=ORIENTED_EDGE('',*,*,#2511,.F.);
#3504=ORIENTED_EDGE('',*,*,#2508,.F.);
#3505=ORIENTED_EDGE('',*,*,#2505,.F.);
#3506=ORIENTED_EDGE('',*,*,#2502,.F.);
#3507=ORIENTED_EDGE('',*,*,#2497,.F.);
#3508=ORIENTED_EDGE('',*,*,#2519,.F.);
#3509=ORIENTED_EDGE('',*,*,#2517,.F.);
#3510=ORIENTED_EDGE('',*,*,#2514,.F.);
#3511=ORIENTED_EDGE('',*,*,#2525,.T.);
#3512=ORIENTED_EDGE('',*,*,#2421,.F.);
#3513=ORIENTED_EDGE('',*,*,#2522,.T.);
#3514=ORIENTED_EDGE('',*,*,#2482,.F.);
#3515=ORIENTED_EDGE('',*,*,#2526,.T.);
#3516=ORIENTED_EDGE('',*,*,#2436,.T.);
#3517=ORIENTED_EDGE('',*,*,#2269,.T.);
#3518=ORIENTED_EDGE('',*,*,#2304,.F.);
#3519=ORIENTED_EDGE('',*,*,#2271,.F.);
#3520=ORIENTED_EDGE('',*,*,#2438,.F.);
#3521=ORIENTED_EDGE('',*,*,#2527,.F.);
#3522=ORIENTED_EDGE('',*,*,#2463,.F.);
#3523=ORIENTED_EDGE('',*,*,#2499,.F.);
#3524=ORIENTED_EDGE('',*,*,#2501,.F.);
#3525=ORIENTED_EDGE('',*,*,#2504,.F.);
#3526=ORIENTED_EDGE('',*,*,#2507,.F.);
#3527=ORIENTED_EDGE('',*,*,#2510,.F.);
#3528=ORIENTED_EDGE('',*,*,#2513,.F.);
#3529=ORIENTED_EDGE('',*,*,#2516,.F.);
#3530=ORIENTED_EDGE('',*,*,#2518,.F.);
#3531=ORIENTED_EDGE('',*,*,#2528,.F.);
#3532=ORIENTED_EDGE('',*,*,#2460,.F.);
#3533=ORIENTED_EDGE('',*,*,#2527,.T.);
#3534=ORIENTED_EDGE('',*,*,#2437,.F.);
#3535=ORIENTED_EDGE('',*,*,#2529,.F.);
#3536=ORIENTED_EDGE('',*,*,#2428,.F.);
#3537=ORIENTED_EDGE('',*,*,#2530,.T.);
#3538=ORIENTED_EDGE('',*,*,#2479,.F.);
#3539=ORIENTED_EDGE('',*,*,#2530,.F.);
#3540=ORIENTED_EDGE('',*,*,#2429,.T.);
#3541=ORIENTED_EDGE('',*,*,#2259,.T.);
#3542=ORIENTED_EDGE('',*,*,#2305,.F.);
#3543=ORIENTED_EDGE('',*,*,#2261,.F.);
#3544=ORIENTED_EDGE('',*,*,#2431,.F.);
#3545=ORIENTED_EDGE('',*,*,#2531,.T.);
#3546=ORIENTED_EDGE('',*,*,#2480,.F.);
#3547=ORIENTED_EDGE('',*,*,#2411,.T.);
#3548=ORIENTED_EDGE('',*,*,#2531,.F.);
#3549=ORIENTED_EDGE('',*,*,#2430,.F.);
#3550=ORIENTED_EDGE('',*,*,#2532,.T.);
#3551=ORIENTED_EDGE('',*,*,#2481,.F.);
#3552=ORIENTED_EDGE('',*,*,#2533,.T.);
#3553=ORIENTED_EDGE('',*,*,#2435,.F.);
#3554=ORIENTED_EDGE('',*,*,#2526,.F.);
#3555=ORIENTED_EDGE('',*,*,#2465,.F.);
#3556=ORIENTED_EDGE('',*,*,#2534,.T.);
#3557=ORIENTED_EDGE('',*,*,#2300,.F.);
#3558=ORIENTED_EDGE('',*,*,#2529,.T.);
#3559=ORIENTED_EDGE('',*,*,#2478,.F.);
#3560=ORIENTED_EDGE('',*,*,#2457,.T.);
#3561=ORIENTED_EDGE('',*,*,#2528,.T.);
#3562=ORIENTED_EDGE('',*,*,#2440,.F.);
#3563=ORIENTED_EDGE('',*,*,#2535,.F.);
#3564=ORIENTED_EDGE('',*,*,#2469,.F.);
#3565=ORIENTED_EDGE('',*,*,#2536,.T.);
#3566=ORIENTED_EDGE('',*,*,#2454,.T.);
#3567=ORIENTED_EDGE('',*,*,#2295,.T.);
#3568=ORIENTED_EDGE('',*,*,#2302,.F.);
#3569=ORIENTED_EDGE('',*,*,#2297,.F.);
#3570=ORIENTED_EDGE('',*,*,#2456,.F.);
#3571=ORIENTED_EDGE('',*,*,#2537,.F.);
#3572=ORIENTED_EDGE('',*,*,#2476,.F.);
#3573=ORIENTED_EDGE('',*,*,#2538,.F.);
#3574=ORIENTED_EDGE('',*,*,#2539,.F.);
#3575=ORIENTED_EDGE('',*,*,#2540,.F.);
#3576=ORIENTED_EDGE('',*,*,#2541,.F.);
#3577=ORIENTED_EDGE('',*,*,#2542,.F.);
#3578=ORIENTED_EDGE('',*,*,#2543,.F.);
#3579=ORIENTED_EDGE('',*,*,#2544,.F.);
#3580=ORIENTED_EDGE('',*,*,#2545,.F.);
#3581=ORIENTED_EDGE('',*,*,#2546,.T.);
#3582=ORIENTED_EDGE('',*,*,#2538,.T.);
#3583=ORIENTED_EDGE('',*,*,#2547,.T.);
#3584=ORIENTED_EDGE('',*,*,#2548,.T.);
#3585=ORIENTED_EDGE('',*,*,#2549,.T.);
#3586=ORIENTED_EDGE('',*,*,#2550,.T.);
#3587=ORIENTED_EDGE('',*,*,#2547,.F.);
#3588=ORIENTED_EDGE('',*,*,#2545,.T.);
#3589=ORIENTED_EDGE('',*,*,#2551,.T.);
#3590=ORIENTED_EDGE('',*,*,#2552,.T.);
#3591=ORIENTED_EDGE('',*,*,#2549,.F.);
#3592=ORIENTED_EDGE('',*,*,#2544,.T.);
#3593=ORIENTED_EDGE('',*,*,#2553,.T.);
#3594=ORIENTED_EDGE('',*,*,#2554,.T.);
#3595=ORIENTED_EDGE('',*,*,#2551,.F.);
#3596=ORIENTED_EDGE('',*,*,#2543,.T.);
#3597=ORIENTED_EDGE('',*,*,#2555,.F.);
#3598=ORIENTED_EDGE('',*,*,#2556,.T.);
#3599=ORIENTED_EDGE('',*,*,#2553,.F.);
#3600=ORIENTED_EDGE('',*,*,#2542,.T.);
#3601=ORIENTED_EDGE('',*,*,#2557,.F.);
#3602=ORIENTED_EDGE('',*,*,#2558,.T.);
#3603=ORIENTED_EDGE('',*,*,#2555,.T.);
#3604=ORIENTED_EDGE('',*,*,#2541,.T.);
#3605=ORIENTED_EDGE('',*,*,#2559,.F.);
#3606=ORIENTED_EDGE('',*,*,#2560,.T.);
#3607=ORIENTED_EDGE('',*,*,#2557,.T.);
#3608=ORIENTED_EDGE('',*,*,#2540,.T.);
#3609=ORIENTED_EDGE('',*,*,#2546,.F.);
#3610=ORIENTED_EDGE('',*,*,#2561,.T.);
#3611=ORIENTED_EDGE('',*,*,#2559,.T.);
#3612=ORIENTED_EDGE('',*,*,#2539,.T.);
#3613=ORIENTED_EDGE('',*,*,#2471,.F.);
#3614=ORIENTED_EDGE('',*,*,#2562,.T.);
#3615=ORIENTED_EDGE('',*,*,#2443,.T.);
#3616=ORIENTED_EDGE('',*,*,#2279,.T.);
#3617=ORIENTED_EDGE('',*,*,#2303,.F.);
#3618=ORIENTED_EDGE('',*,*,#2281,.F.);
#3619=ORIENTED_EDGE('',*,*,#2445,.F.);
#3620=ORIENTED_EDGE('',*,*,#2563,.F.);
#3621=ORIENTED_EDGE('',*,*,#2548,.F.);
#3622=ORIENTED_EDGE('',*,*,#2550,.F.);
#3623=ORIENTED_EDGE('',*,*,#2552,.F.);
#3624=ORIENTED_EDGE('',*,*,#2554,.F.);
#3625=ORIENTED_EDGE('',*,*,#2556,.F.);
#3626=ORIENTED_EDGE('',*,*,#2558,.F.);
#3627=ORIENTED_EDGE('',*,*,#2560,.F.);
#3628=ORIENTED_EDGE('',*,*,#2561,.F.);
#3629=ORIENTED_EDGE('',*,*,#2537,.T.);
#3630=ORIENTED_EDGE('',*,*,#2455,.F.);
#3631=ORIENTED_EDGE('',*,*,#2534,.F.);
#3632=ORIENTED_EDGE('',*,*,#2477,.F.);
#3633=ORIENTED_EDGE('',*,*,#2564,.T.);
#3634=ORIENTED_EDGE('',*,*,#2453,.F.);
#3635=ORIENTED_EDGE('',*,*,#2536,.F.);
#3636=ORIENTED_EDGE('',*,*,#2475,.F.);
#3637=ORIENTED_EDGE('',*,*,#2565,.T.);
#3638=ORIENTED_EDGE('',*,*,#2451,.F.);
#3639=ORIENTED_EDGE('',*,*,#2564,.F.);
#3640=ORIENTED_EDGE('',*,*,#2474,.F.);
#3641=ORIENTED_EDGE('',*,*,#2532,.F.);
#3642=ORIENTED_EDGE('',*,*,#2433,.F.);
#3643=ORIENTED_EDGE('',*,*,#2533,.F.);
#3644=ORIENTED_EDGE('',*,*,#2464,.T.);
#3645=ORIENTED_EDGE('',*,*,#2468,.T.);
#3646=ORIENTED_EDGE('',*,*,#2467,.F.);
#3647=ORIENTED_EDGE('',*,*,#2566,.T.);
#3648=ORIENTED_EDGE('',*,*,#2449,.F.);
#3649=ORIENTED_EDGE('',*,*,#2565,.F.);
#3650=ORIENTED_EDGE('',*,*,#2473,.F.);
#3651=ORIENTED_EDGE('',*,*,#2567,.T.);
#3652=ORIENTED_EDGE('',*,*,#2447,.F.);
#3653=ORIENTED_EDGE('',*,*,#2566,.F.);
#3654=ORIENTED_EDGE('',*,*,#2472,.F.);
#3655=ORIENTED_EDGE('',*,*,#2563,.T.);
#3656=ORIENTED_EDGE('',*,*,#2444,.F.);
#3657=ORIENTED_EDGE('',*,*,#2567,.F.);
#3658=ORIENTED_EDGE('',*,*,#2470,.F.);
#3659=ORIENTED_EDGE('',*,*,#2535,.T.);
#3660=ORIENTED_EDGE('',*,*,#2442,.F.);
#3661=ORIENTED_EDGE('',*,*,#2562,.F.);
#3662=ORIENTED_EDGE('',*,*,#2568,.T.);
#3663=ORIENTED_EDGE('',*,*,#2569,.T.);
#3664=ORIENTED_EDGE('',*,*,#2570,.F.);
#3665=ORIENTED_EDGE('',*,*,#2571,.F.);
#3666=ORIENTED_EDGE('',*,*,#2572,.T.);
#3667=ORIENTED_EDGE('',*,*,#2571,.T.);
#3668=ORIENTED_EDGE('',*,*,#2573,.F.);
#3669=ORIENTED_EDGE('',*,*,#2574,.F.);
#3670=ORIENTED_EDGE('',*,*,#2575,.T.);
#3671=ORIENTED_EDGE('',*,*,#2574,.T.);
#3672=ORIENTED_EDGE('',*,*,#2576,.F.);
#3673=ORIENTED_EDGE('',*,*,#2577,.F.);
#3674=ORIENTED_EDGE('',*,*,#2578,.T.);
#3675=ORIENTED_EDGE('',*,*,#2577,.T.);
#3676=ORIENTED_EDGE('',*,*,#2579,.F.);
#3677=ORIENTED_EDGE('',*,*,#2569,.F.);
#3678=ORIENTED_EDGE('',*,*,#2580,.T.);
#3679=ORIENTED_EDGE('',*,*,#2581,.T.);
#3680=ORIENTED_EDGE('',*,*,#2582,.F.);
#3681=ORIENTED_EDGE('',*,*,#2583,.F.);
#3682=ORIENTED_EDGE('',*,*,#2584,.T.);
#3683=ORIENTED_EDGE('',*,*,#2583,.T.);
#3684=ORIENTED_EDGE('',*,*,#2585,.F.);
#3685=ORIENTED_EDGE('',*,*,#2586,.F.);
#3686=ORIENTED_EDGE('',*,*,#2587,.T.);
#3687=ORIENTED_EDGE('',*,*,#2586,.T.);
#3688=ORIENTED_EDGE('',*,*,#2588,.F.);
#3689=ORIENTED_EDGE('',*,*,#2589,.F.);
#3690=ORIENTED_EDGE('',*,*,#2590,.T.);
#3691=ORIENTED_EDGE('',*,*,#2589,.T.);
#3692=ORIENTED_EDGE('',*,*,#2591,.F.);
#3693=ORIENTED_EDGE('',*,*,#2581,.F.);
#3694=ORIENTED_EDGE('',*,*,#2592,.T.);
#3695=ORIENTED_EDGE('',*,*,#2593,.T.);
#3696=ORIENTED_EDGE('',*,*,#2594,.F.);
#3697=ORIENTED_EDGE('',*,*,#2595,.F.);
#3698=ORIENTED_EDGE('',*,*,#2596,.T.);
#3699=ORIENTED_EDGE('',*,*,#2595,.T.);
#3700=ORIENTED_EDGE('',*,*,#2597,.F.);
#3701=ORIENTED_EDGE('',*,*,#2598,.F.);
#3702=ORIENTED_EDGE('',*,*,#2599,.T.);
#3703=ORIENTED_EDGE('',*,*,#2598,.T.);
#3704=ORIENTED_EDGE('',*,*,#2600,.F.);
#3705=ORIENTED_EDGE('',*,*,#2601,.F.);
#3706=ORIENTED_EDGE('',*,*,#2602,.T.);
#3707=ORIENTED_EDGE('',*,*,#2601,.T.);
#3708=ORIENTED_EDGE('',*,*,#2603,.F.);
#3709=ORIENTED_EDGE('',*,*,#2593,.F.);
#3710=ORIENTED_EDGE('',*,*,#2604,.T.);
#3711=ORIENTED_EDGE('',*,*,#2605,.T.);
#3712=ORIENTED_EDGE('',*,*,#2606,.F.);
#3713=ORIENTED_EDGE('',*,*,#2607,.F.);
#3714=ORIENTED_EDGE('',*,*,#2608,.T.);
#3715=ORIENTED_EDGE('',*,*,#2607,.T.);
#3716=ORIENTED_EDGE('',*,*,#2609,.F.);
#3717=ORIENTED_EDGE('',*,*,#2610,.F.);
#3718=ORIENTED_EDGE('',*,*,#2611,.T.);
#3719=ORIENTED_EDGE('',*,*,#2610,.T.);
#3720=ORIENTED_EDGE('',*,*,#2612,.F.);
#3721=ORIENTED_EDGE('',*,*,#2613,.F.);
#3722=ORIENTED_EDGE('',*,*,#2614,.T.);
#3723=ORIENTED_EDGE('',*,*,#2613,.T.);
#3724=ORIENTED_EDGE('',*,*,#2615,.F.);
#3725=ORIENTED_EDGE('',*,*,#2605,.F.);
#3726=ORIENTED_EDGE('',*,*,#2616,.T.);
#3727=ORIENTED_EDGE('',*,*,#2617,.T.);
#3728=ORIENTED_EDGE('',*,*,#2618,.F.);
#3729=ORIENTED_EDGE('',*,*,#2619,.F.);
#3730=ORIENTED_EDGE('',*,*,#2620,.T.);
#3731=ORIENTED_EDGE('',*,*,#2619,.T.);
#3732=ORIENTED_EDGE('',*,*,#2621,.F.);
#3733=ORIENTED_EDGE('',*,*,#2622,.F.);
#3734=ORIENTED_EDGE('',*,*,#2623,.T.);
#3735=ORIENTED_EDGE('',*,*,#2622,.T.);
#3736=ORIENTED_EDGE('',*,*,#2624,.F.);
#3737=ORIENTED_EDGE('',*,*,#2625,.F.);
#3738=ORIENTED_EDGE('',*,*,#2626,.T.);
#3739=ORIENTED_EDGE('',*,*,#2625,.T.);
#3740=ORIENTED_EDGE('',*,*,#2627,.F.);
#3741=ORIENTED_EDGE('',*,*,#2628,.F.);
#3742=ORIENTED_EDGE('',*,*,#2629,.T.);
#3743=ORIENTED_EDGE('',*,*,#2628,.T.);
#3744=ORIENTED_EDGE('',*,*,#2630,.F.);
#3745=ORIENTED_EDGE('',*,*,#2631,.F.);
#3746=ORIENTED_EDGE('',*,*,#2632,.T.);
#3747=ORIENTED_EDGE('',*,*,#2631,.T.);
#3748=ORIENTED_EDGE('',*,*,#2633,.F.);
#3749=ORIENTED_EDGE('',*,*,#2634,.F.);
#3750=ORIENTED_EDGE('',*,*,#2635,.T.);
#3751=ORIENTED_EDGE('',*,*,#2634,.T.);
#3752=ORIENTED_EDGE('',*,*,#2636,.F.);
#3753=ORIENTED_EDGE('',*,*,#2637,.F.);
#3754=ORIENTED_EDGE('',*,*,#2638,.T.);
#3755=ORIENTED_EDGE('',*,*,#2637,.T.);
#3756=ORIENTED_EDGE('',*,*,#2639,.F.);
#3757=ORIENTED_EDGE('',*,*,#2640,.F.);
#3758=ORIENTED_EDGE('',*,*,#2641,.T.);
#3759=ORIENTED_EDGE('',*,*,#2640,.T.);
#3760=ORIENTED_EDGE('',*,*,#2642,.F.);
#3761=ORIENTED_EDGE('',*,*,#2643,.F.);
#3762=ORIENTED_EDGE('',*,*,#2644,.T.);
#3763=ORIENTED_EDGE('',*,*,#2643,.T.);
#3764=ORIENTED_EDGE('',*,*,#2645,.F.);
#3765=ORIENTED_EDGE('',*,*,#2646,.F.);
#3766=ORIENTED_EDGE('',*,*,#2647,.T.);
#3767=ORIENTED_EDGE('',*,*,#2646,.T.);
#3768=ORIENTED_EDGE('',*,*,#2648,.F.);
#3769=ORIENTED_EDGE('',*,*,#2649,.F.);
#3770=ORIENTED_EDGE('',*,*,#2650,.T.);
#3771=ORIENTED_EDGE('',*,*,#2649,.T.);
#3772=ORIENTED_EDGE('',*,*,#2651,.F.);
#3773=ORIENTED_EDGE('',*,*,#2652,.F.);
#3774=ORIENTED_EDGE('',*,*,#2653,.T.);
#3775=ORIENTED_EDGE('',*,*,#2652,.T.);
#3776=ORIENTED_EDGE('',*,*,#2654,.F.);
#3777=ORIENTED_EDGE('',*,*,#2655,.F.);
#3778=ORIENTED_EDGE('',*,*,#2656,.T.);
#3779=ORIENTED_EDGE('',*,*,#2655,.T.);
#3780=ORIENTED_EDGE('',*,*,#2657,.F.);
#3781=ORIENTED_EDGE('',*,*,#2617,.F.);
#3782=ORIENTED_EDGE('',*,*,#2657,.T.);
#3783=ORIENTED_EDGE('',*,*,#2654,.T.);
#3784=ORIENTED_EDGE('',*,*,#2651,.T.);
#3785=ORIENTED_EDGE('',*,*,#2648,.T.);
#3786=ORIENTED_EDGE('',*,*,#2645,.T.);
#3787=ORIENTED_EDGE('',*,*,#2642,.T.);
#3788=ORIENTED_EDGE('',*,*,#2639,.T.);
#3789=ORIENTED_EDGE('',*,*,#2636,.T.);
#3790=ORIENTED_EDGE('',*,*,#2633,.T.);
#3791=ORIENTED_EDGE('',*,*,#2630,.T.);
#3792=ORIENTED_EDGE('',*,*,#2627,.T.);
#3793=ORIENTED_EDGE('',*,*,#2624,.T.);
#3794=ORIENTED_EDGE('',*,*,#2621,.T.);
#3795=ORIENTED_EDGE('',*,*,#2618,.T.);
#3796=ORIENTED_EDGE('',*,*,#2615,.T.);
#3797=ORIENTED_EDGE('',*,*,#2612,.T.);
#3798=ORIENTED_EDGE('',*,*,#2609,.T.);
#3799=ORIENTED_EDGE('',*,*,#2606,.T.);
#3800=ORIENTED_EDGE('',*,*,#2603,.T.);
#3801=ORIENTED_EDGE('',*,*,#2600,.T.);
#3802=ORIENTED_EDGE('',*,*,#2597,.T.);
#3803=ORIENTED_EDGE('',*,*,#2594,.T.);
#3804=ORIENTED_EDGE('',*,*,#2591,.T.);
#3805=ORIENTED_EDGE('',*,*,#2588,.T.);
#3806=ORIENTED_EDGE('',*,*,#2585,.T.);
#3807=ORIENTED_EDGE('',*,*,#2582,.T.);
#3808=ORIENTED_EDGE('',*,*,#2579,.T.);
#3809=ORIENTED_EDGE('',*,*,#2576,.T.);
#3810=ORIENTED_EDGE('',*,*,#2573,.T.);
#3811=ORIENTED_EDGE('',*,*,#2570,.T.);
#3812=ORIENTED_EDGE('',*,*,#2656,.F.);
#3813=ORIENTED_EDGE('',*,*,#2616,.F.);
#3814=ORIENTED_EDGE('',*,*,#2620,.F.);
#3815=ORIENTED_EDGE('',*,*,#2623,.F.);
#3816=ORIENTED_EDGE('',*,*,#2626,.F.);
#3817=ORIENTED_EDGE('',*,*,#2629,.F.);
#3818=ORIENTED_EDGE('',*,*,#2632,.F.);
#3819=ORIENTED_EDGE('',*,*,#2635,.F.);
#3820=ORIENTED_EDGE('',*,*,#2638,.F.);
#3821=ORIENTED_EDGE('',*,*,#2641,.F.);
#3822=ORIENTED_EDGE('',*,*,#2644,.F.);
#3823=ORIENTED_EDGE('',*,*,#2647,.F.);
#3824=ORIENTED_EDGE('',*,*,#2650,.F.);
#3825=ORIENTED_EDGE('',*,*,#2653,.F.);
#3826=ORIENTED_EDGE('',*,*,#2614,.F.);
#3827=ORIENTED_EDGE('',*,*,#2604,.F.);
#3828=ORIENTED_EDGE('',*,*,#2608,.F.);
#3829=ORIENTED_EDGE('',*,*,#2611,.F.);
#3830=ORIENTED_EDGE('',*,*,#2602,.F.);
#3831=ORIENTED_EDGE('',*,*,#2592,.F.);
#3832=ORIENTED_EDGE('',*,*,#2596,.F.);
#3833=ORIENTED_EDGE('',*,*,#2599,.F.);
#3834=ORIENTED_EDGE('',*,*,#2590,.F.);
#3835=ORIENTED_EDGE('',*,*,#2580,.F.);
#3836=ORIENTED_EDGE('',*,*,#2584,.F.);
#3837=ORIENTED_EDGE('',*,*,#2587,.F.);
#3838=ORIENTED_EDGE('',*,*,#2578,.F.);
#3839=ORIENTED_EDGE('',*,*,#2568,.F.);
#3840=ORIENTED_EDGE('',*,*,#2572,.F.);
#3841=ORIENTED_EDGE('',*,*,#2575,.F.);
#3842=PLANE('',#4263);
#3843=PLANE('',#4264);
#3844=PLANE('',#4265);
#3845=PLANE('',#4266);
#3846=PLANE('',#4267);
#3847=PLANE('',#4268);
#3848=PLANE('',#4269);
#3849=PLANE('',#4270);
#3850=PLANE('',#4271);
#3851=PLANE('',#4272);
#3852=PLANE('',#4273);
#3853=PLANE('',#4274);
#3854=PLANE('',#4275);
#3855=PLANE('',#4276);
#3856=PLANE('',#4277);
#3857=PLANE('',#4278);
#3858=PLANE('',#4279);
#3859=PLANE('',#4280);
#3860=PLANE('',#4281);
#3861=PLANE('',#4282);
#3862=PLANE('',#4283);
#3863=PLANE('',#4284);
#3864=PLANE('',#4285);
#3865=PLANE('',#4286);
#3866=PLANE('',#4287);
#3867=PLANE('',#4288);
#3868=PLANE('',#4289);
#3869=PLANE('',#4290);
#3870=PLANE('',#4291);
#3871=PLANE('',#4292);
#3872=PLANE('',#4293);
#3873=PLANE('',#4294);
#3874=PLANE('',#4295);
#3875=PLANE('',#4296);
#3876=PLANE('',#4297);
#3877=PLANE('',#4298);
#3878=PLANE('',#4299);
#3879=PLANE('',#4300);
#3880=PLANE('',#4301);
#3881=PLANE('',#4302);
#3882=PLANE('',#4303);
#3883=PLANE('',#4304);
#3884=PLANE('',#4305);
#3885=PLANE('',#4306);
#3886=PLANE('',#4307);
#3887=PLANE('',#4308);
#3888=PLANE('',#4309);
#3889=PLANE('',#4310);
#3890=PLANE('',#4311);
#3891=PLANE('',#4312);
#3892=PLANE('',#4313);
#3893=PLANE('',#4314);
#3894=PLANE('',#4315);
#3895=PLANE('',#4316);
#3896=PLANE('',#4317);
#3897=PLANE('',#4318);
#3898=PLANE('',#4319);
#3899=PLANE('',#4320);
#3900=PLANE('',#4321);
#3901=PLANE('',#4322);
#3902=PLANE('',#4323);
#3903=PLANE('',#4324);
#3904=PLANE('',#4325);
#3905=PLANE('',#4326);
#3906=PLANE('',#4327);
#3907=PLANE('',#4328);
#3908=PLANE('',#4329);
#3909=PLANE('',#4330);
#3910=PLANE('',#4331);
#3911=PLANE('',#4332);
#3912=PLANE('',#4333);
#3913=PLANE('',#4334);
#3914=PLANE('',#4335);
#3915=PLANE('',#4336);
#3916=PLANE('',#4337);
#3917=PLANE('',#4338);
#3918=PLANE('',#4339);
#3919=PLANE('',#4340);
#3920=PLANE('',#4341);
#3921=PLANE('',#4342);
#3922=PLANE('',#4343);
#3923=PLANE('',#4354);
#3924=PLANE('',#4361);
#3925=PLANE('',#4368);
#3926=PLANE('',#4369);
#3927=PLANE('',#4370);
#3928=PLANE('',#4377);
#3929=PLANE('',#4378);
#3930=PLANE('',#4379);
#3931=PLANE('',#4380);
#3932=PLANE('',#4381);
#3933=PLANE('',#4382);
#3934=PLANE('',#4383);
#3935=PLANE('',#4384);
#3936=PLANE('',#4385);
#3937=PLANE('',#4386);
#3938=PLANE('',#4387);
#3939=PLANE('',#4388);
#3940=PLANE('',#4389);
#3941=PLANE('',#4390);
#3942=PLANE('',#4391);
#3943=PLANE('',#4392);
#3944=PLANE('',#4393);
#3945=PLANE('',#4394);
#3946=PLANE('',#4395);
#3947=PLANE('',#4396);
#3948=PLANE('',#4397);
#3949=PLANE('',#4398);
#3950=PLANE('',#4399);
#3951=PLANE('',#4400);
#3952=PLANE('',#4401);
#3953=PLANE('',#4402);
#3954=PLANE('',#4403);
#3955=PLANE('',#4404);
#3956=PLANE('',#4405);
#3957=PLANE('',#4407);
#3958=PLANE('',#4408);
#3959=PLANE('',#4409);
#3960=PLANE('',#4410);
#3961=PLANE('',#4411);
#3962=PLANE('',#4412);
#3963=PLANE('',#4413);
#3964=PLANE('',#4424);
#3965=PLANE('',#4466);
#3966=PLANE('',#4484);
#3967=PLANE('',#4487);
#3968=PLANE('',#4496);
#3969=PLANE('',#4497);
#3970=PLANE('',#4499);
#3971=PLANE('',#4525);
#3972=PLANE('',#4527);
#3973=PLANE('',#4529);
#3974=PLANE('',#4530);
#3975=PLANE('',#4532);
#3976=PLANE('',#4535);
#3977=PLANE('',#4538);
#3978=PLANE('',#4539);
#3979=PLANE('',#4540);
#3980=PLANE('',#4565);
#3981=PLANE('',#4568);
#3982=PLANE('',#4569);
#3983=PLANE('',#4570);
#3984=PLANE('',#4573);
#3985=PLANE('',#4574);
#3986=PLANE('',#4575);
#3987=PLANE('',#4576);
#3988=PLANE('',#4577);
#3989=PLANE('',#4578);
#3990=PLANE('',#4579);
#3991=PLANE('',#4580);
#3992=PLANE('',#4581);
#3993=PLANE('',#4582);
#3994=PLANE('',#4583);
#3995=PLANE('',#4584);
#3996=PLANE('',#4585);
#3997=PLANE('',#4586);
#3998=PLANE('',#4587);
#3999=PLANE('',#4588);
#4000=PLANE('',#4589);
#4001=PLANE('',#4590);
#4002=PLANE('',#4591);
#4003=PLANE('',#4592);
#4004=PLANE('',#4593);
#4005=PLANE('',#4597);
#4006=PLANE('',#4598);
#4007=PLANE('',#4599);
#4008=PLANE('',#4600);
#4009=PLANE('',#4601);
#4010=PLANE('',#4605);
#4011=PLANE('',#4606);
#4012=PLANE('',#4607);
#4013=PLANE('',#4608);
#4014=ADVANCED_FACE('',(#236),#3842,.F.);
#4015=ADVANCED_FACE('',(#237),#3843,.F.);
#4016=ADVANCED_FACE('',(#238),#3844,.F.);
#4017=ADVANCED_FACE('',(#239),#3845,.F.);
#4018=ADVANCED_FACE('',(#240),#3846,.F.);
#4019=ADVANCED_FACE('',(#241),#3847,.F.);
#4020=ADVANCED_FACE('',(#242),#3848,.F.);
#4021=ADVANCED_FACE('',(#243),#3849,.F.);
#4022=ADVANCED_FACE('',(#244),#3850,.T.);
#4023=ADVANCED_FACE('',(#245),#3851,.T.);
#4024=ADVANCED_FACE('',(#246),#3852,.T.);
#4025=ADVANCED_FACE('',(#247),#3853,.T.);
#4026=ADVANCED_FACE('',(#248),#3854,.T.);
#4027=ADVANCED_FACE('',(#249),#3855,.T.);
#4028=ADVANCED_FACE('',(#250),#3856,.T.);
#4029=ADVANCED_FACE('',(#251),#3857,.T.);
#4030=ADVANCED_FACE('',(#252),#3858,.T.);
#4031=ADVANCED_FACE('',(#253),#3859,.T.);
#4032=ADVANCED_FACE('',(#254),#3860,.T.);
#4033=ADVANCED_FACE('',(#255),#3861,.T.);
#4034=ADVANCED_FACE('',(#256),#3862,.T.);
#4035=ADVANCED_FACE('',(#257),#3863,.T.);
#4036=ADVANCED_FACE('',(#258),#3864,.T.);
#4037=ADVANCED_FACE('',(#259),#3865,.T.);
#4038=ADVANCED_FACE('',(#260),#3866,.T.);
#4039=ADVANCED_FACE('',(#261),#3867,.T.);
#4040=ADVANCED_FACE('',(#262),#3868,.T.);
#4041=ADVANCED_FACE('',(#263),#3869,.T.);
#4042=ADVANCED_FACE('',(#264),#3870,.T.);
#4043=ADVANCED_FACE('',(#265),#3871,.T.);
#4044=ADVANCED_FACE('',(#266),#3872,.T.);
#4045=ADVANCED_FACE('',(#267),#3873,.T.);
#4046=ADVANCED_FACE('',(#268),#3874,.F.);
#4047=ADVANCED_FACE('',(#269),#3875,.F.);
#4048=ADVANCED_FACE('',(#270),#3876,.F.);
#4049=ADVANCED_FACE('',(#271),#3877,.F.);
#4050=ADVANCED_FACE('',(#272),#3878,.F.);
#4051=ADVANCED_FACE('',(#273),#3879,.F.);
#4052=ADVANCED_FACE('',(#274),#3880,.F.);
#4053=ADVANCED_FACE('',(#275),#3881,.F.);
#4054=ADVANCED_FACE('',(#276),#3882,.F.);
#4055=ADVANCED_FACE('',(#277),#3883,.F.);
#4056=ADVANCED_FACE('',(#278),#3884,.F.);
#4057=ADVANCED_FACE('',(#279),#3885,.F.);
#4058=ADVANCED_FACE('',(#280),#3886,.F.);
#4059=ADVANCED_FACE('',(#281),#3887,.F.);
#4060=ADVANCED_FACE('',(#282),#3888,.F.);
#4061=ADVANCED_FACE('',(#283),#3889,.F.);
#4062=ADVANCED_FACE('',(#284),#3890,.F.);
#4063=ADVANCED_FACE('',(#285),#3891,.F.);
#4064=ADVANCED_FACE('',(#286),#3892,.F.);
#4065=ADVANCED_FACE('',(#287),#3893,.F.);
#4066=ADVANCED_FACE('',(#288),#3894,.F.);
#4067=ADVANCED_FACE('',(#289),#3895,.F.);
#4068=ADVANCED_FACE('',(#290),#3896,.F.);
#4069=ADVANCED_FACE('',(#291),#3897,.F.);
#4070=ADVANCED_FACE('',(#292),#3898,.F.);
#4071=ADVANCED_FACE('',(#293),#3899,.F.);
#4072=ADVANCED_FACE('',(#294),#3900,.F.);
#4073=ADVANCED_FACE('',(#295),#3901,.F.);
#4074=ADVANCED_FACE('',(#296),#3902,.F.);
#4075=ADVANCED_FACE('',(#297),#3903,.F.);
#4076=ADVANCED_FACE('',(#298),#3904,.F.);
#4077=ADVANCED_FACE('',(#299),#3905,.F.);
#4078=ADVANCED_FACE('',(#300),#3906,.T.);
#4079=ADVANCED_FACE('',(#301),#3907,.T.);
#4080=ADVANCED_FACE('',(#302),#3908,.T.);
#4081=ADVANCED_FACE('',(#303),#3909,.T.);
#4082=ADVANCED_FACE('',(#304),#3910,.T.);
#4083=ADVANCED_FACE('',(#305),#3911,.T.);
#4084=ADVANCED_FACE('',(#306),#3912,.T.);
#4085=ADVANCED_FACE('',(#307),#3913,.T.);
#4086=ADVANCED_FACE('',(#308),#3914,.T.);
#4087=ADVANCED_FACE('',(#309),#3915,.T.);
#4088=ADVANCED_FACE('',(#310),#3916,.T.);
#4089=ADVANCED_FACE('',(#311),#3917,.T.);
#4090=ADVANCED_FACE('',(#312),#3918,.T.);
#4091=ADVANCED_FACE('',(#313),#3919,.T.);
#4092=ADVANCED_FACE('',(#314),#3920,.T.);
#4093=ADVANCED_FACE('',(#315),#3921,.T.);
#4094=ADVANCED_FACE('',(#316),#3922,.F.);
#4095=ADVANCED_FACE('',(#317),#83,.T.);
#4096=ADVANCED_FACE('',(#318),#84,.T.);
#4097=ADVANCED_FACE('',(#319),#3923,.T.);
#4098=ADVANCED_FACE('',(#320),#85,.T.);
#4099=ADVANCED_FACE('',(#321),#86,.T.);
#4100=ADVANCED_FACE('',(#322),#3924,.T.);
#4101=ADVANCED_FACE('',(#323),#87,.F.);
#4102=ADVANCED_FACE('',(#324),#88,.F.);
#4103=ADVANCED_FACE('',(#325),#3925,.T.);
#4104=ADVANCED_FACE('',(#326),#3926,.T.);
#4105=ADVANCED_FACE('',(#327),#3927,.T.);
#4106=ADVANCED_FACE('',(#328),#89,.T.);
#4107=ADVANCED_FACE('',(#329),#90,.T.);
#4108=ADVANCED_FACE('',(#330),#3928,.T.);
#4109=ADVANCED_FACE('',(#331),#3929,.T.);
#4110=ADVANCED_FACE('',(#332),#3930,.T.);
#4111=ADVANCED_FACE('',(#333),#3931,.T.);
#4112=ADVANCED_FACE('',(#334),#3932,.T.);
#4113=ADVANCED_FACE('',(#335),#3933,.T.);
#4114=ADVANCED_FACE('',(#336),#3934,.T.);
#4115=ADVANCED_FACE('',(#337),#3935,.T.);
#4116=ADVANCED_FACE('',(#338),#3936,.T.);
#4117=ADVANCED_FACE('',(#339),#3937,.T.);
#4118=ADVANCED_FACE('',(#340),#3938,.T.);
#4119=ADVANCED_FACE('',(#341),#3939,.T.);
#4120=ADVANCED_FACE('',(#342),#3940,.T.);
#4121=ADVANCED_FACE('',(#343),#3941,.T.);
#4122=ADVANCED_FACE('',(#344),#3942,.T.);
#4123=ADVANCED_FACE('',(#345),#3943,.T.);
#4124=ADVANCED_FACE('',(#346),#3944,.T.);
#4125=ADVANCED_FACE('',(#347),#3945,.T.);
#4126=ADVANCED_FACE('',(#348),#3946,.T.);
#4127=ADVANCED_FACE('',(#349),#3947,.T.);
#4128=ADVANCED_FACE('',(#350,#47),#3948,.T.);
#4129=ADVANCED_FACE('',(#351),#3949,.T.);
#4130=ADVANCED_FACE('',(#352),#3950,.T.);
#4131=ADVANCED_FACE('',(#353),#3951,.T.);
#4132=ADVANCED_FACE('',(#354),#3952,.T.);
#4133=ADVANCED_FACE('',(#355),#3953,.T.);
#4134=ADVANCED_FACE('',(#356),#3954,.T.);
#4135=ADVANCED_FACE('',(#357),#3955,.T.);
#4136=ADVANCED_FACE('',(#358),#3956,.T.);
#4137=ADVANCED_FACE('',(#359),#3957,.T.);
#4138=ADVANCED_FACE('',(#360),#3958,.T.);
#4139=ADVANCED_FACE('',(#361),#3959,.T.);
#4140=ADVANCED_FACE('',(#362),#3960,.T.);
#4141=ADVANCED_FACE('',(#363),#3961,.T.);
#4142=ADVANCED_FACE('',(#364),#3962,.T.);
#4143=ADVANCED_FACE('',(#365),#3963,.T.);
#4144=ADVANCED_FACE('',(#366),#20,.F.);
#4145=ADVANCED_FACE('',(#367),#21,.F.);
#4146=ADVANCED_FACE('',(#368),#91,.F.);
#4147=ADVANCED_FACE('',(#369),#3964,.T.);
#4148=ADVANCED_FACE('',(#370),#92,.T.);
#4149=ADVANCED_FACE('',(#371),#22,.F.);
#4150=ADVANCED_FACE('',(#372),#23,.F.);
#4151=ADVANCED_FACE('',(#373),#93,.F.);
#4152=ADVANCED_FACE('',(#374),#24,.F.);
#4153=ADVANCED_FACE('',(#375),#94,.T.);
#4154=ADVANCED_FACE('',(#376),#17,.F.);
#4155=ADVANCED_FACE('',(#377),#25,.T.);
#4156=ADVANCED_FACE('',(#378),#95,.T.);
#4157=ADVANCED_FACE('',(#379),#26,.T.);
#4158=ADVANCED_FACE('',(#380),#18,.F.);
#4159=ADVANCED_FACE('',(#381),#96,.T.);
#4160=ADVANCED_FACE('',(#382),#27,.F.);
#4161=ADVANCED_FACE('',(#383),#28,.F.);
#4162=ADVANCED_FACE('',(#384),#97,.F.);
#4163=ADVANCED_FACE('',(#385),#3965,.T.);
#4164=ADVANCED_FACE('',(#386),#98,.T.);
#4165=ADVANCED_FACE('',(#387),#29,.T.);
#4166=ADVANCED_FACE('',(#388),#19,.F.);
#4167=ADVANCED_FACE('',(#389),#30,.F.);
#4168=ADVANCED_FACE('',(#390),#99,.F.);
#4169=ADVANCED_FACE('',(#391),#31,.F.);
#4170=ADVANCED_FACE('',(#392),#3966,.F.);
#4171=ADVANCED_FACE('',(#393,#48),#3967,.T.);
#4172=ADVANCED_FACE('',(#394),#3968,.T.);
#4173=ADVANCED_FACE('',(#395),#3969,.F.);
#4174=ADVANCED_FACE('',(#396),#3970,.T.);
#4175=ADVANCED_FACE('',(#397),#32,.T.);
#4176=ADVANCED_FACE('',(#398),#100,.T.);
#4177=ADVANCED_FACE('',(#399),#33,.T.);
#4178=ADVANCED_FACE('',(#400),#101,.T.);
#4179=ADVANCED_FACE('',(#401),#34,.T.);
#4180=ADVANCED_FACE('',(#402),#102,.T.);
#4181=ADVANCED_FACE('',(#403),#35,.T.);
#4182=ADVANCED_FACE('',(#404),#103,.T.);
#4183=ADVANCED_FACE('',(#405),#104,.F.);
#4184=ADVANCED_FACE('',(#406,#49,#50,#51,#52,#53,#54,#55,#56,#57,#58),#3971,
 .T.);
#4185=ADVANCED_FACE('',(#407),#105,.F.);
#4186=ADVANCED_FACE('',(#408,#59),#3972,.T.);
#4187=ADVANCED_FACE('',(#409),#106,.F.);
#4188=ADVANCED_FACE('',(#410,#60,#61,#62,#63,#64,#65,#66,#67,#68,#69),#3973,
 .T.);
#4189=ADVANCED_FACE('',(#411,#70),#3974,.T.);
#4190=ADVANCED_FACE('',(#412),#107,.F.);
#4191=ADVANCED_FACE('',(#413,#71),#3975,.T.);
#4192=ADVANCED_FACE('',(#414),#108,.T.);
#4193=ADVANCED_FACE('',(#415),#109,.T.);
#4194=ADVANCED_FACE('',(#416,#72),#3976,.T.);
#4195=ADVANCED_FACE('',(#417),#110,.T.);
#4196=ADVANCED_FACE('',(#418),#111,.T.);
#4197=ADVANCED_FACE('',(#419),#3977,.T.);
#4198=ADVANCED_FACE('',(#420),#3978,.T.);
#4199=ADVANCED_FACE('',(#421,#73),#3979,.T.);
#4200=ADVANCED_FACE('',(#422),#112,.T.);
#4201=ADVANCED_FACE('',(#423),#36,.T.);
#4202=ADVANCED_FACE('',(#424),#113,.T.);
#4203=ADVANCED_FACE('',(#425),#37,.T.);
#4204=ADVANCED_FACE('',(#426),#114,.T.);
#4205=ADVANCED_FACE('',(#427),#38,.T.);
#4206=ADVANCED_FACE('',(#428),#115,.T.);
#4207=ADVANCED_FACE('',(#429),#39,.T.);
#4208=ADVANCED_FACE('',(#430,#74),#3980,.T.);
#4209=ADVANCED_FACE('',(#431),#116,.T.);
#4210=ADVANCED_FACE('',(#432),#117,.T.);
#4211=ADVANCED_FACE('',(#433),#3981,.T.);
#4212=ADVANCED_FACE('',(#434),#3982,.T.);
#4213=ADVANCED_FACE('',(#435),#3983,.T.);
#4214=ADVANCED_FACE('',(#436),#118,.F.);
#4215=ADVANCED_FACE('',(#437),#119,.F.);
#4216=ADVANCED_FACE('',(#438),#3984,.T.);
#4217=ADVANCED_FACE('',(#439),#3985,.T.);
#4218=ADVANCED_FACE('',(#440),#3986,.T.);
#4219=ADVANCED_FACE('',(#441),#3987,.T.);
#4220=ADVANCED_FACE('',(#442),#3988,.T.);
#4221=ADVANCED_FACE('',(#443),#3989,.T.);
#4222=ADVANCED_FACE('',(#444),#3990,.T.);
#4223=ADVANCED_FACE('',(#445),#3991,.T.);
#4224=ADVANCED_FACE('',(#446),#3992,.T.);
#4225=ADVANCED_FACE('',(#447),#3993,.T.);
#4226=ADVANCED_FACE('',(#448),#3994,.T.);
#4227=ADVANCED_FACE('',(#449),#3995,.T.);
#4228=ADVANCED_FACE('',(#450),#3996,.T.);
#4229=ADVANCED_FACE('',(#451),#3997,.T.);
#4230=ADVANCED_FACE('',(#452),#3998,.T.);
#4231=ADVANCED_FACE('',(#453),#3999,.T.);
#4232=ADVANCED_FACE('',(#454),#4000,.T.);
#4233=ADVANCED_FACE('',(#455),#4001,.T.);
#4234=ADVANCED_FACE('',(#456),#4002,.T.);
#4235=ADVANCED_FACE('',(#457),#4003,.T.);
#4236=ADVANCED_FACE('',(#458),#4004,.T.);
#4237=ADVANCED_FACE('',(#459),#120,.T.);
#4238=ADVANCED_FACE('',(#460),#4005,.T.);
#4239=ADVANCED_FACE('',(#461),#4006,.T.);
#4240=ADVANCED_FACE('',(#462),#4007,.T.);
#4241=ADVANCED_FACE('',(#463),#4008,.T.);
#4242=ADVANCED_FACE('',(#464),#4009,.T.);
#4243=ADVANCED_FACE('',(#465),#121,.T.);
#4244=ADVANCED_FACE('',(#466),#4010,.T.);
#4245=ADVANCED_FACE('',(#467),#4011,.T.);
#4246=ADVANCED_FACE('',(#468,#75,#76,#77,#78),#4012,.T.);
#4247=ADVANCED_FACE('',(#469,#79,#80,#81,#82),#4013,.F.);
#4248=CLOSED_SHELL('',(#4014,#4015,#4016,#4017,#4018,#4019,#4020,#4021,
#4022,#4023,#4024,#4025,#4026,#4027,#4028,#4029,#4030,#4031,#4032,#4033,
#4034,#4035,#4036,#4037,#4038,#4039,#4040,#4041,#4042,#4043,#4044,#4045,
#4046,#4047,#4048,#4049,#4050,#4051,#4052,#4053,#4054,#4055,#4056,#4057,
#4058,#4059,#4060,#4061,#4062,#4063,#4064,#4065,#4066,#4067,#4068,#4069,
#4070,#4071,#4072,#4073,#4074,#4075,#4076,#4077,#4078,#4079,#4080,#4081,
#4082,#4083,#4084,#4085,#4086,#4087,#4088,#4089,#4090,#4091,#4092,#4093,
#4094,#4095,#4096,#4097,#4098,#4099,#4100,#4101,#4102,#4103,#4104,#4105,
#4106,#4107,#4108,#4109,#4110,#4111,#4112,#4113,#4114,#4115,#4116,#4117,
#4118,#4119,#4120,#4121,#4122,#4123,#4124,#4125,#4126,#4127,#4128,#4129,
#4130,#4131,#4132,#4133,#4134,#4135,#4136,#4137,#4138,#4139,#4140,#4141,
#4142,#4143,#4144,#4145,#4146,#4147,#4148,#4149,#4150,#4151,#4152,#4153,
#4154,#4155,#4156,#4157,#4158,#4159,#4160,#4161,#4162,#4163,#4164,#4165,
#4166,#4167,#4168,#4169,#4170,#4171,#4172,#4173,#4174,#4175,#4176,#4177,
#4178,#4179,#4180,#4181,#4182,#4183,#4184,#4185,#4186,#4187,#4188,#4189,
#4190,#4191,#4192,#4193,#4194,#4195,#4196,#4197,#4198,#4199,#4200,#4201,
#4202,#4203,#4204,#4205,#4206,#4207,#4208,#4209,#4210,#4211,#4212,#4213,
#4214,#4215));
#4249=CLOSED_SHELL('',(#4216,#4217,#4218,#4219,#4220,#4221,#4222,#4223,
#4224,#4225,#4226,#4227,#4228,#4229,#4230,#4231,#4232,#4233,#4234,#4235,
#4236,#4237,#4238,#4239,#4240,#4241,#4242,#4243,#4244,#4245,#4246,#4247));
#4250=DERIVED_UNIT_ELEMENT(#4252,1.);
#4251=DERIVED_UNIT_ELEMENT(#7062,-3.);
#4252=(
MASS_UNIT()
NAMED_UNIT(*)
SI_UNIT(.KILO.,.GRAM.)
);
#4253=DERIVED_UNIT((#4250,#4251));
#4254=MEASURE_REPRESENTATION_ITEM('density measure',
POSITIVE_RATIO_MEASURE(7850.),#4253);
#4255=PROPERTY_DEFINITION_REPRESENTATION(#4260,#4257);
#4256=PROPERTY_DEFINITION_REPRESENTATION(#4261,#4258);
#4257=REPRESENTATION('material name',(#4259),#7059);
#4258=REPRESENTATION('density',(#4254),#7059);
#4259=DESCRIPTIVE_REPRESENTATION_ITEM('Steel','Steel');
#4260=PROPERTY_DEFINITION('material property','material name',#7069);
#4261=PROPERTY_DEFINITION('material property','density of part',#7069);
#4262=AXIS2_PLACEMENT_3D('',#5774,#4609,#4610);
#4263=AXIS2_PLACEMENT_3D('',#5775,#4611,#4612);
#4264=AXIS2_PLACEMENT_3D('',#5784,#4617,#4618);
#4265=AXIS2_PLACEMENT_3D('',#5788,#4621,#4622);
#4266=AXIS2_PLACEMENT_3D('',#5792,#4625,#4626);
#4267=AXIS2_PLACEMENT_3D('',#5794,#4628,#4629);
#4268=AXIS2_PLACEMENT_3D('',#5803,#4634,#4635);
#4269=AXIS2_PLACEMENT_3D('',#5807,#4638,#4639);
#4270=AXIS2_PLACEMENT_3D('',#5811,#4642,#4643);
#4271=AXIS2_PLACEMENT_3D('',#5813,#4645,#4646);
#4272=AXIS2_PLACEMENT_3D('',#5822,#4651,#4652);
#4273=AXIS2_PLACEMENT_3D('',#5826,#4655,#4656);
#4274=AXIS2_PLACEMENT_3D('',#5830,#4659,#4660);
#4275=AXIS2_PLACEMENT_3D('',#5832,#4662,#4663);
#4276=AXIS2_PLACEMENT_3D('',#5841,#4668,#4669);
#4277=AXIS2_PLACEMENT_3D('',#5845,#4672,#4673);
#4278=AXIS2_PLACEMENT_3D('',#5849,#4676,#4677);
#4279=AXIS2_PLACEMENT_3D('',#5851,#4679,#4680);
#4280=AXIS2_PLACEMENT_3D('',#5860,#4685,#4686);
#4281=AXIS2_PLACEMENT_3D('',#5864,#4689,#4690);
#4282=AXIS2_PLACEMENT_3D('',#5868,#4693,#4694);
#4283=AXIS2_PLACEMENT_3D('',#5870,#4696,#4697);
#4284=AXIS2_PLACEMENT_3D('',#5879,#4702,#4703);
#4285=AXIS2_PLACEMENT_3D('',#5883,#4706,#4707);
#4286=AXIS2_PLACEMENT_3D('',#5887,#4710,#4711);
#4287=AXIS2_PLACEMENT_3D('',#5889,#4713,#4714);
#4288=AXIS2_PLACEMENT_3D('',#5898,#4719,#4720);
#4289=AXIS2_PLACEMENT_3D('',#5902,#4723,#4724);
#4290=AXIS2_PLACEMENT_3D('',#5906,#4727,#4728);
#4291=AXIS2_PLACEMENT_3D('',#5908,#4730,#4731);
#4292=AXIS2_PLACEMENT_3D('',#5917,#4736,#4737);
#4293=AXIS2_PLACEMENT_3D('',#5921,#4740,#4741);
#4294=AXIS2_PLACEMENT_3D('',#5925,#4744,#4745);
#4295=AXIS2_PLACEMENT_3D('',#5927,#4747,#4748);
#4296=AXIS2_PLACEMENT_3D('',#5936,#4753,#4754);
#4297=AXIS2_PLACEMENT_3D('',#5940,#4757,#4758);
#4298=AXIS2_PLACEMENT_3D('',#5944,#4761,#4762);
#4299=AXIS2_PLACEMENT_3D('',#5946,#4764,#4765);
#4300=AXIS2_PLACEMENT_3D('',#5955,#4770,#4771);
#4301=AXIS2_PLACEMENT_3D('',#5959,#4774,#4775);
#4302=AXIS2_PLACEMENT_3D('',#5963,#4778,#4779);
#4303=AXIS2_PLACEMENT_3D('',#5965,#4781,#4782);
#4304=AXIS2_PLACEMENT_3D('',#5974,#4787,#4788);
#4305=AXIS2_PLACEMENT_3D('',#5978,#4791,#4792);
#4306=AXIS2_PLACEMENT_3D('',#5982,#4795,#4796);
#4307=AXIS2_PLACEMENT_3D('',#5984,#4798,#4799);
#4308=AXIS2_PLACEMENT_3D('',#5993,#4804,#4805);
#4309=AXIS2_PLACEMENT_3D('',#5997,#4808,#4809);
#4310=AXIS2_PLACEMENT_3D('',#6001,#4812,#4813);
#4311=AXIS2_PLACEMENT_3D('',#6003,#4815,#4816);
#4312=AXIS2_PLACEMENT_3D('',#6012,#4821,#4822);
#4313=AXIS2_PLACEMENT_3D('',#6016,#4825,#4826);
#4314=AXIS2_PLACEMENT_3D('',#6020,#4829,#4830);
#4315=AXIS2_PLACEMENT_3D('',#6022,#4832,#4833);
#4316=AXIS2_PLACEMENT_3D('',#6031,#4838,#4839);
#4317=AXIS2_PLACEMENT_3D('',#6035,#4842,#4843);
#4318=AXIS2_PLACEMENT_3D('',#6039,#4846,#4847);
#4319=AXIS2_PLACEMENT_3D('',#6041,#4849,#4850);
#4320=AXIS2_PLACEMENT_3D('',#6050,#4855,#4856);
#4321=AXIS2_PLACEMENT_3D('',#6054,#4859,#4860);
#4322=AXIS2_PLACEMENT_3D('',#6058,#4863,#4864);
#4323=AXIS2_PLACEMENT_3D('',#6060,#4866,#4867);
#4324=AXIS2_PLACEMENT_3D('',#6069,#4872,#4873);
#4325=AXIS2_PLACEMENT_3D('',#6073,#4876,#4877);
#4326=AXIS2_PLACEMENT_3D('',#6077,#4880,#4881);
#4327=AXIS2_PLACEMENT_3D('',#6079,#4883,#4884);
#4328=AXIS2_PLACEMENT_3D('',#6088,#4889,#4890);
#4329=AXIS2_PLACEMENT_3D('',#6092,#4893,#4894);
#4330=AXIS2_PLACEMENT_3D('',#6096,#4897,#4898);
#4331=AXIS2_PLACEMENT_3D('',#6098,#4900,#4901);
#4332=AXIS2_PLACEMENT_3D('',#6107,#4906,#4907);
#4333=AXIS2_PLACEMENT_3D('',#6111,#4910,#4911);
#4334=AXIS2_PLACEMENT_3D('',#6115,#4914,#4915);
#4335=AXIS2_PLACEMENT_3D('',#6117,#4917,#4918);
#4336=AXIS2_PLACEMENT_3D('',#6126,#4923,#4924);
#4337=AXIS2_PLACEMENT_3D('',#6130,#4927,#4928);
#4338=AXIS2_PLACEMENT_3D('',#6134,#4931,#4932);
#4339=AXIS2_PLACEMENT_3D('',#6136,#4934,#4935);
#4340=AXIS2_PLACEMENT_3D('',#6145,#4940,#4941);
#4341=AXIS2_PLACEMENT_3D('',#6149,#4944,#4945);
#4342=AXIS2_PLACEMENT_3D('',#6153,#4948,#4949);
#4343=AXIS2_PLACEMENT_3D('',#6155,#4951,#4952);
#4344=AXIS2_PLACEMENT_3D('',#6158,#4953,#4954);
#4345=AXIS2_PLACEMENT_3D('',#6166,#4958,#4959);
#4346=AXIS2_PLACEMENT_3D('',#6170,#4961,#4962);
#4347=AXIS2_PLACEMENT_3D('',#6174,#4964,#4965);
#4348=AXIS2_PLACEMENT_3D('',#6176,#4967,#4968);
#4349=AXIS2_PLACEMENT_3D('',#6179,#4969,#4970);
#4350=AXIS2_PLACEMENT_3D('',#6183,#4972,#4973);
#4351=AXIS2_PLACEMENT_3D('',#6185,#4975,#4976);
#4352=AXIS2_PLACEMENT_3D('',#6188,#4977,#4978);
#4353=AXIS2_PLACEMENT_3D('',#6192,#4980,#4981);
#4354=AXIS2_PLACEMENT_3D('',#6194,#4983,#4984);
#4355=AXIS2_PLACEMENT_3D('',#6200,#4988,#4989);
#4356=AXIS2_PLACEMENT_3D('',#6202,#4990,#4991);
#4357=AXIS2_PLACEMENT_3D('',#6204,#4992,#4993);
#4358=AXIS2_PLACEMENT_3D('',#6206,#4995,#4996);
#4359=AXIS2_PLACEMENT_3D('',#6209,#4997,#4998);
#4360=AXIS2_PLACEMENT_3D('',#6213,#5000,#5001);
#4361=AXIS2_PLACEMENT_3D('',#6215,#5003,#5004);
#4362=AXIS2_PLACEMENT_3D('',#6221,#5008,#5009);
#4363=AXIS2_PLACEMENT_3D('',#6223,#5010,#5011);
#4364=AXIS2_PLACEMENT_3D('',#6225,#5012,#5013);
#4365=AXIS2_PLACEMENT_3D('',#6227,#5015,#5016);
#4366=AXIS2_PLACEMENT_3D('',#6230,#5017,#5018);
#4367=AXIS2_PLACEMENT_3D('',#6234,#5020,#5021);
#4368=AXIS2_PLACEMENT_3D('',#6236,#5023,#5024);
#4369=AXIS2_PLACEMENT_3D('',#6242,#5028,#5029);
#4370=AXIS2_PLACEMENT_3D('',#6248,#5033,#5034);
#4371=AXIS2_PLACEMENT_3D('',#6254,#5038,#5039);
#4372=AXIS2_PLACEMENT_3D('',#6256,#5040,#5041);
#4373=AXIS2_PLACEMENT_3D('',#6258,#5042,#5043);
#4374=AXIS2_PLACEMENT_3D('',#6260,#5045,#5046);
#4375=AXIS2_PLACEMENT_3D('',#6263,#5047,#5048);
#4376=AXIS2_PLACEMENT_3D('',#6267,#5050,#5051);
#4377=AXIS2_PLACEMENT_3D('',#6269,#5053,#5054);
#4378=AXIS2_PLACEMENT_3D('',#6272,#5057,#5058);
#4379=AXIS2_PLACEMENT_3D('',#6277,#5063,#5064);
#4380=AXIS2_PLACEMENT_3D('',#6286,#5069,#5070);
#4381=AXIS2_PLACEMENT_3D('',#6295,#5075,#5076);
#4382=AXIS2_PLACEMENT_3D('',#6304,#5081,#5082);
#4383=AXIS2_PLACEMENT_3D('',#6313,#5087,#5088);
#4384=AXIS2_PLACEMENT_3D('',#6319,#5092,#5093);
#4385=AXIS2_PLACEMENT_3D('',#6325,#5097,#5098);
#4386=AXIS2_PLACEMENT_3D('',#6342,#5108,#5109);
#4387=AXIS2_PLACEMENT_3D('',#6348,#5113,#5114);
#4388=AXIS2_PLACEMENT_3D('',#6352,#5117,#5118);
#4389=AXIS2_PLACEMENT_3D('',#6356,#5121,#5122);
#4390=AXIS2_PLACEMENT_3D('',#6362,#5126,#5127);
#4391=AXIS2_PLACEMENT_3D('',#6368,#5131,#5132);
#4392=AXIS2_PLACEMENT_3D('',#6374,#5136,#5137);
#4393=AXIS2_PLACEMENT_3D('',#6380,#5141,#5142);
#4394=AXIS2_PLACEMENT_3D('',#6386,#5146,#5147);
#4395=AXIS2_PLACEMENT_3D('',#6390,#5150,#5151);
#4396=AXIS2_PLACEMENT_3D('',#6394,#5154,#5155);
#4397=AXIS2_PLACEMENT_3D('',#6396,#5157,#5158);
#4398=AXIS2_PLACEMENT_3D('',#6423,#5174,#5175);
#4399=AXIS2_PLACEMENT_3D('',#6427,#5179,#5180);
#4400=AXIS2_PLACEMENT_3D('',#6429,#5182,#5183);
#4401=AXIS2_PLACEMENT_3D('',#6431,#5185,#5186);
#4402=AXIS2_PLACEMENT_3D('',#6432,#5187,#5188);
#4403=AXIS2_PLACEMENT_3D('',#6433,#5189,#5190);
#4404=AXIS2_PLACEMENT_3D('',#6435,#5192,#5193);
#4405=AXIS2_PLACEMENT_3D('',#6436,#5194,#5195);
#4406=AXIS2_PLACEMENT_3D('',#6439,#5196,#5197);
#4407=AXIS2_PLACEMENT_3D('',#6455,#5201,#5202);
#4408=AXIS2_PLACEMENT_3D('',#6468,#5204,#5205);
#4409=AXIS2_PLACEMENT_3D('',#6474,#5209,#5210);
#4410=AXIS2_PLACEMENT_3D('',#6478,#5213,#5214);
#4411=AXIS2_PLACEMENT_3D('',#6487,#5217,#5218);
#4412=AXIS2_PLACEMENT_3D('',#6494,#5220,#5221);
#4413=AXIS2_PLACEMENT_3D('',#6496,#5223,#5224);
#4414=AXIS2_PLACEMENT_3D('',#6498,#5225,#5226);
#4415=AXIS2_PLACEMENT_3D('',#6504,#5230,#5231);
#4416=AXIS2_PLACEMENT_3D('',#6505,#5232,#5233);
#4417=AXIS2_PLACEMENT_3D('',#6507,#5234,#5235);
#4418=AXIS2_PLACEMENT_3D('',#6508,#5236,#5237);
#4419=AXIS2_PLACEMENT_3D('',#6509,#5238,#5239);
#4420=AXIS2_PLACEMENT_3D('',#6510,#5240,#5241);
#4421=AXIS2_PLACEMENT_3D('',#6511,#5242,#5243);
#4422=AXIS2_PLACEMENT_3D('',#6513,#5244,#5245);
#4423=AXIS2_PLACEMENT_3D('',#6516,#5247,#5248);
#4424=AXIS2_PLACEMENT_3D('',#6517,#5249,#5250);
#4425=AXIS2_PLACEMENT_3D('',#6521,#5252,#5253);
#4426=AXIS2_PLACEMENT_3D('',#6522,#5254,#5255);
#4427=AXIS2_PLACEMENT_3D('',#6523,#5256,#5257);
#4428=AXIS2_PLACEMENT_3D('',#6526,#5259,#5260);
#4429=AXIS2_PLACEMENT_3D('',#6527,#5261,#5262);
#4430=AXIS2_PLACEMENT_3D('',#6529,#5263,#5264);
#4431=AXIS2_PLACEMENT_3D('',#6530,#5265,#5266);
#4432=AXIS2_PLACEMENT_3D('',#6531,#5267,#5268);
#4433=AXIS2_PLACEMENT_3D('',#6534,#5269,#5270);
#4434=AXIS2_PLACEMENT_3D('',#6535,#5271,#5272);
#4435=AXIS2_PLACEMENT_3D('',#6536,#5273,#5274);
#4436=AXIS2_PLACEMENT_3D('',#6537,#5275,#5276);
#4437=AXIS2_PLACEMENT_3D('',#6539,#5278,#5279);
#4438=AXIS2_PLACEMENT_3D('',#6541,#5280,#5281);
#4439=AXIS2_PLACEMENT_3D('',#6542,#5282,#5283);
#4440=AXIS2_PLACEMENT_3D('',#6543,#5284,#5285);
#4441=AXIS2_PLACEMENT_3D('',#6561,#5287,#5288);
#4442=AXIS2_PLACEMENT_3D('',#6562,#5289,#5290);
#4443=AXIS2_PLACEMENT_3D('',#6563,#5291,#5292);
#4444=AXIS2_PLACEMENT_3D('',#6566,#5293,#5294);
#4445=AXIS2_PLACEMENT_3D('',#6567,#5295,#5296);
#4446=AXIS2_PLACEMENT_3D('',#6568,#5297,#5298);
#4447=AXIS2_PLACEMENT_3D('',#6569,#5299,#5300);
#4448=AXIS2_PLACEMENT_3D('',#6572,#5302,#5303);
#4449=AXIS2_PLACEMENT_3D('',#6573,#5304,#5305);
#4450=AXIS2_PLACEMENT_3D('',#6575,#5306,#5307);
#4451=AXIS2_PLACEMENT_3D('',#6576,#5308,#5309);
#4452=AXIS2_PLACEMENT_3D('',#6588,#5310,#5311);
#4453=AXIS2_PLACEMENT_3D('',#6589,#5312,#5313);
#4454=AXIS2_PLACEMENT_3D('',#6590,#5314,#5315);
#4455=AXIS2_PLACEMENT_3D('',#6591,#5316,#5317);
#4456=AXIS2_PLACEMENT_3D('',#6594,#5319,#5320);
#4457=AXIS2_PLACEMENT_3D('',#6595,#5321,#5322);
#4458=AXIS2_PLACEMENT_3D('',#6597,#5323,#5324);
#4459=AXIS2_PLACEMENT_3D('',#6598,#5325,#5326);
#4460=AXIS2_PLACEMENT_3D('',#6599,#5327,#5328);
#4461=AXIS2_PLACEMENT_3D('',#6602,#5329,#5330);
#4462=AXIS2_PLACEMENT_3D('',#6603,#5331,#5332);
#4463=AXIS2_PLACEMENT_3D('',#6604,#5333,#5334);
#4464=AXIS2_PLACEMENT_3D('',#6605,#5335,#5336);
#4465=AXIS2_PLACEMENT_3D('',#6608,#5338,#5339);
#4466=AXIS2_PLACEMENT_3D('',#6609,#5340,#5341);
#4467=AXIS2_PLACEMENT_3D('',#6612,#5343,#5344);
#4468=AXIS2_PLACEMENT_3D('',#6613,#5345,#5346);
#4469=AXIS2_PLACEMENT_3D('',#6616,#5348,#5349);
#4470=AXIS2_PLACEMENT_3D('',#6617,#5350,#5351);
#4471=AXIS2_PLACEMENT_3D('',#6619,#5352,#5353);
#4472=AXIS2_PLACEMENT_3D('',#6620,#5354,#5355);
#4473=AXIS2_PLACEMENT_3D('',#6631,#5356,#5357);
#4474=AXIS2_PLACEMENT_3D('',#6632,#5358,#5359);
#4475=AXIS2_PLACEMENT_3D('',#6633,#5360,#5361);
#4476=AXIS2_PLACEMENT_3D('',#6645,#5362,#5363);
#4477=AXIS2_PLACEMENT_3D('',#6647,#5364,#5365);
#4478=AXIS2_PLACEMENT_3D('',#6648,#5366,#5367);
#4479=AXIS2_PLACEMENT_3D('',#6649,#5368,#5369);
#4480=AXIS2_PLACEMENT_3D('',#6653,#5371,#5372);
#4481=AXIS2_PLACEMENT_3D('',#6655,#5374,#5375);
#4482=AXIS2_PLACEMENT_3D('',#6670,#5376,#5377);
#4483=AXIS2_PLACEMENT_3D('',#6671,#5378,#5379);
#4484=AXIS2_PLACEMENT_3D('',#6672,#5380,#5381);
#4485=AXIS2_PLACEMENT_3D('',#6680,#5385,#5386);
#4486=AXIS2_PLACEMENT_3D('',#6684,#5388,#5389);
#4487=AXIS2_PLACEMENT_3D('',#6686,#5391,#5392);
#4488=AXIS2_PLACEMENT_3D('',#6691,#5394,#5395);
#4489=AXIS2_PLACEMENT_3D('',#6695,#5397,#5398);
#4490=AXIS2_PLACEMENT_3D('',#6699,#5400,#5401);
#4491=AXIS2_PLACEMENT_3D('',#6702,#5403,#5404);
#4492=AXIS2_PLACEMENT_3D('',#6705,#5405,#5406);
#4493=AXIS2_PLACEMENT_3D('',#6708,#5408,#5409);
#4494=AXIS2_PLACEMENT_3D('',#6710,#5410,#5411);
#4495=AXIS2_PLACEMENT_3D('',#6714,#5413,#5414);
#4496=AXIS2_PLACEMENT_3D('',#6716,#5416,#5417);
#4497=AXIS2_PLACEMENT_3D('',#6722,#5421,#5422);
#4498=AXIS2_PLACEMENT_3D('',#6724,#5423,#5424);
#4499=AXIS2_PLACEMENT_3D('',#6728,#5427,#5428);
#4500=AXIS2_PLACEMENT_3D('',#6730,#5430,#5431);
#4501=AXIS2_PLACEMENT_3D('',#6733,#5432,#5433);
#4502=AXIS2_PLACEMENT_3D('',#6735,#5434,#5435);
#4503=AXIS2_PLACEMENT_3D('',#6737,#5436,#5437);
#4504=AXIS2_PLACEMENT_3D('',#6738,#5438,#5439);
#4505=AXIS2_PLACEMENT_3D('',#6739,#5440,#5441);
#4506=AXIS2_PLACEMENT_3D('',#6742,#5442,#5443);
#4507=AXIS2_PLACEMENT_3D('',#6745,#5446,#5447);
#4508=AXIS2_PLACEMENT_3D('',#6748,#5448,#5449);
#4509=AXIS2_PLACEMENT_3D('',#6749,#5450,#5451);
#4510=AXIS2_PLACEMENT_3D('',#6750,#5452,#5453);
#4511=AXIS2_PLACEMENT_3D('',#6751,#5454,#5455);
#4512=AXIS2_PLACEMENT_3D('',#6754,#5456,#5457);
#4513=AXIS2_PLACEMENT_3D('',#6757,#5460,#5461);
#4514=AXIS2_PLACEMENT_3D('',#6760,#5462,#5463);
#4515=AXIS2_PLACEMENT_3D('',#6761,#5464,#5465);
#4516=AXIS2_PLACEMENT_3D('',#6762,#5466,#5467);
#4517=AXIS2_PLACEMENT_3D('',#6763,#5468,#5469);
#4518=AXIS2_PLACEMENT_3D('',#6766,#5470,#5471);
#4519=AXIS2_PLACEMENT_3D('',#6769,#5474,#5475);
#4520=AXIS2_PLACEMENT_3D('',#6772,#5476,#5477);
#4521=AXIS2_PLACEMENT_3D('',#6773,#5478,#5479);
#4522=AXIS2_PLACEMENT_3D('',#6774,#5480,#5481);
#4523=AXIS2_PLACEMENT_3D('',#6775,#5482,#5483);
#4524=AXIS2_PLACEMENT_3D('',#6778,#5486,#5487);
#4525=AXIS2_PLACEMENT_3D('',#6781,#5490,#5491);
#4526=AXIS2_PLACEMENT_3D('',#6784,#5494,#5495);
#4527=AXIS2_PLACEMENT_3D('',#6785,#5496,#5497);
#4528=AXIS2_PLACEMENT_3D('',#6786,#5498,#5499);
#4529=AXIS2_PLACEMENT_3D('',#6788,#5501,#5502);
#4530=AXIS2_PLACEMENT_3D('',#6789,#5503,#5504);
#4531=AXIS2_PLACEMENT_3D('',#6791,#5506,#5507);
#4532=AXIS2_PLACEMENT_3D('',#6792,#5508,#5509);
#4533=AXIS2_PLACEMENT_3D('',#6795,#5512,#5513);
#4534=AXIS2_PLACEMENT_3D('',#6797,#5515,#5516);
#4535=AXIS2_PLACEMENT_3D('',#6800,#5519,#5520);
#4536=AXIS2_PLACEMENT_3D('',#6802,#5522,#5523);
#4537=AXIS2_PLACEMENT_3D('',#6804,#5525,#5526);
#4538=AXIS2_PLACEMENT_3D('',#6806,#5528,#5529);
#4539=AXIS2_PLACEMENT_3D('',#6808,#5531,#5532);
#4540=AXIS2_PLACEMENT_3D('',#6810,#5534,#5535);
#4541=AXIS2_PLACEMENT_3D('',#6817,#5539,#5540);
#4542=AXIS2_PLACEMENT_3D('',#6821,#5542,#5543);
#4543=AXIS2_PLACEMENT_3D('',#6825,#5545,#5546);
#4544=AXIS2_PLACEMENT_3D('',#6828,#5548,#5549);
#4545=AXIS2_PLACEMENT_3D('',#6829,#5550,#5551);
#4546=AXIS2_PLACEMENT_3D('',#6831,#5552,#5553);
#4547=AXIS2_PLACEMENT_3D('',#6833,#5554,#5555);
#4548=AXIS2_PLACEMENT_3D('',#6835,#5557,#5558);
#4549=AXIS2_PLACEMENT_3D('',#6837,#5559,#5560);
#4550=AXIS2_PLACEMENT_3D('',#6838,#5561,#5562);
#4551=AXIS2_PLACEMENT_3D('',#6839,#5563,#5564);
#4552=AXIS2_PLACEMENT_3D('',#6841,#5565,#5566);
#4553=AXIS2_PLACEMENT_3D('',#6843,#5568,#5569);
#4554=AXIS2_PLACEMENT_3D('',#6845,#5570,#5571);
#4555=AXIS2_PLACEMENT_3D('',#6846,#5572,#5573);
#4556=AXIS2_PLACEMENT_3D('',#6847,#5574,#5575);
#4557=AXIS2_PLACEMENT_3D('',#6849,#5576,#5577);
#4558=AXIS2_PLACEMENT_3D('',#6851,#5579,#5580);
#4559=AXIS2_PLACEMENT_3D('',#6853,#5581,#5582);
#4560=AXIS2_PLACEMENT_3D('',#6854,#5583,#5584);
#4561=AXIS2_PLACEMENT_3D('',#6855,#5585,#5586);
#4562=AXIS2_PLACEMENT_3D('',#6857,#5587,#5588);
#4563=AXIS2_PLACEMENT_3D('',#6859,#5590,#5591);
#4564=AXIS2_PLACEMENT_3D('',#6860,#5592,#5593);
#4565=AXIS2_PLACEMENT_3D('',#6861,#5594,#5595);
#4566=AXIS2_PLACEMENT_3D('',#6864,#5598,#5599);
#4567=AXIS2_PLACEMENT_3D('',#6865,#5600,#5601);
#4568=AXIS2_PLACEMENT_3D('',#6867,#5603,#5604);
#4569=AXIS2_PLACEMENT_3D('',#6869,#5606,#5607);
#4570=AXIS2_PLACEMENT_3D('',#6871,#5609,#5610);
#4571=AXIS2_PLACEMENT_3D('',#6873,#5612,#5613);
#4572=AXIS2_PLACEMENT_3D('',#6874,#5614,#5615);
#4573=AXIS2_PLACEMENT_3D('',#6875,#5616,#5617);
#4574=AXIS2_PLACEMENT_3D('',#6884,#5622,#5623);
#4575=AXIS2_PLACEMENT_3D('',#6890,#5627,#5628);
#4576=AXIS2_PLACEMENT_3D('',#6896,#5632,#5633);
#4577=AXIS2_PLACEMENT_3D('',#6899,#5636,#5637);
#4578=AXIS2_PLACEMENT_3D('',#6908,#5642,#5643);
#4579=AXIS2_PLACEMENT_3D('',#6914,#5647,#5648);
#4580=AXIS2_PLACEMENT_3D('',#6920,#5652,#5653);
#4581=AXIS2_PLACEMENT_3D('',#6923,#5656,#5657);
#4582=AXIS2_PLACEMENT_3D('',#6932,#5662,#5663);
#4583=AXIS2_PLACEMENT_3D('',#6938,#5667,#5668);
#4584=AXIS2_PLACEMENT_3D('',#6944,#5672,#5673);
#4585=AXIS2_PLACEMENT_3D('',#6947,#5676,#5677);
#4586=AXIS2_PLACEMENT_3D('',#6956,#5682,#5683);
#4587=AXIS2_PLACEMENT_3D('',#6962,#5687,#5688);
#4588=AXIS2_PLACEMENT_3D('',#6968,#5692,#5693);
#4589=AXIS2_PLACEMENT_3D('',#6971,#5696,#5697);
#4590=AXIS2_PLACEMENT_3D('',#6980,#5702,#5703);
#4591=AXIS2_PLACEMENT_3D('',#6986,#5707,#5708);
#4592=AXIS2_PLACEMENT_3D('',#6992,#5712,#5713);
#4593=AXIS2_PLACEMENT_3D('',#6998,#5717,#5718);
#4594=AXIS2_PLACEMENT_3D('',#7004,#5722,#5723);
#4595=AXIS2_PLACEMENT_3D('',#7006,#5724,#5725);
#4596=AXIS2_PLACEMENT_3D('',#7008,#5726,#5727);
#4597=AXIS2_PLACEMENT_3D('',#7010,#5729,#5730);
#4598=AXIS2_PLACEMENT_3D('',#7016,#5734,#5735);
#4599=AXIS2_PLACEMENT_3D('',#7022,#5739,#5740);
#4600=AXIS2_PLACEMENT_3D('',#7028,#5744,#5745);
#4601=AXIS2_PLACEMENT_3D('',#7034,#5749,#5750);
#4602=AXIS2_PLACEMENT_3D('',#7040,#5754,#5755);
#4603=AXIS2_PLACEMENT_3D('',#7042,#5756,#5757);
#4604=AXIS2_PLACEMENT_3D('',#7044,#5758,#5759);
#4605=AXIS2_PLACEMENT_3D('',#7046,#5761,#5762);
#4606=AXIS2_PLACEMENT_3D('',#7052,#5766,#5767);
#4607=AXIS2_PLACEMENT_3D('',#7055,#5770,#5771);
#4608=AXIS2_PLACEMENT_3D('',#7056,#5772,#5773);
#4609=DIRECTION('axis',(0.,0.,1.));
#4610=DIRECTION('refdir',(1.,0.,0.));
#4611=DIRECTION('center_axis',(-1.19108090994522E-12,-0.422618261740699,
-0.90630778703665));
#4612=DIRECTION('ref_axis',(-1.,8.96273281000889E-13,8.96273281000889E-13));
#4613=DIRECTION('',(-1.,-7.8310866010478E-13,1.67938194110567E-12));
#4614=DIRECTION('',(-4.33517997822764E-13,-0.90630778703665,0.422618261740699));
#4615=DIRECTION('',(1.,-8.96273281000889E-13,-8.96273281000889E-13));
#4616=DIRECTION('',(4.33517997822764E-13,0.90630778703665,-0.422618261740699));
#4617=DIRECTION('center_axis',(-1.,8.96273281000889E-13,8.96273281000889E-13));
#4618=DIRECTION('ref_axis',(7.13995386233262E-29,-0.707106781186548,0.707106781186547));
#4619=DIRECTION('',(1.0097419586829E-28,-0.707106781186548,0.707106781186547));
#4620=DIRECTION('',(1.26752182958409E-12,0.707106781186547,0.707106781186548));
#4621=DIRECTION('center_axis',(1.,-8.96273281000889E-13,-8.96273281000889E-13));
#4622=DIRECTION('ref_axis',(-7.13995386233262E-29,0.707106781186548,-0.707106781186547));
#4623=DIRECTION('',(-1.0097419586829E-28,0.707106781186548,-0.707106781186547));
#4624=DIRECTION('',(1.26752182958409E-12,0.707106781186547,0.707106781186548));
#4625=DIRECTION('center_axis',(-2.95746572449633E-29,-0.707106781186548,
0.707106781186547));
#4626=DIRECTION('ref_axis',(1.,-8.96273281000889E-13,-8.96273281000889E-13));
#4627=DIRECTION('',(1.,-4.48136640500444E-13,-4.48136640500445E-13));
#4628=DIRECTION('center_axis',(-1.19108090994522E-12,-0.422618261740699,
-0.90630778703665));
#4629=DIRECTION('ref_axis',(-1.,8.96273281000889E-13,8.96273281000889E-13));
#4630=DIRECTION('',(-1.,-7.8310866010478E-13,1.67938194110567E-12));
#4631=DIRECTION('',(-4.33517997822764E-13,-0.90630778703665,0.422618261740699));
#4632=DIRECTION('',(1.,-8.96273281000889E-13,-8.96273281000889E-13));
#4633=DIRECTION('',(4.33517997822764E-13,0.90630778703665,-0.422618261740699));
#4634=DIRECTION('center_axis',(-1.,8.96273281000889E-13,8.96273281000889E-13));
#4635=DIRECTION('ref_axis',(7.13995386233262E-29,-0.707106781186548,0.707106781186547));
#4636=DIRECTION('',(1.0097419586829E-28,-0.707106781186548,0.707106781186547));
#4637=DIRECTION('',(1.26752182958409E-12,0.707106781186547,0.707106781186548));
#4638=DIRECTION('center_axis',(1.,-8.96273281000889E-13,-8.96273281000889E-13));
#4639=DIRECTION('ref_axis',(-7.13995386233262E-29,0.707106781186548,-0.707106781186547));
#4640=DIRECTION('',(-1.0097419586829E-28,0.707106781186548,-0.707106781186547));
#4641=DIRECTION('',(1.26752182958409E-12,0.707106781186547,0.707106781186548));
#4642=DIRECTION('center_axis',(-2.95746572449633E-29,-0.707106781186548,
0.707106781186547));
#4643=DIRECTION('ref_axis',(1.,-8.96273281000889E-13,-8.96273281000889E-13));
#4644=DIRECTION('',(1.,-4.48136640500444E-13,-4.48136640500445E-13));
#4645=DIRECTION('center_axis',(0.,0.707106781186548,-0.707106781186548));
#4646=DIRECTION('ref_axis',(1.,0.,0.));
#4647=DIRECTION('',(-1.,-1.62981796594912E-13,-1.62981796594912E-13));
#4648=DIRECTION('',(0.,-0.707106781186548,-0.707106781186548));
#4649=DIRECTION('',(1.,0.,0.));
#4650=DIRECTION('',(0.,-0.707106781186548,-0.707106781186548));
#4651=DIRECTION('center_axis',(1.,0.,0.));
#4652=DIRECTION('ref_axis',(0.,-0.707106781186548,0.707106781186547));
#4653=DIRECTION('',(0.,0.707106781186548,-0.707106781186547));
#4654=DIRECTION('',(0.,-0.422618261740699,0.90630778703665));
#4655=DIRECTION('center_axis',(-1.,0.,0.));
#4656=DIRECTION('ref_axis',(0.,0.707106781186548,-0.707106781186547));
#4657=DIRECTION('',(0.,-0.707106781186548,0.707106781186547));
#4658=DIRECTION('',(0.,0.422618261740699,-0.90630778703665));
#4659=DIRECTION('center_axis',(0.,-0.90630778703665,-0.422618261740699));
#4660=DIRECTION('ref_axis',(-1.,0.,0.));
#4661=DIRECTION('',(1.,-2.84807009331754E-13,6.10770602521577E-13));
#4662=DIRECTION('center_axis',(0.,0.707106781186548,-0.707106781186548));
#4663=DIRECTION('ref_axis',(1.,0.,0.));
#4664=DIRECTION('',(-1.,-1.62981796594912E-13,-1.62981796594912E-13));
#4665=DIRECTION('',(0.,-0.707106781186548,-0.707106781186548));
#4666=DIRECTION('',(1.,0.,0.));
#4667=DIRECTION('',(0.,-0.707106781186548,-0.707106781186548));
#4668=DIRECTION('center_axis',(1.,0.,0.));
#4669=DIRECTION('ref_axis',(0.,-0.707106781186548,0.707106781186547));
#4670=DIRECTION('',(0.,0.707106781186548,-0.707106781186547));
#4671=DIRECTION('',(0.,-0.422618261740699,0.90630778703665));
#4672=DIRECTION('center_axis',(-1.,0.,0.));
#4673=DIRECTION('ref_axis',(0.,0.707106781186548,-0.707106781186547));
#4674=DIRECTION('',(0.,-0.707106781186548,0.707106781186547));
#4675=DIRECTION('',(0.,0.422618261740699,-0.90630778703665));
#4676=DIRECTION('center_axis',(0.,-0.90630778703665,-0.422618261740699));
#4677=DIRECTION('ref_axis',(-1.,0.,0.));
#4678=DIRECTION('',(1.,-2.84807009331754E-13,6.10770602521577E-13));
#4679=DIRECTION('center_axis',(0.,0.707106781186548,-0.707106781186548));
#4680=DIRECTION('ref_axis',(1.,0.,0.));
#4681=DIRECTION('',(-1.,-1.62981796594912E-13,-1.62981796594912E-13));
#4682=DIRECTION('',(0.,-0.707106781186548,-0.707106781186548));
#4683=DIRECTION('',(1.,0.,0.));
#4684=DIRECTION('',(0.,-0.707106781186548,-0.707106781186548));
#4685=DIRECTION('center_axis',(1.,0.,0.));
#4686=DIRECTION('ref_axis',(0.,-0.707106781186548,0.707106781186547));
#4687=DIRECTION('',(0.,0.707106781186548,-0.707106781186547));
#4688=DIRECTION('',(0.,-0.422618261740699,0.90630778703665));
#4689=DIRECTION('center_axis',(-1.,0.,0.));
#4690=DIRECTION('ref_axis',(0.,0.707106781186548,-0.707106781186547));
#4691=DIRECTION('',(0.,-0.707106781186548,0.707106781186547));
#4692=DIRECTION('',(0.,0.422618261740699,-0.90630778703665));
#4693=DIRECTION('center_axis',(0.,-0.90630778703665,-0.422618261740699));
#4694=DIRECTION('ref_axis',(-1.,0.,0.));
#4695=DIRECTION('',(1.,-2.84807009331754E-13,6.10770602521577E-13));
#4696=DIRECTION('center_axis',(0.,0.707106781186548,-0.707106781186548));
#4697=DIRECTION('ref_axis',(1.,0.,0.));
#4698=DIRECTION('',(-1.,-1.62981796594912E-13,-1.62981796594912E-13));
#4699=DIRECTION('',(0.,-0.707106781186548,-0.707106781186548));
#4700=DIRECTION('',(1.,0.,0.));
#4701=DIRECTION('',(0.,-0.707106781186548,-0.707106781186548));
#4702=DIRECTION('center_axis',(1.,0.,0.));
#4703=DIRECTION('ref_axis',(0.,-0.707106781186548,0.707106781186547));
#4704=DIRECTION('',(0.,0.707106781186548,-0.707106781186547));
#4705=DIRECTION('',(0.,-0.422618261740699,0.90630778703665));
#4706=DIRECTION('center_axis',(-1.,0.,0.));
#4707=DIRECTION('ref_axis',(0.,0.707106781186548,-0.707106781186547));
#4708=DIRECTION('',(0.,-0.707106781186548,0.707106781186547));
#4709=DIRECTION('',(0.,0.422618261740699,-0.90630778703665));
#4710=DIRECTION('center_axis',(0.,-0.90630778703665,-0.422618261740699));
#4711=DIRECTION('ref_axis',(-1.,0.,0.));
#4712=DIRECTION('',(1.,-2.84807009331754E-13,6.10770602521577E-13));
#4713=DIRECTION('center_axis',(0.,0.707106781186548,-0.707106781186548));
#4714=DIRECTION('ref_axis',(1.,0.,0.));
#4715=DIRECTION('',(-1.,-1.62981796594912E-13,-1.62981796594912E-13));
#4716=DIRECTION('',(0.,-0.707106781186548,-0.707106781186548));
#4717=DIRECTION('',(1.,0.,0.));
#4718=DIRECTION('',(0.,-0.707106781186548,-0.707106781186548));
#4719=DIRECTION('center_axis',(1.,0.,0.));
#4720=DIRECTION('ref_axis',(0.,-0.707106781186548,0.707106781186547));
#4721=DIRECTION('',(0.,0.707106781186548,-0.707106781186547));
#4722=DIRECTION('',(0.,-0.422618261740699,0.90630778703665));
#4723=DIRECTION('center_axis',(-1.,0.,0.));
#4724=DIRECTION('ref_axis',(0.,0.707106781186548,-0.707106781186547));
#4725=DIRECTION('',(0.,-0.707106781186548,0.707106781186547));
#4726=DIRECTION('',(0.,0.422618261740699,-0.90630778703665));
#4727=DIRECTION('center_axis',(0.,-0.90630778703665,-0.422618261740699));
#4728=DIRECTION('ref_axis',(-1.,0.,0.));
#4729=DIRECTION('',(1.,-2.84807009331754E-13,6.10770602521577E-13));
#4730=DIRECTION('center_axis',(0.,0.707106781186548,-0.707106781186548));
#4731=DIRECTION('ref_axis',(1.,0.,0.));
#4732=DIRECTION('',(-1.,-1.62981796594912E-13,-1.62981796594912E-13));
#4733=DIRECTION('',(0.,-0.707106781186548,-0.707106781186548));
#4734=DIRECTION('',(1.,0.,0.));
#4735=DIRECTION('',(0.,-0.707106781186548,-0.707106781186548));
#4736=DIRECTION('center_axis',(1.,0.,0.));
#4737=DIRECTION('ref_axis',(0.,-0.707106781186548,0.707106781186547));
#4738=DIRECTION('',(0.,0.707106781186548,-0.707106781186547));
#4739=DIRECTION('',(0.,-0.422618261740699,0.90630778703665));
#4740=DIRECTION('center_axis',(-1.,0.,0.));
#4741=DIRECTION('ref_axis',(0.,0.707106781186548,-0.707106781186547));
#4742=DIRECTION('',(0.,-0.707106781186548,0.707106781186547));
#4743=DIRECTION('',(0.,0.422618261740699,-0.90630778703665));
#4744=DIRECTION('center_axis',(0.,-0.90630778703665,-0.422618261740699));
#4745=DIRECTION('ref_axis',(-1.,0.,0.));
#4746=DIRECTION('',(1.,-2.84807009331754E-13,6.10770602521577E-13));
#4747=DIRECTION('center_axis',(-1.19108090994522E-12,-0.422618261740699,
-0.90630778703665));
#4748=DIRECTION('ref_axis',(-1.,8.96273281000889E-13,8.96273281000889E-13));
#4749=DIRECTION('',(-1.,-7.8310866010478E-13,1.67938194110567E-12));
#4750=DIRECTION('',(-4.33517997822764E-13,-0.90630778703665,0.422618261740699));
#4751=DIRECTION('',(1.,-8.96273281000889E-13,-8.96273281000889E-13));
#4752=DIRECTION('',(4.33517997822764E-13,0.90630778703665,-0.422618261740699));
#4753=DIRECTION('center_axis',(-1.,8.96273281000889E-13,8.96273281000889E-13));
#4754=DIRECTION('ref_axis',(7.13995386233262E-29,-0.707106781186548,0.707106781186547));
#4755=DIRECTION('',(1.0097419586829E-28,-0.707106781186548,0.707106781186547));
#4756=DIRECTION('',(1.26752182958409E-12,0.707106781186547,0.707106781186548));
#4757=DIRECTION('center_axis',(1.,-8.96273281000889E-13,-8.96273281000889E-13));
#4758=DIRECTION('ref_axis',(-7.13995386233262E-29,0.707106781186548,-0.707106781186547));
#4759=DIRECTION('',(-1.0097419586829E-28,0.707106781186548,-0.707106781186547));
#4760=DIRECTION('',(1.26752182958409E-12,0.707106781186547,0.707106781186548));
#4761=DIRECTION('center_axis',(-2.95746572449633E-29,-0.707106781186548,
0.707106781186547));
#4762=DIRECTION('ref_axis',(1.,-8.96273281000889E-13,-8.96273281000889E-13));
#4763=DIRECTION('',(1.,-4.48136640500444E-13,-4.48136640500445E-13));
#4764=DIRECTION('center_axis',(-1.19108090994522E-12,-0.422618261740699,
-0.90630778703665));
#4765=DIRECTION('ref_axis',(-1.,8.96273281000889E-13,8.96273281000889E-13));
#4766=DIRECTION('',(-1.,-7.8310866010478E-13,1.67938194110567E-12));
#4767=DIRECTION('',(-4.33517997822764E-13,-0.90630778703665,0.422618261740699));
#4768=DIRECTION('',(1.,-8.96273281000889E-13,-8.96273281000889E-13));
#4769=DIRECTION('',(4.33517997822764E-13,0.90630778703665,-0.422618261740699));
#4770=DIRECTION('center_axis',(-1.,8.96273281000889E-13,8.96273281000889E-13));
#4771=DIRECTION('ref_axis',(7.13995386233262E-29,-0.707106781186548,0.707106781186547));
#4772=DIRECTION('',(1.0097419586829E-28,-0.707106781186548,0.707106781186547));
#4773=DIRECTION('',(1.26752182958409E-12,0.707106781186547,0.707106781186548));
#4774=DIRECTION('center_axis',(1.,-8.96273281000889E-13,-8.96273281000889E-13));
#4775=DIRECTION('ref_axis',(-7.13995386233262E-29,0.707106781186548,-0.707106781186547));
#4776=DIRECTION('',(-1.0097419586829E-28,0.707106781186548,-0.707106781186547));
#4777=DIRECTION('',(1.26752182958409E-12,0.707106781186547,0.707106781186548));
#4778=DIRECTION('center_axis',(-2.95746572449633E-29,-0.707106781186548,
0.707106781186547));
#4779=DIRECTION('ref_axis',(1.,-8.96273281000889E-13,-8.96273281000889E-13));
#4780=DIRECTION('',(1.,-4.48136640500444E-13,-4.48136640500445E-13));
#4781=DIRECTION('center_axis',(-1.19108090994522E-12,-0.422618261740699,
-0.90630778703665));
#4782=DIRECTION('ref_axis',(-1.,8.96273281000889E-13,8.96273281000889E-13));
#4783=DIRECTION('',(-1.,-7.8310866010478E-13,1.67938194110567E-12));
#4784=DIRECTION('',(-4.33517997822764E-13,-0.90630778703665,0.422618261740699));
#4785=DIRECTION('',(1.,-8.96273281000889E-13,-8.96273281000889E-13));
#4786=DIRECTION('',(4.33517997822764E-13,0.90630778703665,-0.422618261740699));
#4787=DIRECTION('center_axis',(-1.,8.96273281000889E-13,8.96273281000889E-13));
#4788=DIRECTION('ref_axis',(7.13995386233262E-29,-0.707106781186548,0.707106781186547));
#4789=DIRECTION('',(1.0097419586829E-28,-0.707106781186548,0.707106781186547));
#4790=DIRECTION('',(1.26752182958409E-12,0.707106781186547,0.707106781186548));
#4791=DIRECTION('center_axis',(1.,-8.96273281000889E-13,-8.96273281000889E-13));
#4792=DIRECTION('ref_axis',(-7.13995386233262E-29,0.707106781186548,-0.707106781186547));
#4793=DIRECTION('',(-1.0097419586829E-28,0.707106781186548,-0.707106781186547));
#4794=DIRECTION('',(1.26752182958409E-12,0.707106781186547,0.707106781186548));
#4795=DIRECTION('center_axis',(-2.95746572449633E-29,-0.707106781186548,
0.707106781186547));
#4796=DIRECTION('ref_axis',(1.,-8.96273281000889E-13,-8.96273281000889E-13));
#4797=DIRECTION('',(1.,-4.48136640500444E-13,-4.48136640500445E-13));
#4798=DIRECTION('center_axis',(-1.19108090994522E-12,-0.422618261740699,
-0.90630778703665));
#4799=DIRECTION('ref_axis',(-1.,8.96273281000889E-13,8.96273281000889E-13));
#4800=DIRECTION('',(-1.,-7.8310866010478E-13,1.67938194110567E-12));
#4801=DIRECTION('',(-4.33517997822764E-13,-0.90630778703665,0.422618261740699));
#4802=DIRECTION('',(1.,-8.96273281000889E-13,-8.96273281000889E-13));
#4803=DIRECTION('',(4.33517997822764E-13,0.90630778703665,-0.422618261740699));
#4804=DIRECTION('center_axis',(-1.,8.96273281000889E-13,8.96273281000889E-13));
#4805=DIRECTION('ref_axis',(7.13995386233262E-29,-0.707106781186548,0.707106781186547));
#4806=DIRECTION('',(1.0097419586829E-28,-0.707106781186548,0.707106781186547));
#4807=DIRECTION('',(1.26752182958409E-12,0.707106781186547,0.707106781186548));
#4808=DIRECTION('center_axis',(1.,-8.96273281000889E-13,-8.96273281000889E-13));
#4809=DIRECTION('ref_axis',(-7.13995386233262E-29,0.707106781186548,-0.707106781186547));
#4810=DIRECTION('',(-1.0097419586829E-28,0.707106781186548,-0.707106781186547));
#4811=DIRECTION('',(1.26752182958409E-12,0.707106781186547,0.707106781186548));
#4812=DIRECTION('center_axis',(-2.95746572449633E-29,-0.707106781186548,
0.707106781186547));
#4813=DIRECTION('ref_axis',(1.,-8.96273281000889E-13,-8.96273281000889E-13));
#4814=DIRECTION('',(1.,-4.48136640500444E-13,-4.48136640500445E-13));
#4815=DIRECTION('center_axis',(-1.19108090994522E-12,-0.422618261740699,
-0.90630778703665));
#4816=DIRECTION('ref_axis',(-1.,8.96273281000889E-13,8.96273281000889E-13));
#4817=DIRECTION('',(-1.,-7.8310866010478E-13,1.67938194110567E-12));
#4818=DIRECTION('',(-4.33517997822764E-13,-0.90630778703665,0.422618261740699));
#4819=DIRECTION('',(1.,-8.96273281000889E-13,-8.96273281000889E-13));
#4820=DIRECTION('',(4.33517997822764E-13,0.90630778703665,-0.422618261740699));
#4821=DIRECTION('center_axis',(-1.,8.96273281000889E-13,8.96273281000889E-13));
#4822=DIRECTION('ref_axis',(7.13995386233262E-29,-0.707106781186548,0.707106781186547));
#4823=DIRECTION('',(1.0097419586829E-28,-0.707106781186548,0.707106781186547));
#4824=DIRECTION('',(1.26752182958409E-12,0.707106781186547,0.707106781186548));
#4825=DIRECTION('center_axis',(1.,-8.96273281000889E-13,-8.96273281000889E-13));
#4826=DIRECTION('ref_axis',(-7.13995386233262E-29,0.707106781186548,-0.707106781186547));
#4827=DIRECTION('',(-1.0097419586829E-28,0.707106781186548,-0.707106781186547));
#4828=DIRECTION('',(1.26752182958409E-12,0.707106781186547,0.707106781186548));
#4829=DIRECTION('center_axis',(-2.95746572449633E-29,-0.707106781186548,
0.707106781186547));
#4830=DIRECTION('ref_axis',(1.,-8.96273281000889E-13,-8.96273281000889E-13));
#4831=DIRECTION('',(1.,-4.48136640500444E-13,-4.48136640500445E-13));
#4832=DIRECTION('center_axis',(-1.19108090994522E-12,-0.422618261740699,
-0.90630778703665));
#4833=DIRECTION('ref_axis',(-1.,8.96273281000889E-13,8.96273281000889E-13));
#4834=DIRECTION('',(-1.,-7.8310866010478E-13,1.67938194110567E-12));
#4835=DIRECTION('',(-4.33517997822764E-13,-0.90630778703665,0.422618261740699));
#4836=DIRECTION('',(1.,-8.96273281000889E-13,-8.96273281000889E-13));
#4837=DIRECTION('',(4.33517997822764E-13,0.90630778703665,-0.422618261740699));
#4838=DIRECTION('center_axis',(-1.,8.96273281000889E-13,8.96273281000889E-13));
#4839=DIRECTION('ref_axis',(7.13995386233262E-29,-0.707106781186548,0.707106781186547));
#4840=DIRECTION('',(1.0097419586829E-28,-0.707106781186548,0.707106781186547));
#4841=DIRECTION('',(1.26752182958409E-12,0.707106781186547,0.707106781186548));
#4842=DIRECTION('center_axis',(1.,-8.96273281000889E-13,-8.96273281000889E-13));
#4843=DIRECTION('ref_axis',(-7.13995386233262E-29,0.707106781186548,-0.707106781186547));
#4844=DIRECTION('',(-1.0097419586829E-28,0.707106781186548,-0.707106781186547));
#4845=DIRECTION('',(1.26752182958409E-12,0.707106781186547,0.707106781186548));
#4846=DIRECTION('center_axis',(-2.95746572449633E-29,-0.707106781186548,
0.707106781186547));
#4847=DIRECTION('ref_axis',(1.,-8.96273281000889E-13,-8.96273281000889E-13));
#4848=DIRECTION('',(1.,-4.48136640500444E-13,-4.48136640500445E-13));
#4849=DIRECTION('center_axis',(-1.19108090994522E-12,-0.422618261740699,
-0.90630778703665));
#4850=DIRECTION('ref_axis',(-1.,8.96273281000889E-13,8.96273281000889E-13));
#4851=DIRECTION('',(-1.,-7.8310866010478E-13,1.67938194110567E-12));
#4852=DIRECTION('',(-4.33517997822764E-13,-0.90630778703665,0.422618261740699));
#4853=DIRECTION('',(1.,-8.96273281000889E-13,-8.96273281000889E-13));
#4854=DIRECTION('',(4.33517997822764E-13,0.90630778703665,-0.422618261740699));
#4855=DIRECTION('center_axis',(-1.,8.96273281000889E-13,8.96273281000889E-13));
#4856=DIRECTION('ref_axis',(7.13995386233262E-29,-0.707106781186548,0.707106781186547));
#4857=DIRECTION('',(1.0097419586829E-28,-0.707106781186548,0.707106781186547));
#4858=DIRECTION('',(1.26752182958409E-12,0.707106781186547,0.707106781186548));
#4859=DIRECTION('center_axis',(1.,-8.96273281000889E-13,-8.96273281000889E-13));
#4860=DIRECTION('ref_axis',(-7.13995386233262E-29,0.707106781186548,-0.707106781186547));
#4861=DIRECTION('',(-1.0097419586829E-28,0.707106781186548,-0.707106781186547));
#4862=DIRECTION('',(1.26752182958409E-12,0.707106781186547,0.707106781186548));
#4863=DIRECTION('center_axis',(-2.95746572449633E-29,-0.707106781186548,
0.707106781186547));
#4864=DIRECTION('ref_axis',(1.,-8.96273281000889E-13,-8.96273281000889E-13));
#4865=DIRECTION('',(1.,-4.48136640500444E-13,-4.48136640500445E-13));
#4866=DIRECTION('center_axis',(-1.19108090994522E-12,-0.422618261740699,
-0.90630778703665));
#4867=DIRECTION('ref_axis',(-1.,8.96273281000889E-13,8.96273281000889E-13));
#4868=DIRECTION('',(-1.,-7.8310866010478E-13,1.67938194110567E-12));
#4869=DIRECTION('',(-4.33517997822764E-13,-0.90630778703665,0.422618261740699));
#4870=DIRECTION('',(1.,-8.96273281000889E-13,-8.96273281000889E-13));
#4871=DIRECTION('',(4.33517997822764E-13,0.90630778703665,-0.422618261740699));
#4872=DIRECTION('center_axis',(-1.,8.96273281000889E-13,8.96273281000889E-13));
#4873=DIRECTION('ref_axis',(7.13995386233262E-29,-0.707106781186548,0.707106781186547));
#4874=DIRECTION('',(1.0097419586829E-28,-0.707106781186548,0.707106781186547));
#4875=DIRECTION('',(1.26752182958409E-12,0.707106781186547,0.707106781186548));
#4876=DIRECTION('center_axis',(1.,-8.96273281000889E-13,-8.96273281000889E-13));
#4877=DIRECTION('ref_axis',(-7.13995386233262E-29,0.707106781186548,-0.707106781186547));
#4878=DIRECTION('',(-1.0097419586829E-28,0.707106781186548,-0.707106781186547));
#4879=DIRECTION('',(1.26752182958409E-12,0.707106781186547,0.707106781186548));
#4880=DIRECTION('center_axis',(-2.95746572449633E-29,-0.707106781186548,
0.707106781186547));
#4881=DIRECTION('ref_axis',(1.,-8.96273281000889E-13,-8.96273281000889E-13));
#4882=DIRECTION('',(1.,-4.48136640500444E-13,-4.48136640500445E-13));
#4883=DIRECTION('center_axis',(0.,0.707106781186548,-0.707106781186548));
#4884=DIRECTION('ref_axis',(1.,0.,0.));
#4885=DIRECTION('',(-1.,-1.62981796594912E-13,-1.62981796594912E-13));
#4886=DIRECTION('',(0.,-0.707106781186548,-0.707106781186548));
#4887=DIRECTION('',(1.,0.,0.));
#4888=DIRECTION('',(0.,-0.707106781186548,-0.707106781186548));
#4889=DIRECTION('center_axis',(1.,0.,0.));
#4890=DIRECTION('ref_axis',(0.,-0.707106781186548,0.707106781186547));
#4891=DIRECTION('',(0.,0.707106781186548,-0.707106781186547));
#4892=DIRECTION('',(0.,-0.422618261740699,0.90630778703665));
#4893=DIRECTION('center_axis',(-1.,0.,0.));
#4894=DIRECTION('ref_axis',(0.,0.707106781186548,-0.707106781186547));
#4895=DIRECTION('',(0.,-0.707106781186548,0.707106781186547));
#4896=DIRECTION('',(0.,0.422618261740699,-0.90630778703665));
#4897=DIRECTION('center_axis',(0.,-0.90630778703665,-0.422618261740699));
#4898=DIRECTION('ref_axis',(-1.,0.,0.));
#4899=DIRECTION('',(1.,-2.84807009331754E-13,6.10770602521577E-13));
#4900=DIRECTION('center_axis',(0.,0.707106781186548,-0.707106781186548));
#4901=DIRECTION('ref_axis',(1.,0.,0.));
#4902=DIRECTION('',(-1.,-1.62981796594912E-13,-1.62981796594912E-13));
#4903=DIRECTION('',(0.,-0.707106781186548,-0.707106781186548));
#4904=DIRECTION('',(1.,0.,0.));
#4905=DIRECTION('',(0.,-0.707106781186548,-0.707106781186548));
#4906=DIRECTION('center_axis',(1.,0.,0.));
#4907=DIRECTION('ref_axis',(0.,-0.707106781186548,0.707106781186547));
#4908=DIRECTION('',(0.,0.707106781186548,-0.707106781186547));
#4909=DIRECTION('',(0.,-0.422618261740699,0.90630778703665));
#4910=DIRECTION('center_axis',(-1.,0.,0.));
#4911=DIRECTION('ref_axis',(0.,0.707106781186548,-0.707106781186547));
#4912=DIRECTION('',(0.,-0.707106781186548,0.707106781186547));
#4913=DIRECTION('',(0.,0.422618261740699,-0.90630778703665));
#4914=DIRECTION('center_axis',(0.,-0.90630778703665,-0.422618261740699));
#4915=DIRECTION('ref_axis',(-1.,0.,0.));
#4916=DIRECTION('',(1.,-2.84807009331754E-13,6.10770602521577E-13));
#4917=DIRECTION('center_axis',(0.,0.707106781186548,-0.707106781186548));
#4918=DIRECTION('ref_axis',(1.,0.,0.));
#4919=DIRECTION('',(-1.,-1.62981796594912E-13,-1.62981796594912E-13));
#4920=DIRECTION('',(0.,-0.707106781186548,-0.707106781186548));
#4921=DIRECTION('',(1.,0.,0.));
#4922=DIRECTION('',(0.,-0.707106781186548,-0.707106781186548));
#4923=DIRECTION('center_axis',(1.,0.,0.));
#4924=DIRECTION('ref_axis',(0.,-0.707106781186548,0.707106781186547));
#4925=DIRECTION('',(0.,0.707106781186548,-0.707106781186547));
#4926=DIRECTION('',(0.,-0.422618261740699,0.90630778703665));
#4927=DIRECTION('center_axis',(-1.,0.,0.));
#4928=DIRECTION('ref_axis',(0.,0.707106781186548,-0.707106781186547));
#4929=DIRECTION('',(0.,-0.707106781186548,0.707106781186547));
#4930=DIRECTION('',(0.,0.422618261740699,-0.90630778703665));
#4931=DIRECTION('center_axis',(0.,-0.90630778703665,-0.422618261740699));
#4932=DIRECTION('ref_axis',(-1.,0.,0.));
#4933=DIRECTION('',(1.,-2.84807009331754E-13,6.10770602521577E-13));
#4934=DIRECTION('center_axis',(0.,0.707106781186548,-0.707106781186548));
#4935=DIRECTION('ref_axis',(1.,0.,0.));
#4936=DIRECTION('',(-1.,-1.62981796594912E-13,-1.62981796594912E-13));
#4937=DIRECTION('',(0.,-0.707106781186548,-0.707106781186548));
#4938=DIRECTION('',(1.,0.,0.));
#4939=DIRECTION('',(0.,-0.707106781186548,-0.707106781186548));
#4940=DIRECTION('center_axis',(1.,0.,0.));
#4941=DIRECTION('ref_axis',(0.,-0.707106781186548,0.707106781186547));
#4942=DIRECTION('',(0.,0.707106781186548,-0.707106781186547));
#4943=DIRECTION('',(0.,-0.422618261740699,0.90630778703665));
#4944=DIRECTION('center_axis',(-1.,0.,0.));
#4945=DIRECTION('ref_axis',(0.,0.707106781186548,-0.707106781186547));
#4946=DIRECTION('',(0.,-0.707106781186548,0.707106781186547));
#4947=DIRECTION('',(0.,0.422618261740699,-0.90630778703665));
#4948=DIRECTION('center_axis',(0.,-0.90630778703665,-0.422618261740699));
#4949=DIRECTION('ref_axis',(-1.,0.,0.));
#4950=DIRECTION('',(1.,-2.84807009331754E-13,6.10770602521577E-13));
#4951=DIRECTION('center_axis',(0.,0.,-1.));
#4952=DIRECTION('ref_axis',(1.,0.,0.));
#4953=DIRECTION('center_axis',(4.07670059323934E-15,1.16018306073329E-14,
1.));
#4954=DIRECTION('ref_axis',(-0.999999999999806,6.22500401114542E-7,4.07669342069873E-15));
#4955=DIRECTION('',(1.,6.9589890807863E-13,-4.07670059324747E-15));
#4956=DIRECTION('',(-1.6479044833584E-7,-0.999999999999986,1.16018306073329E-14));
#4957=DIRECTION('',(1.,-7.93262833058012E-13,-4.07670059323005E-15));
#4958=DIRECTION('center_axis',(4.07670059323934E-15,1.16018306073329E-14,
1.));
#4959=DIRECTION('ref_axis',(-6.22558872855419E-7,-0.999999999999806,1.16226545241453E-14));
#4960=DIRECTION('',(2.7719269333615E-12,-1.,0.));
#4961=DIRECTION('center_axis',(4.07670059323934E-15,1.16018306073329E-14,
1.));
#4962=DIRECTION('ref_axis',(0.999999999999806,-6.22566348400801E-7,-4.07669342068262E-15));
#4963=DIRECTION('',(-1.,-7.09891488984898E-14,4.07670059324009E-15));
#4964=DIRECTION('center_axis',(4.07670059323934E-15,1.16018306073329E-14,
1.));
#4965=DIRECTION('ref_axis',(6.22567044143448E-7,0.999999999999806,-1.16226545249197E-14));
#4966=DIRECTION('',(1.84731645597836E-13,1.,0.));
#4967=DIRECTION('center_axis',(0.,-1.1842378929335E-14,-1.));
#4968=DIRECTION('ref_axis',(-4.39453485531968E-7,-0.999999999999903,1.18423789293339E-14));
#4969=DIRECTION('center_axis',(-4.07670059323934E-15,-1.16018306073329E-14,
-1.));
#4970=DIRECTION('ref_axis',(-4.39453485531968E-7,-0.999999999999903,1.15920396154993E-14));
#4971=DIRECTION('',(0.,-1.1842378929335E-14,-1.));
#4972=DIRECTION('center_axis',(-4.07670059323934E-15,-1.16018306073329E-14,
-1.));
#4973=DIRECTION('ref_axis',(-4.39453485531968E-7,-0.999999999999903,1.15920396154993E-14));
#4974=DIRECTION('',(0.,-1.1842378929335E-14,-1.));
#4975=DIRECTION('center_axis',(0.,-1.1842378929335E-14,-1.));
#4976=DIRECTION('ref_axis',(0.999999999999904,-4.39457278597391E-7,5.20421961641853E-21));
#4977=DIRECTION('center_axis',(-4.07670059323934E-15,-1.16018306073329E-14,
-1.));
#4978=DIRECTION('ref_axis',(0.999999999999904,-4.39457278597391E-7,-4.07669546067739E-15));
#4979=DIRECTION('',(0.,-1.1842378929335E-14,-1.));
#4980=DIRECTION('center_axis',(-4.07670059323934E-15,-1.16018306073329E-14,
-1.));
#4981=DIRECTION('ref_axis',(0.999999999999904,-4.39457278597391E-7,-4.07669546067739E-15));
#4982=DIRECTION('',(0.,-1.1842378929335E-14,-1.));
#4983=DIRECTION('center_axis',(-6.88140182455227E-14,1.,-1.1842378929335E-14));
#4984=DIRECTION('ref_axis',(1.,6.88140182455227E-14,-4.07670059324014E-15));
#4985=DIRECTION('',(1.,6.88140182455227E-14,-4.07670059324014E-15));
#4986=DIRECTION('',(1.,6.88140182455227E-14,-4.07670059324014E-15));
#4987=DIRECTION('',(0.,-1.1842378929335E-14,-1.));
#4988=DIRECTION('center_axis',(0.,-1.1842378929335E-14,-1.));
#4989=DIRECTION('ref_axis',(4.39458981812095E-7,0.999999999999904,-1.18423789293339E-14));
#4990=DIRECTION('center_axis',(-4.07670059323934E-15,-1.16018306073329E-14,
-1.));
#4991=DIRECTION('ref_axis',(4.39458981812095E-7,0.999999999999904,-1.15920396160445E-14));
#4992=DIRECTION('center_axis',(-4.07670059323934E-15,-1.16018306073329E-14,
-1.));
#4993=DIRECTION('ref_axis',(4.39458981812095E-7,0.999999999999904,-1.15920396160445E-14));
#4994=DIRECTION('',(0.,-1.1842378929335E-14,-1.));
#4995=DIRECTION('center_axis',(0.,-1.1842378929335E-14,-1.));
#4996=DIRECTION('ref_axis',(-0.999999999999904,4.39411960580981E-7,-5.20368294310253E-21));
#4997=DIRECTION('center_axis',(-4.07670059323934E-15,-1.16018306073329E-14,
-1.));
#4998=DIRECTION('ref_axis',(-0.999999999999904,4.39411960580981E-7,4.07669549961493E-15));
#4999=DIRECTION('',(0.,-1.1842378929335E-14,-1.));
#5000=DIRECTION('center_axis',(-4.07670059323934E-15,-1.16018306073329E-14,
-1.));
#5001=DIRECTION('ref_axis',(-0.999999999999904,4.39411960580981E-7,4.07669549961493E-15));
#5002=DIRECTION('',(0.,-1.1842378929335E-14,-1.));
#5003=DIRECTION('center_axis',(-6.9589890807863E-13,1.,-1.1842378929335E-14));
#5004=DIRECTION('ref_axis',(1.,6.9589890807863E-13,-4.07670059324747E-15));
#5005=DIRECTION('',(1.,6.9589890807863E-13,-4.07670059324747E-15));
#5006=DIRECTION('',(1.,6.9589890807863E-13,-4.07670059324747E-15));
#5007=DIRECTION('',(0.,-1.1842378929335E-14,-1.));
#5008=DIRECTION('center_axis',(0.,-1.1842378929335E-14,-1.));
#5009=DIRECTION('ref_axis',(-1.30042372728158E-12,-1.,1.1842378929335E-14));
#5010=DIRECTION('center_axis',(4.07670059323934E-15,1.16018306073329E-14,
1.));
#5011=DIRECTION('ref_axis',(-1.30042372728158E-12,-1.,1.15648231731787E-14));
#5012=DIRECTION('center_axis',(4.07670059323934E-15,1.16018306073329E-14,
1.));
#5013=DIRECTION('ref_axis',(-1.30042372728158E-12,-1.,1.15648231731787E-14));
#5014=DIRECTION('',(0.,-1.1842378929335E-14,-1.));
#5015=DIRECTION('center_axis',(0.,-1.1842378929335E-14,-1.));
#5016=DIRECTION('ref_axis',(-1.,-2.31362707029128E-14,2.74071160085976E-28));
#5017=DIRECTION('center_axis',(4.07670059323934E-15,1.16018306073329E-14,
1.));
#5018=DIRECTION('ref_axis',(-1.,-2.31362707029127E-14,4.07670059323954E-15));
#5019=DIRECTION('',(0.,-1.1842378929335E-14,-1.));
#5020=DIRECTION('center_axis',(4.07670059323934E-15,1.16018306073329E-14,
1.));
#5021=DIRECTION('ref_axis',(-1.,-2.31362707029127E-14,4.07670059323954E-15));
#5022=DIRECTION('',(0.,-1.1842378929335E-14,-1.));
#5023=DIRECTION('center_axis',(1.44666490872454E-14,-1.,1.1842378929335E-14));
#5024=DIRECTION('ref_axis',(-1.,-1.44666490872453E-14,4.07670059323944E-15));
#5025=DIRECTION('',(-1.,-1.44666490872453E-14,4.07670059323944E-15));
#5026=DIRECTION('',(-1.,-1.44666490872453E-14,4.07670059323944E-15));
#5027=DIRECTION('',(0.,-1.1842378929335E-14,-1.));
#5028=DIRECTION('center_axis',(0.999999999999935,3.59475193211924E-7,-4.25704145371152E-21));
#5029=DIRECTION('ref_axis',(3.59475193211924E-7,-0.999999999999935,1.16018306073329E-14));
#5030=DIRECTION('',(3.59475193211924E-7,-0.999999999999935,1.16018306073329E-14));
#5031=DIRECTION('',(3.59475193211924E-7,-0.999999999999935,1.16018306073329E-14));
#5032=DIRECTION('',(0.,-1.1842378929335E-14,-1.));
#5033=DIRECTION('center_axis',(-1.39689484522278E-14,1.,-1.1842378929335E-14));
#5034=DIRECTION('ref_axis',(1.,1.39689484522277E-14,-4.07670059323949E-15));
#5035=DIRECTION('',(1.,1.39689484522277E-14,-4.07670059323949E-15));
#5036=DIRECTION('',(1.,1.39689484522277E-14,-4.07670059323949E-15));
#5037=DIRECTION('',(0.,-1.1842378929335E-14,-1.));
#5038=DIRECTION('center_axis',(0.,-1.1842378929335E-14,-1.));
#5039=DIRECTION('ref_axis',(-1.,-2.31362707029127E-14,2.74272831285451E-28));
#5040=DIRECTION('center_axis',(-4.07670059323934E-15,-1.16018306073329E-14,
-1.));
#5041=DIRECTION('ref_axis',(-1.,-2.31362707029127E-14,4.07670059323953E-15));
#5042=DIRECTION('center_axis',(-4.07670059323934E-15,-1.16018306073329E-14,
-1.));
#5043=DIRECTION('ref_axis',(-1.,-2.31362707029127E-14,4.07670059323953E-15));
#5044=DIRECTION('',(0.,-1.1842378929335E-14,-1.));
#5045=DIRECTION('center_axis',(0.,-1.1842378929335E-14,-1.));
#5046=DIRECTION('ref_axis',(2.31362707029127E-14,-1.,1.1842378929335E-14));
#5047=DIRECTION('center_axis',(-4.07670059323934E-15,-1.16018306073329E-14,
-1.));
#5048=DIRECTION('ref_axis',(2.31362707029127E-14,-1.,1.15801408197657E-14));
#5049=DIRECTION('',(0.,-1.1842378929335E-14,-1.));
#5050=DIRECTION('center_axis',(-4.07670059323934E-15,-1.16018306073329E-14,
-1.));
#5051=DIRECTION('ref_axis',(2.31362707029127E-14,-1.,1.15801408197657E-14));
#5052=DIRECTION('',(0.,-1.1842378929335E-14,-1.));
#5053=DIRECTION('center_axis',(-7.61457583356889E-13,-1.,1.1842378929335E-14));
#5054=DIRECTION('ref_axis',(-1.,7.61457583356891E-13,1.37891801572081E-13));
#5055=DIRECTION('',(-1.,7.61457583356891E-13,1.37891801572081E-13));
#5056=DIRECTION('',(-1.,7.61457583356891E-13,1.37891801572081E-13));
#5057=DIRECTION('center_axis',(-4.07670059323934E-15,-1.16018306073329E-14,
-1.));
#5058=DIRECTION('ref_axis',(1.,2.31362707029127E-14,-4.07670059323954E-15));
#5059=DIRECTION('',(-2.31362707029128E-14,1.,-1.16018306073329E-14));
#5060=DIRECTION('',(2.31362707029128E-14,-1.,1.16018306073329E-14));
#5061=DIRECTION('',(-9.32016155062072E-15,1.,-1.16018306073329E-14));
#5062=DIRECTION('',(4.19165377492369E-12,-1.,1.16018306073329E-14));
#5063=DIRECTION('center_axis',(-0.573576436351046,0.,-0.819152044288992));
#5064=DIRECTION('ref_axis',(-0.819152044288992,0.,0.573576436351046));
#5065=DIRECTION('',(0.,-1.,0.));
#5066=DIRECTION('',(0.819152044288992,0.,-0.573576436351046));
#5067=DIRECTION('',(0.,-1.,0.));
#5068=DIRECTION('',(-0.819152044288992,0.,0.573576436351046));
#5069=DIRECTION('center_axis',(-0.573576436351046,0.,0.819152044288992));
#5070=DIRECTION('ref_axis',(0.819152044288992,0.,0.573576436351046));
#5071=DIRECTION('',(0.,1.,0.));
#5072=DIRECTION('',(0.819152044288992,0.,0.573576436351046));
#5073=DIRECTION('',(0.,1.,0.));
#5074=DIRECTION('',(-0.819152044288992,0.,-0.573576436351046));
#5075=DIRECTION('center_axis',(-0.573576436351046,0.,0.819152044288992));
#5076=DIRECTION('ref_axis',(0.819152044288992,0.,0.573576436351046));
#5077=DIRECTION('',(0.,1.,0.));
#5078=DIRECTION('',(0.819152044288992,0.,0.573576436351046));
#5079=DIRECTION('',(0.,1.,0.));
#5080=DIRECTION('',(-0.819152044288992,0.,-0.573576436351046));
#5081=DIRECTION('center_axis',(-0.573576436351046,0.,-0.819152044288992));
#5082=DIRECTION('ref_axis',(-0.819152044288992,0.,0.573576436351046));
#5083=DIRECTION('',(0.,-1.,0.));
#5084=DIRECTION('',(0.819152044288992,0.,-0.573576436351046));
#5085=DIRECTION('',(0.,-1.,0.));
#5086=DIRECTION('',(-0.819152044288992,0.,0.573576436351046));
#5087=DIRECTION('center_axis',(1.,0.,0.));
#5088=DIRECTION('ref_axis',(0.,1.,0.));
#5089=DIRECTION('',(0.,-1.,0.));
#5090=DIRECTION('',(0.,0.,1.));
#5091=DIRECTION('',(0.,0.,1.));
#5092=DIRECTION('center_axis',(0.,-1.,0.));
#5093=DIRECTION('ref_axis',(1.,0.,0.));
#5094=DIRECTION('',(1.,0.,0.));
#5095=DIRECTION('',(0.,0.,-1.));
#5096=DIRECTION('',(1.,0.,0.));
#5097=DIRECTION('center_axis',(0.,0.,-1.));
#5098=DIRECTION('ref_axis',(0.,-1.,0.));
#5099=DIRECTION('',(-1.,0.,0.));
#5100=DIRECTION('',(0.,-1.,0.));
#5101=DIRECTION('',(-1.,0.,0.));
#5102=DIRECTION('',(0.,-1.,0.));
#5103=DIRECTION('',(-1.,0.,0.));
#5104=DIRECTION('',(-2.7719269333615E-12,1.,0.));
#5105=DIRECTION('',(-1.,0.,0.));
#5106=DIRECTION('',(0.,-1.,0.));
#5107=DIRECTION('',(1.,0.,0.));
#5108=DIRECTION('center_axis',(1.,0.,0.));
#5109=DIRECTION('ref_axis',(0.,1.,0.));
#5110=DIRECTION('',(0.,-1.,0.));
#5111=DIRECTION('',(0.,0.,1.));
#5112=DIRECTION('',(0.,0.,1.));
#5113=DIRECTION('center_axis',(0.,-1.,0.));
#5114=DIRECTION('ref_axis',(1.,0.,0.));
#5115=DIRECTION('',(0.,0.,-1.));
#5116=DIRECTION('',(1.,0.,0.));
#5117=DIRECTION('center_axis',(0.,1.,0.));
#5118=DIRECTION('ref_axis',(-1.,0.,0.));
#5119=DIRECTION('',(-1.,0.,0.));
#5120=DIRECTION('',(0.,0.,1.));
#5121=DIRECTION('center_axis',(1.,0.,0.));
#5122=DIRECTION('ref_axis',(0.,-1.,0.));
#5123=DIRECTION('',(0.,1.,0.));
#5124=DIRECTION('',(0.,0.,-1.));
#5125=DIRECTION('',(0.,0.,-1.));
#5126=DIRECTION('center_axis',(0.,0.,1.));
#5127=DIRECTION('ref_axis',(1.,0.,0.));
#5128=DIRECTION('',(1.,0.,0.));
#5129=DIRECTION('',(0.,1.,0.));
#5130=DIRECTION('',(-1.,0.,0.));
#5131=DIRECTION('center_axis',(1.,0.,0.));
#5132=DIRECTION('ref_axis',(0.,-1.,0.));
#5133=DIRECTION('',(0.,1.,0.));
#5134=DIRECTION('',(0.,0.,-1.));
#5135=DIRECTION('',(0.,0.,-1.));
#5136=DIRECTION('center_axis',(0.,0.,1.));
#5137=DIRECTION('ref_axis',(1.,0.,0.));
#5138=DIRECTION('',(1.,0.,0.));
#5139=DIRECTION('',(0.,1.,0.));
#5140=DIRECTION('',(-1.,0.,0.));
#5141=DIRECTION('center_axis',(1.,0.,0.));
#5142=DIRECTION('ref_axis',(0.,1.,0.));
#5143=DIRECTION('',(0.,1.,0.));
#5144=DIRECTION('',(0.,0.,1.));
#5145=DIRECTION('',(0.,0.,1.));
#5146=DIRECTION('center_axis',(0.,-1.,0.));
#5147=DIRECTION('ref_axis',(1.,0.,0.));
#5148=DIRECTION('',(1.,0.,0.));
#5149=DIRECTION('',(0.,0.,-1.));
#5150=DIRECTION('center_axis',(0.,1.,0.));
#5151=DIRECTION('ref_axis',(-1.,0.,0.));
#5152=DIRECTION('',(0.,0.,1.));
#5153=DIRECTION('',(-1.,0.,0.));
#5154=DIRECTION('center_axis',(0.,0.,-1.));
#5155=DIRECTION('ref_axis',(1.,0.,0.));
#5156=DIRECTION('',(0.,1.,0.));
#5157=DIRECTION('center_axis',(-1.,0.,0.));
#5158=DIRECTION('ref_axis',(0.,0.,1.));
#5159=DIRECTION('',(0.,1.,0.));
#5160=DIRECTION('',(0.,0.,-1.));
#5161=DIRECTION('',(0.,1.,0.));
#5162=DIRECTION('',(0.,0.,1.));
#5163=DIRECTION('',(0.,1.,0.));
#5164=DIRECTION('',(0.,0.,-1.));
#5165=DIRECTION('',(0.,0.,1.));
#5166=DIRECTION('',(0.,-1.,0.));
#5167=DIRECTION('',(0.,-1.,0.));
#5168=DIRECTION('',(0.,-0.000542427830473991,0.999999852886014));
#5169=DIRECTION('',(0.,1.,0.));
#5170=DIRECTION('',(0.,0.,1.));
#5171=DIRECTION('',(0.,-1.,0.));
#5172=DIRECTION('',(0.,0.000542427830473557,-0.999999852886014));
#5173=DIRECTION('',(0.,1.,0.));
#5174=DIRECTION('center_axis',(1.,0.,0.));
#5175=DIRECTION('ref_axis',(0.,1.,0.));
#5176=DIRECTION('',(0.,1.,0.));
#5177=DIRECTION('',(0.,0.,1.));
#5178=DIRECTION('',(0.,0.,1.));
#5179=DIRECTION('center_axis',(0.,1.,0.));
#5180=DIRECTION('ref_axis',(-1.,0.,0.));
#5181=DIRECTION('',(-1.,0.,0.));
#5182=DIRECTION('center_axis',(0.,-1.,0.));
#5183=DIRECTION('ref_axis',(1.,0.,0.));
#5184=DIRECTION('',(1.,0.,0.));
#5185=DIRECTION('center_axis',(0.,0.,-1.));
#5186=DIRECTION('ref_axis',(1.,0.,0.));
#5187=DIRECTION('center_axis',(0.,0.,1.));
#5188=DIRECTION('ref_axis',(1.,0.,0.));
#5189=DIRECTION('center_axis',(0.,1.,0.));
#5190=DIRECTION('ref_axis',(-1.,0.,0.));
#5191=DIRECTION('',(-1.,0.,0.));
#5192=DIRECTION('center_axis',(0.,0.,1.));
#5193=DIRECTION('ref_axis',(1.,0.,0.));
#5194=DIRECTION('center_axis',(0.,0.,1.));
#5195=DIRECTION('ref_axis',(0.,1.,0.));
#5196=DIRECTION('center_axis',(0.,0.,-1.));
#5197=DIRECTION('ref_axis',(-4.40221085690799E-7,-0.999999999999903,0.));
#5198=DIRECTION('',(-1.,0.,0.));
#5199=DIRECTION('',(-1.,0.,0.));
#5200=DIRECTION('',(2.7719269333615E-12,-1.,0.));
#5201=DIRECTION('center_axis',(0.,1.,0.));
#5202=DIRECTION('ref_axis',(0.,0.,-1.));
#5203=DIRECTION('',(-3.39549271514631E-12,0.,1.));
#5204=DIRECTION('center_axis',(0.,0.,1.));
#5205=DIRECTION('ref_axis',(0.,1.,0.));
#5206=DIRECTION('',(2.7719269333615E-12,-1.,0.));
#5207=DIRECTION('',(-1.,0.,0.));
#5208=DIRECTION('',(-1.,0.,0.));
#5209=DIRECTION('center_axis',(0.,0.999999852886014,0.000542427830473557));
#5210=DIRECTION('ref_axis',(0.,0.000542427830473557,-0.999999852886014));
#5211=DIRECTION('',(-3.39398864530914E-12,-0.000542427830473557,0.999999852886014));
#5212=DIRECTION('',(-1.,0.,0.));
#5213=DIRECTION('center_axis',(0.,0.,-1.));
#5214=DIRECTION('ref_axis',(0.,-1.,0.));
#5215=DIRECTION('',(-2.7719269333615E-12,1.,0.));
#5216=DIRECTION('',(-1.,0.,0.));
#5217=DIRECTION('center_axis',(0.,-1.,0.));
#5218=DIRECTION('ref_axis',(0.,0.,1.));
#5219=DIRECTION('',(3.39549271514631E-12,0.,-1.));
#5220=DIRECTION('center_axis',(0.,-0.999999852886014,-0.000542427830473991));
#5221=DIRECTION('ref_axis',(0.,-0.000542427830473991,0.999999852886014));
#5222=DIRECTION('',(3.39398864530914E-12,0.000542427830473991,-0.999999852886014));
#5223=DIRECTION('center_axis',(-1.,-2.7719269333615E-12,-3.39549271514631E-12));
#5224=DIRECTION('ref_axis',(-4.36102425588302E-12,0.707106781186547,0.707106781186548));
#5225=DIRECTION('center_axis',(-1.,8.44526226774251E-13,1.13376785088488E-13));
#5226=DIRECTION('ref_axis',(6.68746045472122E-13,0.70710678118559,0.707106781187505));
#5227=DIRECTION('',(-4.4092759281593E-13,-0.707106781186548,0.707106781186547));
#5228=DIRECTION('',(4.36102425588302E-12,-0.707106781186547,-0.707106781186548));
#5229=DIRECTION('',(-4.4092759281593E-13,-0.707106781186548,0.707106781186547));
#5230=DIRECTION('center_axis',(-1.,6.38397968813761E-13,3.74471414259395E-14));
#5231=DIRECTION('ref_axis',(4.77903109077098E-13,0.707106781186467,0.707106781186628));
#5232=DIRECTION('center_axis',(-1.,6.2356578178481E-13,0.));
#5233=DIRECTION('ref_axis',(0.,0.,1.));
#5234=DIRECTION('center_axis',(-4.4092759281593E-13,-0.707106781186548,
0.707106781186547));
#5235=DIRECTION('ref_axis',(0.999999999999806,-4.40221085690756E-7,-4.40220462124974E-7));
#5236=DIRECTION('center_axis',(-1.,6.36940234921892E-13,3.78561681411878E-14));
#5237=DIRECTION('ref_axis',(4.7766150418304E-13,0.70710678118647,0.707106781186625));
#5238=DIRECTION('center_axis',(-1.,6.2356578178481E-13,0.));
#5239=DIRECTION('ref_axis',(0.,0.,1.));
#5240=DIRECTION('center_axis',(-1.,6.38397968813761E-13,3.74471414259395E-14));
#5241=DIRECTION('ref_axis',(4.77903109077098E-13,0.707106781186467,0.707106781186628));
#5242=DIRECTION('center_axis',(-1.,-2.76494880576045E-12,-3.38851458754526E-12));
#5243=DIRECTION('ref_axis',(-2.76494880576045E-12,1.,0.));
#5244=DIRECTION('center_axis',(-1.,-2.76494880576045E-12,-3.38851458754526E-12));
#5245=DIRECTION('ref_axis',(-2.76494880576045E-12,1.,0.));
#5246=DIRECTION('',(-1.,-2.76494880576045E-12,-3.38851458754527E-12));
#5247=DIRECTION('center_axis',(1.,2.7719269333615E-12,3.39549271514631E-12));
#5248=DIRECTION('ref_axis',(-2.76494880576045E-12,1.,0.));
#5249=DIRECTION('center_axis',(1.,-6.2356578178481E-13,0.));
#5250=DIRECTION('ref_axis',(0.,0.,-1.));
#5251=DIRECTION('',(1.64790288833922E-7,0.707106781186538,0.707106781186538));
#5252=DIRECTION('center_axis',(-1.,7.35610924211125E-13,5.34852280588759E-14));
#5253=DIRECTION('ref_axis',(5.6843418858598E-13,0.707106781186161,0.707106781186934));
#5254=DIRECTION('center_axis',(-1.,7.35610924224183E-13,5.34852280593747E-14));
#5255=DIRECTION('ref_axis',(5.50670620202938E-13,0.707106781186347,0.707106781186748));
#5256=DIRECTION('center_axis',(-1.,6.2356578178481E-13,0.));
#5257=DIRECTION('ref_axis',(4.46692918084642E-13,0.707106781186597,0.707106781186498));
#5258=DIRECTION('',(1.,2.93076834048436E-13,9.16642615833246E-13));
#5259=DIRECTION('center_axis',(-1.,7.35610924225505E-13,5.34852280594302E-14));
#5260=DIRECTION('ref_axis',(5.50670620204004E-13,0.707106781186348,0.707106781186747));
#5261=DIRECTION('center_axis',(-1.,6.2356578178481E-13,0.));
#5262=DIRECTION('ref_axis',(0.,0.,1.));
#5263=DIRECTION('center_axis',(-4.4092759281593E-13,-0.707106781186548,
0.707106781186547));
#5264=DIRECTION('ref_axis',(-0.999999999999806,4.40174453917441E-7,4.4017383035166E-7));
#5265=DIRECTION('center_axis',(-1.,7.17704128025948E-13,6.08453309892982E-14));
#5266=DIRECTION('ref_axis',(5.53805367597707E-13,0.707106781186446,0.707106781186649));
#5267=DIRECTION('center_axis',(-1.,6.2356578178481E-13,0.));
#5268=DIRECTION('ref_axis',(0.,0.,1.));
#5269=DIRECTION('center_axis',(-4.4092759281593E-13,-0.707106781186548,
0.707106781186547));
#5270=DIRECTION('ref_axis',(6.22566884641529E-7,0.70710678118641,0.707106781186411));
#5271=DIRECTION('center_axis',(-1.,6.27453928189485E-13,3.29139696497739E-14));
#5272=DIRECTION('ref_axis',(4.6708266486861E-13,0.707106781186539,0.707106781186556));
#5273=DIRECTION('center_axis',(-1.,6.32207361103407E-13,3.4693762958393E-14));
#5274=DIRECTION('ref_axis',(4.71711983669856E-13,0.707106781186537,0.707106781186557));
#5275=DIRECTION('center_axis',(-1.,6.2356578178481E-13,0.));
#5276=DIRECTION('ref_axis',(4.46692918084642E-13,0.707106781186597,0.707106781186498));
#5277=DIRECTION('',(-1.,1.48801094297494E-13,-4.74764687487317E-13));
#5278=DIRECTION('center_axis',(-1.,6.2356578178481E-13,0.));
#5279=DIRECTION('ref_axis',(0.,0.,1.));
#5280=DIRECTION('center_axis',(-4.4092759281593E-13,-0.707106781186548,
0.707106781186547));
#5281=DIRECTION('ref_axis',(-6.22558713353501E-7,-0.70710678118641,-0.707106781186411));
#5282=DIRECTION('center_axis',(-1.,5.37776798544607E-13,-7.87033085764332E-14));
#5283=DIRECTION('ref_axis',(3.55271367877573E-13,0.707106781183357,0.707106781189738));
#5284=DIRECTION('center_axis',(-1.,6.2356578178481E-13,0.));
#5285=DIRECTION('ref_axis',(4.46692918084642E-13,0.707106781186597,0.707106781186498));
#5286=DIRECTION('',(1.,-7.5991953139285E-13,-1.36353749608039E-13));
#5287=DIRECTION('center_axis',(4.4092759281593E-13,0.707106781186548,-0.707106781186547));
#5288=DIRECTION('ref_axis',(-4.39453326030049E-7,-0.707106781186479,-0.707106781186479));
#5289=DIRECTION('center_axis',(-1.,8.44526041226629E-13,1.13376760178922E-13));
#5290=DIRECTION('ref_axis',(6.68745898544453E-13,0.707106781185593,0.707106781187502));
#5291=DIRECTION('center_axis',(-1.,6.2356578178481E-13,0.));
#5292=DIRECTION('ref_axis',(0.,0.,1.));
#5293=DIRECTION('center_axis',(4.4092759281593E-13,0.707106781186548,-0.707106781186547));
#5294=DIRECTION('ref_axis',(0.999999999999904,-3.10743420736004E-7,-3.10742797170222E-7));
#5295=DIRECTION('center_axis',(-1.,6.38397968813679E-13,3.74471414259338E-14));
#5296=DIRECTION('ref_axis',(4.77903109077042E-13,0.707106781186466,0.707106781186629));
#5297=DIRECTION('center_axis',(-1.,6.43867917515639E-13,4.13098503038055E-14));
#5298=DIRECTION('ref_axis',(4.84762801032413E-13,0.707106781186472,0.707106781186623));
#5299=DIRECTION('center_axis',(-1.,6.2356578178481E-13,0.));
#5300=DIRECTION('ref_axis',(4.46692918084642E-13,0.707106781186597,0.707106781186498));
#5301=DIRECTION('',(1.,-1.50339143932173E-13,4.73226637852637E-13));
#5302=DIRECTION('center_axis',(-1.,6.29170966258815E-13,3.40482728632143E-14));
#5303=DIRECTION('ref_axis',(4.68991408534569E-13,0.70710678118654,0.707106781186555));
#5304=DIRECTION('center_axis',(-1.,6.2356578178481E-13,0.));
#5305=DIRECTION('ref_axis',(0.,0.,1.));
#5306=DIRECTION('center_axis',(4.4092759281593E-13,0.707106781186548,-0.707106781186547));
#5307=DIRECTION('ref_axis',(4.39458822310177E-7,0.707106781186479,0.707106781186479));
#5308=DIRECTION('center_axis',(-1.,6.27453940086923E-13,3.29139702738703E-14));
#5309=DIRECTION('ref_axis',(4.67082673725176E-13,0.707106781186539,0.707106781186556));
#5310=DIRECTION('center_axis',(4.4092759281593E-13,0.707106781186548,-0.707106781186547));
#5311=DIRECTION('ref_axis',(-0.999999999999904,3.10711376059291E-7,3.10710752493509E-7));
#5312=DIRECTION('center_axis',(-1.,7.17704128026062E-13,6.08453309892925E-14));
#5313=DIRECTION('ref_axis',(5.53805367597817E-13,0.707106781186452,0.707106781186643));
#5314=DIRECTION('center_axis',(-1.,7.35610924226074E-13,5.34852280594477E-14));
#5315=DIRECTION('ref_axis',(5.50670620204434E-13,0.707106781186366,0.707106781186728));
#5316=DIRECTION('center_axis',(-1.,6.2356578178481E-13,0.));
#5317=DIRECTION('ref_axis',(4.46692918084642E-13,0.707106781186597,0.707106781186498));
#5318=DIRECTION('',(1.,2.93076834048436E-13,9.16642615833246E-13));
#5319=DIRECTION('center_axis',(-1.,7.35610924238678E-13,5.34852280600784E-14));
#5320=DIRECTION('ref_axis',(5.50670620213991E-13,0.707106781186576,0.707106781186519));
#5321=DIRECTION('center_axis',(-1.,6.2356578178481E-13,0.));
#5322=DIRECTION('ref_axis',(0.,0.,1.));
#5323=DIRECTION('center_axis',(-4.4092759281593E-13,-0.707106781186548,
0.707106781186547));
#5324=DIRECTION('ref_axis',(-1.14092180901562E-12,-0.707106781186547,-0.707106781186547));
#5325=DIRECTION('center_axis',(-1.,5.87959398853357E-13,-6.01036213125615E-15));
#5326=DIRECTION('ref_axis',(4.117383402584E-13,0.707106781186564,0.707106781186531));
#5327=DIRECTION('center_axis',(-1.,6.2356578178481E-13,0.));
#5328=DIRECTION('ref_axis',(0.,0.,1.));
#5329=DIRECTION('center_axis',(-4.4092759281593E-13,-0.707106781186548,
0.707106781186547));
#5330=DIRECTION('ref_axis',(-1.,1.8263818896888E-13,-4.4092759281593E-13));
#5331=DIRECTION('center_axis',(-1.,6.3319273776121E-13,3.4933315151238E-14));
#5332=DIRECTION('ref_axis',(4.72444830591279E-13,0.70710678118655,0.707106781186545));
#5333=DIRECTION('center_axis',(-1.,6.29672960046446E-13,3.42331878333529E-14));
#5334=DIRECTION('ref_axis',(4.69341341392168E-13,0.707106781186549,0.707106781186546));
#5335=DIRECTION('center_axis',(-1.,6.2356578178481E-13,0.));
#5336=DIRECTION('ref_axis',(4.46692918084642E-13,0.707106781186597,0.707106781186498));
#5337=DIRECTION('',(-1.,1.8876853720364E-13,-4.3479724458117E-13));
#5338=DIRECTION('center_axis',(-1.,6.2967296004641E-13,3.42331878333513E-14));
#5339=DIRECTION('ref_axis',(4.69341341392145E-13,0.707106781186547,0.707106781186548));
#5340=DIRECTION('center_axis',(1.,-6.2356578178481E-13,0.));
#5341=DIRECTION('ref_axis',(0.,0.,-1.));
#5342=DIRECTION('',(-3.59475352713842E-7,0.707106781186502,0.707106781186502));
#5343=DIRECTION('center_axis',(-1.,6.29170966259049E-13,3.40482728632137E-14));
#5344=DIRECTION('ref_axis',(4.68991408534754E-13,0.707106781186548,0.707106781186547));
#5345=DIRECTION('center_axis',(-1.,6.2356578178481E-13,0.));
#5346=DIRECTION('ref_axis',(4.46692918084642E-13,0.707106781186597,0.707106781186498));
#5347=DIRECTION('',(1.,-1.89120464697662E-13,4.34445317087149E-13));
#5348=DIRECTION('center_axis',(-1.,6.29170966259079E-13,3.40482728632133E-14));
#5349=DIRECTION('ref_axis',(4.68991408534777E-13,0.70710678118655,0.707106781186545));
#5350=DIRECTION('center_axis',(-1.,6.2356578178481E-13,0.));
#5351=DIRECTION('ref_axis',(0.,0.,1.));
#5352=DIRECTION('center_axis',(4.4092759281593E-13,0.707106781186548,-0.707106781186547));
#5353=DIRECTION('ref_axis',(-1.,1.8263818896888E-13,-4.4092759281593E-13));
#5354=DIRECTION('center_axis',(-1.,6.33192737761227E-13,3.49333151512366E-14));
#5355=DIRECTION('ref_axis',(4.72444830591296E-13,0.70710678118655,0.707106781186545));
#5356=DIRECTION('center_axis',(4.4092759281593E-13,0.707106781186548,-0.707106781186547));
#5357=DIRECTION('ref_axis',(1.8263818896888E-13,-0.707106781186547,-0.707106781186548));
#5358=DIRECTION('center_axis',(-1.,5.87959398853567E-13,-6.0103621312894E-15));
#5359=DIRECTION('ref_axis',(4.11738340258604E-13,0.70710678118656,0.707106781186535));
#5360=DIRECTION('center_axis',(4.4092759281593E-13,0.707106781186548,-0.707106781186547));
#5361=DIRECTION('ref_axis',(-0.977571096352204,-0.148920703021054,-0.148920703021662));
#5362=DIRECTION('center_axis',(4.4092759281593E-13,0.707106781186548,-0.707106781186547));
#5363=DIRECTION('ref_axis',(0.999999999999978,-1.49506096650635E-7,-1.49505473084853E-7));
#5364=DIRECTION('center_axis',(1.72947367923875E-13,-0.707106781186547,
-0.707106781186548));
#5365=DIRECTION('ref_axis',(0.916515138990992,-0.282842712474793,0.282842712475017));
#5366=DIRECTION('center_axis',(-4.4092759281593E-13,-0.707106781186548,
0.707106781186547));
#5367=DIRECTION('ref_axis',(-0.999999999999904,3.10711376059291E-7,3.10710752493509E-7));
#5368=DIRECTION('center_axis',(1.68822079816588E-13,-0.707106781186547,
-0.707106781186548));
#5369=DIRECTION('ref_axis',(0.916515138990992,-0.282842712474793,0.282842712475017));
#5370=DIRECTION('',(-1.68822079816588E-13,0.707106781186547,0.707106781186548));
#5371=DIRECTION('center_axis',(-1.72947367923875E-13,0.707106781186547,
0.707106781186548));
#5372=DIRECTION('ref_axis',(-4.4092759281593E-13,-0.707106781186548,0.707106781186547));
#5373=DIRECTION('',(1.68822079816588E-13,-0.707106781186547,-0.707106781186548));
#5374=DIRECTION('center_axis',(4.4092759281593E-13,0.707106781186548,-0.707106781186547));
#5375=DIRECTION('ref_axis',(-0.707106889947301,0.499999923094743,0.499999923094302));
#5376=DIRECTION('center_axis',(-4.4092759281593E-13,-0.707106781186548,
0.707106781186547));
#5377=DIRECTION('ref_axis',(4.39458822310177E-7,0.707106781186479,0.707106781186479));
#5378=DIRECTION('center_axis',(4.4092759281593E-13,0.707106781186548,-0.707106781186547));
#5379=DIRECTION('ref_axis',(0.999999999999935,2.54187152255774E-7,2.54187775821556E-7));
#5380=DIRECTION('center_axis',(-4.4092759281593E-13,-0.707106781186548,
0.707106781186547));
#5381=DIRECTION('ref_axis',(-1.,1.8263818896888E-13,-4.4092759281593E-13));
#5382=DIRECTION('',(-3.59475352713842E-7,0.707106781186502,0.707106781186502));
#5383=DIRECTION('',(-1.,1.8860999714434E-13,-4.3495578464047E-13));
#5384=DIRECTION('',(-1.,-2.93076834048436E-13,-9.16642615833246E-13));
#5385=DIRECTION('center_axis',(4.4092759281593E-13,0.707106781186548,-0.707106781186547));
#5386=DIRECTION('ref_axis',(-1.14092180901562E-12,-0.707106781186547,-0.707106781186547));
#5387=DIRECTION('',(-1.8263818896888E-13,0.707106781186547,0.707106781186548));
#5388=DIRECTION('center_axis',(4.4092759281593E-13,0.707106781186548,-0.707106781186547));
#5389=DIRECTION('ref_axis',(-1.,1.8263818896888E-13,-4.4092759281593E-13));
#5390=DIRECTION('',(1.,-1.8876853720364E-13,4.3479724458117E-13));
#5391=DIRECTION('center_axis',(-4.4092759281593E-13,-0.707106781186548,
0.707106781186547));
#5392=DIRECTION('ref_axis',(-1.,1.8263818896888E-13,-4.4092759281593E-13));
#5393=DIRECTION('',(-1.,1.50339143932173E-13,-4.73226637852637E-13));
#5394=DIRECTION('center_axis',(-4.4092759281593E-13,-0.707106781186548,
0.707106781186547));
#5395=DIRECTION('ref_axis',(-1.8263818896888E-13,0.707106781186547,0.707106781186548));
#5396=DIRECTION('',(1.8263818896888E-13,-0.707106781186547,-0.707106781186548));
#5397=DIRECTION('center_axis',(-4.4092759281593E-13,-0.707106781186548,
0.707106781186547));
#5398=DIRECTION('ref_axis',(-1.,1.8263818896888E-13,-4.4092759281593E-13));
#5399=DIRECTION('',(1.,2.94253332675696E-13,9.17819114460507E-13));
#5400=DIRECTION('center_axis',(-4.4092759281593E-13,-0.707106781186548,
0.707106781186547));
#5401=DIRECTION('ref_axis',(-4.39453326030049E-7,-0.707106781186479,-0.707106781186479));
#5402=DIRECTION('',(-4.35115569318966E-12,0.707106781186547,0.707106781186548));
#5403=DIRECTION('center_axis',(-4.4092759281593E-13,-0.707106781186548,
0.707106781186547));
#5404=DIRECTION('ref_axis',(0.999999999999904,-3.10743420736004E-7,-3.10742797170222E-7));
#5405=DIRECTION('center_axis',(4.4092759281593E-13,0.707106781186548,-0.707106781186547));
#5406=DIRECTION('ref_axis',(6.22566884641529E-7,0.70710678118641,0.707106781186411));
#5407=DIRECTION('',(1.,-1.48801094297494E-13,4.74764687487317E-13));
#5408=DIRECTION('center_axis',(4.4092759281593E-13,0.707106781186548,-0.707106781186547));
#5409=DIRECTION('ref_axis',(0.999999999999806,-4.40221085690756E-7,-4.40220462124974E-7));
#5410=DIRECTION('center_axis',(4.4092759281593E-13,0.707106781186548,-0.707106781186547));
#5411=DIRECTION('ref_axis',(-6.22558713353501E-7,-0.70710678118641,-0.707106781186411));
#5412=DIRECTION('',(-1.,7.5991953139285E-13,1.36353749608039E-13));
#5413=DIRECTION('center_axis',(4.4092759281593E-13,0.707106781186548,-0.707106781186547));
#5414=DIRECTION('ref_axis',(-0.999999999999806,4.40174453917441E-7,4.4017383035166E-7));
#5415=DIRECTION('',(-1.79677594211971E-13,0.707106781186547,0.707106781186548));
#5416=DIRECTION('center_axis',(-8.55400826344597E-13,0.707106781186547,
0.707106781186548));
#5417=DIRECTION('ref_axis',(1.,2.93076834048436E-13,9.16642615833246E-13));
#5418=DIRECTION('',(-4.4092759281593E-13,-0.707106781186548,0.707106781186547));
#5419=DIRECTION('',(-1.,-2.93076834048436E-13,-9.16642615833246E-13));
#5420=DIRECTION('',(-4.4092759281593E-13,-0.707106781186548,0.707106781186547));
#5421=DIRECTION('center_axis',(4.4092759281593E-13,0.707106781186548,-0.707106781186547));
#5422=DIRECTION('ref_axis',(1.,-1.8263818896888E-13,4.4092759281593E-13));
#5423=DIRECTION('center_axis',(-4.4092759281593E-13,-0.707106781186548,
0.707106781186547));
#5424=DIRECTION('ref_axis',(-0.999999999999806,4.40174453917441E-7,4.4017383035166E-7));
#5425=DIRECTION('',(1.,-7.5991953139285E-13,-1.36353749608039E-13));
#5426=DIRECTION('',(1.64790288833922E-7,0.707106781186538,0.707106781186538));
#5427=DIRECTION('center_axis',(0.999999999999986,-1.16524642491047E-7,-1.16524018925265E-7));
#5428=DIRECTION('ref_axis',(-1.64790288833922E-7,-0.707106781186538,-0.707106781186538));
#5429=DIRECTION('',(4.4092759281593E-13,0.707106781186548,-0.707106781186547));
#5430=DIRECTION('center_axis',(1.,-1.92407653440079E-13,4.31158128344731E-13));
#5431=DIRECTION('ref_axis',(4.46626862477778E-13,0.707106781186546,-0.70710678118655));
#5432=DIRECTION('center_axis',(4.4092759281593E-13,0.707106781186548,-0.707106781186547));
#5433=DIRECTION('ref_axis',(-4.66855283272916E-13,0.707106781186547,0.707106781186548));
#5434=DIRECTION('center_axis',(1.,-1.84731645597836E-13,4.38834136186974E-13));
#5435=DIRECTION('ref_axis',(4.38834136186974E-13,-3.33066907387547E-15,
-1.));
#5436=DIRECTION('center_axis',(-1.8263818896888E-13,0.707106781186547,0.707106781186548));
#5437=DIRECTION('ref_axis',(-5.8303613996795E-13,-0.707106781186548,0.707106781186547));
#5438=DIRECTION('center_axis',(-1.,1.92407653440079E-13,-4.31158128344731E-13));
#5439=DIRECTION('ref_axis',(4.3115812834473E-13,-6.66133814775094E-15,-1.));
#5440=DIRECTION('center_axis',(-1.68822079816588E-13,0.707106781186547,
0.707106781186548));
#5441=DIRECTION('ref_axis',(-0.707106781186839,-0.499999999999885,0.499999999999703));
#5442=DIRECTION('center_axis',(-1.8263818896888E-13,0.707106781186547,0.707106781186548));
#5443=DIRECTION('ref_axis',(5.64523222161406E-14,-0.707106781186548,0.707106781186547));
#5444=DIRECTION('',(1.68822079816588E-13,-0.707106781186547,-0.707106781186548));
#5445=DIRECTION('',(-1.79677594211971E-13,0.707106781186547,0.707106781186548));
#5446=DIRECTION('center_axis',(1.,-1.92407653440079E-13,4.31158128344731E-13));
#5447=DIRECTION('ref_axis',(4.46626862477778E-13,0.707106781186546,-0.70710678118655));
#5448=DIRECTION('center_axis',(-4.4092759281593E-13,-0.707106781186548,
0.707106781186547));
#5449=DIRECTION('ref_axis',(-3.0524631759147E-14,-0.707106781186547,-0.707106781186548));
#5450=DIRECTION('center_axis',(-1.,1.92407653440079E-13,-4.31158128344731E-13));
#5451=DIRECTION('ref_axis',(1.92407653440078E-13,1.,2.77555756156289E-15));
#5452=DIRECTION('center_axis',(1.,-1.84731645597836E-13,4.38834136186974E-13));
#5453=DIRECTION('ref_axis',(1.84731645597834E-13,1.,4.25585492772977E-15));
#5454=DIRECTION('center_axis',(-4.4092759281593E-13,-0.707106781186548,
0.707106781186547));
#5455=DIRECTION('ref_axis',(-0.707106781186368,-0.499999999999906,-0.500000000000347));
#5456=DIRECTION('center_axis',(-4.4092759281593E-13,-0.707106781186548,
0.707106781186547));
#5457=DIRECTION('ref_axis',(7.51072377576952E-13,-0.707106781186547,-0.707106781186548));
#5458=DIRECTION('',(4.4092759281593E-13,0.707106781186548,-0.707106781186547));
#5459=DIRECTION('',(-4.4092759281593E-13,-0.707106781186548,0.707106781186547));
#5460=DIRECTION('center_axis',(1.,-1.92407653440079E-13,4.31158128344731E-13));
#5461=DIRECTION('ref_axis',(4.46626862477778E-13,0.707106781186546,-0.70710678118655));
#5462=DIRECTION('center_axis',(-1.8263818896888E-13,0.707106781186547,0.707106781186548));
#5463=DIRECTION('ref_axis',(4.4092759281593E-13,0.707106781186548,-0.707106781186548));
#5464=DIRECTION('center_axis',(-1.,1.92407653440079E-13,-4.31158128344731E-13));
#5465=DIRECTION('ref_axis',(-4.31158128344731E-13,1.38777878078145E-15,
1.));
#5466=DIRECTION('center_axis',(1.,-1.84731645597836E-13,4.38834136186974E-13));
#5467=DIRECTION('ref_axis',(-4.38834136186973E-13,4.81096644004234E-15,
1.));
#5468=DIRECTION('center_axis',(1.68822079816588E-13,-0.707106781186547,
-0.707106781186548));
#5469=DIRECTION('ref_axis',(-0.707106781186266,0.500000000000108,-0.50000000000029));
#5470=DIRECTION('center_axis',(-1.8263818896888E-13,0.707106781186547,0.707106781186548));
#5471=DIRECTION('ref_axis',(4.4092759281593E-13,0.707106781186548,-0.707106781186547));
#5472=DIRECTION('',(-1.68822079816588E-13,0.707106781186547,0.707106781186548));
#5473=DIRECTION('',(1.79677594211971E-13,-0.707106781186547,-0.707106781186548));
#5474=DIRECTION('center_axis',(1.,-1.92407653440079E-13,4.31158128344731E-13));
#5475=DIRECTION('ref_axis',(4.46626862477778E-13,0.707106781186546,-0.70710678118655));
#5476=DIRECTION('center_axis',(-4.4092759281593E-13,-0.707106781186548,
0.707106781186547));
#5477=DIRECTION('ref_axis',(-1.11583915392871E-13,0.707106781186547,0.707106781186548));
#5478=DIRECTION('center_axis',(-1.,1.92407653440079E-13,-4.31158128344731E-13));
#5479=DIRECTION('ref_axis',(-1.92407653440077E-13,-1.,-5.55111512312578E-15));
#5480=DIRECTION('center_axis',(1.,-1.84731645597836E-13,4.38834136186974E-13));
#5481=DIRECTION('ref_axis',(-1.84731645597834E-13,-1.,-4.07081775695891E-15));
#5482=DIRECTION('center_axis',(4.4092759281593E-13,0.707106781186548,-0.707106781186547));
#5483=DIRECTION('ref_axis',(-0.707106781186727,0.500000000000094,0.499999999999653));
#5484=DIRECTION('',(-4.4092759281593E-13,-0.707106781186548,0.707106781186547));
#5485=DIRECTION('',(4.4092759281593E-13,0.707106781186548,-0.707106781186547));
#5486=DIRECTION('center_axis',(4.4092759281593E-13,0.707106781186548,-0.707106781186547));
#5487=DIRECTION('ref_axis',(-0.999999999999806,4.40174453917441E-7,4.4017383035166E-7));
#5488=DIRECTION('',(-4.4092759281593E-13,-0.707106781186548,0.707106781186547));
#5489=DIRECTION('',(-4.4092759281593E-13,-0.707106781186548,0.707106781186547));
#5490=DIRECTION('center_axis',(2.30491067164457E-13,-0.707106781186547,
-0.707106781186548));
#5491=DIRECTION('ref_axis',(-1.,1.48801094297494E-13,-4.74764687487317E-13));
#5492=DIRECTION('',(-4.4092759281593E-13,-0.707106781186548,0.707106781186547));
#5493=DIRECTION('',(-4.4092759281593E-13,-0.707106781186548,0.707106781186547));
#5494=DIRECTION('center_axis',(4.4092759281593E-13,0.707106781186548,-0.707106781186547));
#5495=DIRECTION('ref_axis',(0.999999999999806,-4.40221085690756E-7,-4.40220462124974E-7));
#5496=DIRECTION('center_axis',(-1.,-2.7719269333615E-12,-3.39549271514631E-12));
#5497=DIRECTION('ref_axis',(-4.36102425588302E-12,0.707106781186547,0.707106781186548));
#5498=DIRECTION('center_axis',(4.4092759281593E-13,0.707106781186548,-0.707106781186547));
#5499=DIRECTION('ref_axis',(-6.22558713353501E-7,-0.70710678118641,-0.707106781186411));
#5500=DIRECTION('',(-4.4092759281593E-13,-0.707106781186548,0.707106781186547));
#5501=DIRECTION('center_axis',(6.33760914792045E-13,0.707106781186547,0.707106781186548));
#5502=DIRECTION('ref_axis',(1.,-7.5991953139285E-13,-1.36353749608039E-13));
#5503=DIRECTION('center_axis',(1.,-1.84731645597836E-13,4.38834136186974E-13));
#5504=DIRECTION('ref_axis',(1.79677594211971E-13,-0.707106781186547,-0.707106781186548));
#5505=DIRECTION('',(4.4092759281593E-13,0.707106781186548,-0.707106781186547));
#5506=DIRECTION('center_axis',(4.4092759281593E-13,0.707106781186548,-0.707106781186547));
#5507=DIRECTION('ref_axis',(6.22566884641529E-7,0.70710678118641,0.707106781186411));
#5508=DIRECTION('center_axis',(-1.,1.92407653440079E-13,-4.31158128344731E-13));
#5509=DIRECTION('ref_axis',(-1.68822079816588E-13,0.707106781186547,0.707106781186548));
#5510=DIRECTION('',(4.4092759281593E-13,0.707106781186548,-0.707106781186547));
#5511=DIRECTION('',(4.4092759281593E-13,0.707106781186548,-0.707106781186547));
#5512=DIRECTION('center_axis',(4.4092759281593E-13,0.707106781186548,-0.707106781186547));
#5513=DIRECTION('ref_axis',(-0.999999999999904,3.10711376059291E-7,3.10710752493509E-7));
#5514=DIRECTION('',(4.4092759281593E-13,0.707106781186548,-0.707106781186547));
#5515=DIRECTION('center_axis',(4.4092759281593E-13,0.707106781186548,-0.707106781186547));
#5516=DIRECTION('ref_axis',(-4.39453326030049E-7,-0.707106781186479,-0.707106781186479));
#5517=DIRECTION('',(-4.4092759281593E-13,-0.707106781186548,0.707106781186547));
#5518=DIRECTION('',(-4.4092759281593E-13,-0.707106781186548,0.707106781186547));
#5519=DIRECTION('center_axis',(1.,2.76494880576045E-12,3.38851458754526E-12));
#5520=DIRECTION('ref_axis',(4.35115569318966E-12,-0.707106781186547,-0.707106781186548));
#5521=DIRECTION('',(-4.4092759281593E-13,-0.707106781186548,0.707106781186547));
#5522=DIRECTION('center_axis',(4.4092759281593E-13,0.707106781186548,-0.707106781186547));
#5523=DIRECTION('ref_axis',(0.999999999999904,-3.10743420736004E-7,-3.10742797170222E-7));
#5524=DIRECTION('',(-4.4092759281593E-13,-0.707106781186548,0.707106781186547));
#5525=DIRECTION('center_axis',(4.4092759281593E-13,0.707106781186548,-0.707106781186547));
#5526=DIRECTION('ref_axis',(4.39458822310177E-7,0.707106781186479,0.707106781186479));
#5527=DIRECTION('',(4.4092759281593E-13,0.707106781186548,-0.707106781186547));
#5528=DIRECTION('center_axis',(8.5643637439417E-13,-0.707106781186547,-0.707106781186548));
#5529=DIRECTION('ref_axis',(-1.,-2.93809077096533E-13,-9.17374858881344E-13));
#5530=DIRECTION('',(4.4092759281593E-13,0.707106781186548,-0.707106781186547));
#5531=DIRECTION('center_axis',(-8.55400826344597E-13,0.707106781186547,
0.707106781186548));
#5532=DIRECTION('ref_axis',(1.,2.93076834048436E-13,9.16642615833246E-13));
#5533=DIRECTION('',(4.4092759281593E-13,0.707106781186548,-0.707106781186547));
#5534=DIRECTION('center_axis',(-1.,1.8263818896888E-13,-4.4092759281593E-13));
#5535=DIRECTION('ref_axis',(-1.8263818896888E-13,0.707106781186547,0.707106781186548));
#5536=DIRECTION('',(4.4092759281593E-13,0.707106781186548,-0.707106781186547));
#5537=DIRECTION('',(4.4092759281593E-13,0.707106781186548,-0.707106781186547));
#5538=DIRECTION('',(1.8263818896888E-13,-0.707106781186547,-0.707106781186548));
#5539=DIRECTION('center_axis',(-1.,1.8263818896888E-13,-4.4092759281593E-13));
#5540=DIRECTION('ref_axis',(1.82638188968884E-13,1.,-8.50234088478761E-15));
#5541=DIRECTION('',(4.4092759281593E-13,0.707106781186548,-0.707106781186547));
#5542=DIRECTION('center_axis',(-1.,1.8263818896888E-13,-4.4092759281593E-13));
#5543=DIRECTION('ref_axis',(-4.4092759281593E-13,-7.02672800395671E-16,
1.));
#5544=DIRECTION('',(-1.8263818896888E-13,0.707106781186547,0.707106781186548));
#5545=DIRECTION('center_axis',(-1.,1.8263818896888E-13,-4.4092759281593E-13));
#5546=DIRECTION('ref_axis',(-1.82638188968884E-13,-1.,8.50234088478761E-15));
#5547=DIRECTION('',(-4.4092759281593E-13,-0.707106781186548,0.707106781186547));
#5548=DIRECTION('center_axis',(-1.,1.8263818896888E-13,-4.4092759281593E-13));
#5549=DIRECTION('ref_axis',(4.4092759281593E-13,-2.59988936146398E-15,-1.));
#5550=DIRECTION('center_axis',(1.8263818896888E-13,-0.707106781186547,-0.707106781186548));
#5551=DIRECTION('ref_axis',(0.70710678118624,-0.500000000000126,0.500000000000309));
#5552=DIRECTION('center_axis',(1.8263818896888E-13,-0.707106781186547,-0.707106781186548));
#5553=DIRECTION('ref_axis',(-4.76454729603935E-13,-0.707106781186548,0.707106781186548));
#5554=DIRECTION('center_axis',(-1.8263818896888E-13,0.707106781186547,0.707106781186548));
#5555=DIRECTION('ref_axis',(-4.4092759281593E-13,-0.707106781186548,0.707106781186547));
#5556=DIRECTION('',(-1.8263818896888E-13,0.707106781186547,0.707106781186548));
#5557=DIRECTION('center_axis',(-1.,1.8263818896888E-13,-4.4092759281593E-13));
#5558=DIRECTION('ref_axis',(-4.43889619193952E-13,-0.707106781186547,0.707106781186548));
#5559=DIRECTION('center_axis',(4.40927592815932E-13,0.70710678118654,-0.707106781186555));
#5560=DIRECTION('ref_axis',(-1.82638188968876E-13,0.707106781186555,0.707106781186541));
#5561=DIRECTION('center_axis',(1.,-1.8263818896888E-13,4.4092759281593E-13));
#5562=DIRECTION('ref_axis',(4.4092759281593E-13,-2.59988936146398E-15,-1.));
#5563=DIRECTION('center_axis',(-4.4092759281593E-13,-0.707106781186548,
0.707106781186547));
#5564=DIRECTION('ref_axis',(0.707106781186418,0.499999999999871,0.500000000000312));
#5565=DIRECTION('center_axis',(4.4092759281593E-13,0.707106781186548,-0.707106781186547));
#5566=DIRECTION('ref_axis',(-1.8263818896888E-13,0.707106781186547,0.707106781186548));
#5567=DIRECTION('',(4.4092759281593E-13,0.707106781186548,-0.707106781186547));
#5568=DIRECTION('center_axis',(-1.,1.8263818896888E-13,-4.4092759281593E-13));
#5569=DIRECTION('ref_axis',(-4.43889619193952E-13,-0.707106781186547,0.707106781186548));
#5570=DIRECTION('center_axis',(1.82638188968864E-13,-0.707106781186573,
-0.707106781186522));
#5571=DIRECTION('ref_axis',(4.40927592815937E-13,0.707106781186522,-0.707106781186573));
#5572=DIRECTION('center_axis',(1.,-1.8263818896888E-13,4.4092759281593E-13));
#5573=DIRECTION('ref_axis',(-1.82638188968884E-13,-1.,8.50234088478761E-15));
#5574=DIRECTION('center_axis',(-1.8263818896888E-13,0.707106781186547,0.707106781186548));
#5575=DIRECTION('ref_axis',(0.707106781186864,0.499999999999867,-0.499999999999685));
#5576=DIRECTION('center_axis',(-1.8263818896888E-13,0.707106781186547,0.707106781186548));
#5577=DIRECTION('ref_axis',(4.05400456027925E-13,0.707106781186548,-0.707106781186548));
#5578=DIRECTION('',(1.8263818896888E-13,-0.707106781186547,-0.707106781186548));
#5579=DIRECTION('center_axis',(-1.,1.8263818896888E-13,-4.4092759281593E-13));
#5580=DIRECTION('ref_axis',(-4.43889619193952E-13,-0.707106781186547,0.707106781186548));
#5581=DIRECTION('center_axis',(4.4092759281593E-13,0.707106781186548,-0.707106781186547));
#5582=DIRECTION('ref_axis',(1.47111052180875E-13,-0.707106781186547,-0.707106781186548));
#5583=DIRECTION('center_axis',(1.,-1.8263818896888E-13,4.4092759281593E-13));
#5584=DIRECTION('ref_axis',(-4.4092759281593E-13,-7.02672800395671E-16,
1.));
#5585=DIRECTION('center_axis',(4.4092759281593E-13,0.707106781186548,-0.707106781186547));
#5586=DIRECTION('ref_axis',(0.707106781186677,-0.500000000000129,-0.499999999999688));
#5587=DIRECTION('center_axis',(4.4092759281593E-13,0.707106781186549,-0.707106781186546));
#5588=DIRECTION('ref_axis',(1.47111052180876E-13,-0.707106781186546,-0.707106781186549));
#5589=DIRECTION('',(-4.4092759281593E-13,-0.707106781186548,0.707106781186547));
#5590=DIRECTION('center_axis',(-1.,1.8263818896888E-13,-4.4092759281593E-13));
#5591=DIRECTION('ref_axis',(-4.43889619193952E-13,-0.707106781186547,0.707106781186548));
#5592=DIRECTION('center_axis',(1.,-1.8263818896888E-13,4.4092759281593E-13));
#5593=DIRECTION('ref_axis',(1.82638188968884E-13,1.,-8.50234088478761E-15));
#5594=DIRECTION('center_axis',(1.,-1.8263818896888E-13,4.4092759281593E-13));
#5595=DIRECTION('ref_axis',(1.8263818896888E-13,-0.707106781186547,-0.707106781186548));
#5596=DIRECTION('',(4.4092759281593E-13,0.707106781186548,-0.707106781186547));
#5597=DIRECTION('',(4.4092759281593E-13,0.707106781186548,-0.707106781186547));
#5598=DIRECTION('center_axis',(4.4092759281593E-13,0.707106781186548,-0.707106781186547));
#5599=DIRECTION('ref_axis',(1.8263818896888E-13,-0.707106781186547,-0.707106781186548));
#5600=DIRECTION('center_axis',(4.4092759281593E-13,0.707106781186548,-0.707106781186547));
#5601=DIRECTION('ref_axis',(-1.,1.8263818896888E-13,-4.4092759281593E-13));
#5602=DIRECTION('',(4.4092759281593E-13,0.707106781186548,-0.707106781186547));
#5603=DIRECTION('center_axis',(-1.73470866718195E-13,0.707106781186547,
0.707106781186548));
#5604=DIRECTION('ref_axis',(1.,-1.89120464697662E-13,4.34445317087149E-13));
#5605=DIRECTION('',(-4.4092759281593E-13,-0.707106781186548,0.707106781186547));
#5606=DIRECTION('center_axis',(0.999999999999935,2.54187147790493E-7,2.54187771356275E-7));
#5607=DIRECTION('ref_axis',(3.59475352713843E-7,-0.707106781186502,-0.707106781186502));
#5608=DIRECTION('',(4.4092759281593E-13,0.707106781186548,-0.707106781186547));
#5609=DIRECTION('center_axis',(1.73968567353213E-13,-0.707106781186547,
-0.707106781186548));
#5610=DIRECTION('ref_axis',(-1.,1.8876853720364E-13,-4.3479724458117E-13));
#5611=DIRECTION('',(4.4092759281593E-13,0.707106781186548,-0.707106781186547));
#5612=DIRECTION('center_axis',(4.4092759281593E-13,0.707106781186548,-0.707106781186547));
#5613=DIRECTION('ref_axis',(-1.,1.8263818896888E-13,-4.4092759281593E-13));
#5614=DIRECTION('center_axis',(4.4092759281593E-13,0.707106781186548,-0.707106781186547));
#5615=DIRECTION('ref_axis',(-1.14092180901562E-12,-0.707106781186547,-0.707106781186547));
#5616=DIRECTION('center_axis',(-4.76627034728481E-13,0.707106781186548,
0.707106781186547));
#5617=DIRECTION('ref_axis',(1.,2.52433174609398E-14,6.4880909924575E-13));
#5618=DIRECTION('',(1.,2.52433174609398E-14,6.4880909924575E-13));
#5619=DIRECTION('',(4.44089209850063E-13,0.707106781186547,-0.707106781186548));
#5620=DIRECTION('',(1.,2.52433174609398E-14,6.4880909924575E-13));
#5621=DIRECTION('',(4.44089209850063E-13,0.707106781186547,-0.707106781186548));
#5622=DIRECTION('center_axis',(1.,-1.8487378981323E-13,4.4316319366028E-13));
#5623=DIRECTION('ref_axis',(1.8263818896888E-13,-0.707106781186547,-0.707106781186548));
#5624=DIRECTION('',(1.8263818896888E-13,-0.707106781186547,-0.707106781186548));
#5625=DIRECTION('',(1.8263818896888E-13,-0.707106781186547,-0.707106781186548));
#5626=DIRECTION('',(4.44089209850063E-13,0.707106781186547,-0.707106781186548));
#5627=DIRECTION('center_axis',(1.8263818896888E-13,-0.707106781186548,-0.707106781186547));
#5628=DIRECTION('ref_axis',(-1.,1.8263818896888E-13,-4.4092759281593E-13));
#5629=DIRECTION('',(-1.,1.8263818896888E-13,-4.4092759281593E-13));
#5630=DIRECTION('',(-1.,1.8263818896888E-13,-4.4092759281593E-13));
#5631=DIRECTION('',(4.44089209850063E-13,0.707106781186547,-0.707106781186548));
#5632=DIRECTION('center_axis',(-1.,1.8487378981323E-13,-4.4316319366028E-13));
#5633=DIRECTION('ref_axis',(-1.8263818896888E-13,0.707106781186547,0.707106781186548));
#5634=DIRECTION('',(-1.8263818896888E-13,0.707106781186547,0.707106781186548));
#5635=DIRECTION('',(-1.8263818896888E-13,0.707106781186547,0.707106781186548));
#5636=DIRECTION('center_axis',(-4.76627034728481E-13,0.707106781186548,
0.707106781186547));
#5637=DIRECTION('ref_axis',(1.,2.52433174609398E-14,6.4880909924575E-13));
#5638=DIRECTION('',(1.,2.52433174609398E-14,6.4880909924575E-13));
#5639=DIRECTION('',(4.44089209850063E-13,0.707106781186547,-0.707106781186548));
#5640=DIRECTION('',(1.,2.52433174609398E-14,6.4880909924575E-13));
#5641=DIRECTION('',(4.44089209850063E-13,0.707106781186547,-0.707106781186548));
#5642=DIRECTION('center_axis',(1.,-1.8487378981323E-13,4.4316319366028E-13));
#5643=DIRECTION('ref_axis',(1.8263818896888E-13,-0.707106781186547,-0.707106781186548));
#5644=DIRECTION('',(1.8263818896888E-13,-0.707106781186547,-0.707106781186548));
#5645=DIRECTION('',(1.8263818896888E-13,-0.707106781186547,-0.707106781186548));
#5646=DIRECTION('',(4.44089209850063E-13,0.707106781186547,-0.707106781186548));
#5647=DIRECTION('center_axis',(1.8263818896888E-13,-0.707106781186548,-0.707106781186547));
#5648=DIRECTION('ref_axis',(-1.,1.8263818896888E-13,-4.4092759281593E-13));
#5649=DIRECTION('',(-1.,1.8263818896888E-13,-4.4092759281593E-13));
#5650=DIRECTION('',(-1.,1.8263818896888E-13,-4.4092759281593E-13));
#5651=DIRECTION('',(4.44089209850063E-13,0.707106781186547,-0.707106781186548));
#5652=DIRECTION('center_axis',(-1.,1.8487378981323E-13,-4.4316319366028E-13));
#5653=DIRECTION('ref_axis',(-1.8263818896888E-13,0.707106781186547,0.707106781186548));
#5654=DIRECTION('',(-1.8263818896888E-13,0.707106781186547,0.707106781186548));
#5655=DIRECTION('',(-1.8263818896888E-13,0.707106781186547,0.707106781186548));
#5656=DIRECTION('center_axis',(-4.76627034728481E-13,0.707106781186548,
0.707106781186547));
#5657=DIRECTION('ref_axis',(1.,2.52433174609398E-14,6.4880909924575E-13));
#5658=DIRECTION('',(1.,2.52433174609398E-14,6.4880909924575E-13));
#5659=DIRECTION('',(4.44089209850063E-13,0.707106781186547,-0.707106781186548));
#5660=DIRECTION('',(1.,2.52433174609398E-14,6.4880909924575E-13));
#5661=DIRECTION('',(4.44089209850063E-13,0.707106781186547,-0.707106781186548));
#5662=DIRECTION('center_axis',(1.,-1.8487378981323E-13,4.4316319366028E-13));
#5663=DIRECTION('ref_axis',(1.8263818896888E-13,-0.707106781186547,-0.707106781186548));
#5664=DIRECTION('',(1.8263818896888E-13,-0.707106781186547,-0.707106781186548));
#5665=DIRECTION('',(1.8263818896888E-13,-0.707106781186547,-0.707106781186548));
#5666=DIRECTION('',(4.44089209850063E-13,0.707106781186547,-0.707106781186548));
#5667=DIRECTION('center_axis',(1.8263818896888E-13,-0.707106781186548,-0.707106781186547));
#5668=DIRECTION('ref_axis',(-1.,1.8263818896888E-13,-4.4092759281593E-13));
#5669=DIRECTION('',(-1.,1.8263818896888E-13,-4.4092759281593E-13));
#5670=DIRECTION('',(-1.,1.8263818896888E-13,-4.4092759281593E-13));
#5671=DIRECTION('',(4.44089209850063E-13,0.707106781186547,-0.707106781186548));
#5672=DIRECTION('center_axis',(-1.,1.8487378981323E-13,-4.4316319366028E-13));
#5673=DIRECTION('ref_axis',(-1.8263818896888E-13,0.707106781186547,0.707106781186548));
#5674=DIRECTION('',(-1.8263818896888E-13,0.707106781186547,0.707106781186548));
#5675=DIRECTION('',(-1.8263818896888E-13,0.707106781186547,0.707106781186548));
#5676=DIRECTION('center_axis',(-4.76627034728481E-13,0.707106781186548,
0.707106781186547));
#5677=DIRECTION('ref_axis',(1.,2.52433174609398E-14,6.4880909924575E-13));
#5678=DIRECTION('',(1.,2.52433174609398E-14,6.4880909924575E-13));
#5679=DIRECTION('',(4.44089209850063E-13,0.707106781186547,-0.707106781186548));
#5680=DIRECTION('',(1.,2.52433174609398E-14,6.4880909924575E-13));
#5681=DIRECTION('',(4.44089209850063E-13,0.707106781186547,-0.707106781186548));
#5682=DIRECTION('center_axis',(1.,-1.8487378981323E-13,4.4316319366028E-13));
#5683=DIRECTION('ref_axis',(1.8263818896888E-13,-0.707106781186547,-0.707106781186548));
#5684=DIRECTION('',(1.8263818896888E-13,-0.707106781186547,-0.707106781186548));
#5685=DIRECTION('',(1.8263818896888E-13,-0.707106781186547,-0.707106781186548));
#5686=DIRECTION('',(4.44089209850063E-13,0.707106781186547,-0.707106781186548));
#5687=DIRECTION('center_axis',(1.8263818896888E-13,-0.707106781186548,-0.707106781186547));
#5688=DIRECTION('ref_axis',(-1.,1.8263818896888E-13,-4.4092759281593E-13));
#5689=DIRECTION('',(-1.,1.8263818896888E-13,-4.4092759281593E-13));
#5690=DIRECTION('',(-1.,1.8263818896888E-13,-4.4092759281593E-13));
#5691=DIRECTION('',(4.44089209850063E-13,0.707106781186547,-0.707106781186548));
#5692=DIRECTION('center_axis',(-1.,1.8487378981323E-13,-4.4316319366028E-13));
#5693=DIRECTION('ref_axis',(-1.8263818896888E-13,0.707106781186547,0.707106781186548));
#5694=DIRECTION('',(-1.8263818896888E-13,0.707106781186547,0.707106781186548));
#5695=DIRECTION('',(-1.8263818896888E-13,0.707106781186547,0.707106781186548));
#5696=DIRECTION('center_axis',(1.8263818896888E-13,-0.707106781186548,-0.707106781186547));
#5697=DIRECTION('ref_axis',(-1.,1.8263818896888E-13,-4.4092759281593E-13));
#5698=DIRECTION('',(-1.,1.8263818896888E-13,-4.4092759281593E-13));
#5699=DIRECTION('',(4.44089209850063E-13,0.707106781186547,-0.707106781186548));
#5700=DIRECTION('',(-1.,1.8263818896888E-13,-4.4092759281593E-13));
#5701=DIRECTION('',(4.44089209850063E-13,0.707106781186547,-0.707106781186548));
#5702=DIRECTION('center_axis',(-1.,1.8487378981323E-13,-4.4316319366028E-13));
#5703=DIRECTION('ref_axis',(-1.8263818896888E-13,0.707106781186547,0.707106781186548));
#5704=DIRECTION('',(-1.8263818896888E-13,0.707106781186547,0.707106781186548));
#5705=DIRECTION('',(-1.8263818896888E-13,0.707106781186547,0.707106781186548));
#5706=DIRECTION('',(4.44089209850063E-13,0.707106781186547,-0.707106781186548));
#5707=DIRECTION('center_axis',(-4.76627034728481E-13,0.707106781186548,
0.707106781186547));
#5708=DIRECTION('ref_axis',(1.,2.52433174609398E-14,6.4880909924575E-13));
#5709=DIRECTION('',(1.,2.52433174609398E-14,6.4880909924575E-13));
#5710=DIRECTION('',(1.,2.52433174609398E-14,6.4880909924575E-13));
#5711=DIRECTION('',(4.44089209850063E-13,0.707106781186547,-0.707106781186548));
#5712=DIRECTION('center_axis',(-1.,-3.56153556601489E-13,-9.84190540074999E-13));
#5713=DIRECTION('ref_axis',(-9.47766399883302E-13,0.707106781186547,0.707106781186548));
#5714=DIRECTION('',(-9.47766399883302E-13,0.707106781186547,0.707106781186548));
#5715=DIRECTION('',(-9.47766399883302E-13,0.707106781186547,0.707106781186548));
#5716=DIRECTION('',(4.44089209850063E-13,0.707106781186547,-0.707106781186548));
#5717=DIRECTION('center_axis',(9.50640630656519E-13,-0.707106781186548,
-0.707106781186547));
#5718=DIRECTION('ref_axis',(-1.,-3.60421545516275E-13,-9.83987327301086E-13));
#5719=DIRECTION('',(-1.,-3.60421545516275E-13,-9.83987327301086E-13));
#5720=DIRECTION('',(-1.,-3.60421545516276E-13,-9.83987327301086E-13));
#5721=DIRECTION('',(4.44089209850063E-13,0.707106781186547,-0.707106781186548));
#5722=DIRECTION('center_axis',(4.44089209850063E-13,0.707106781186547,-0.707106781186548));
#5723=DIRECTION('ref_axis',(0.999999999999721,5.28208981303616E-7,5.28209609340599E-7));
#5724=DIRECTION('center_axis',(4.4092759281593E-13,0.707106781186548,-0.707106781186547));
#5725=DIRECTION('ref_axis',(0.999999999999721,5.28208983539216E-7,5.28209607104998E-7));
#5726=DIRECTION('center_axis',(4.4092759281593E-13,0.707106781186548,-0.707106781186547));
#5727=DIRECTION('ref_axis',(0.999999999999721,5.28208983539216E-7,5.28209607104998E-7));
#5728=DIRECTION('',(4.44089209850063E-13,0.707106781186547,-0.707106781186548));
#5729=DIRECTION('center_axis',(1.,2.16805958625024E-14,6.49717579336013E-13));
#5730=DIRECTION('ref_axis',(4.74750202559144E-13,-0.707106781186547,-0.707106781186548));
#5731=DIRECTION('',(4.74750202559144E-13,-0.707106781186547,-0.707106781186548));
#5732=DIRECTION('',(4.74750202559144E-13,-0.707106781186547,-0.707106781186548));
#5733=DIRECTION('',(4.44089209850063E-13,0.707106781186547,-0.707106781186548));
#5734=DIRECTION('center_axis',(-4.76627034728481E-13,0.707106781186548,
0.707106781186547));
#5735=DIRECTION('ref_axis',(1.,2.52433174609398E-14,6.4880909924575E-13));
#5736=DIRECTION('',(1.,2.52433174609398E-14,6.4880909924575E-13));
#5737=DIRECTION('',(1.,2.52433174609398E-14,6.4880909924575E-13));
#5738=DIRECTION('',(4.44089209850063E-13,0.707106781186547,-0.707106781186548));
#5739=DIRECTION('center_axis',(1.,-1.8487378981323E-13,4.4316319366028E-13));
#5740=DIRECTION('ref_axis',(1.8263818896888E-13,-0.707106781186547,-0.707106781186548));
#5741=DIRECTION('',(1.8263818896888E-13,-0.707106781186547,-0.707106781186548));
#5742=DIRECTION('',(1.8263818896888E-13,-0.707106781186547,-0.707106781186548));
#5743=DIRECTION('',(4.44089209850063E-13,0.707106781186547,-0.707106781186548));
#5744=DIRECTION('center_axis',(1.8263818896888E-13,-0.707106781186548,-0.707106781186547));
#5745=DIRECTION('ref_axis',(-1.,1.8263818896888E-13,-4.4092759281593E-13));
#5746=DIRECTION('',(-1.,1.8263818896888E-13,-4.4092759281593E-13));
#5747=DIRECTION('',(-1.,1.8263818896888E-13,-4.4092759281593E-13));
#5748=DIRECTION('',(4.44089209850063E-13,0.707106781186547,-0.707106781186548));
#5749=DIRECTION('center_axis',(1.,2.16805958625024E-14,6.49717579336013E-13));
#5750=DIRECTION('ref_axis',(4.74750202559144E-13,-0.707106781186547,-0.707106781186548));
#5751=DIRECTION('',(4.74750202559144E-13,-0.707106781186547,-0.707106781186548));
#5752=DIRECTION('',(4.74750202559144E-13,-0.707106781186547,-0.707106781186548));
#5753=DIRECTION('',(4.44089209850063E-13,0.707106781186547,-0.707106781186548));
#5754=DIRECTION('center_axis',(4.44089209850063E-13,0.707106781186547,-0.707106781186548));
#5755=DIRECTION('ref_axis',(-7.47070737731746E-7,0.707106781186351,0.70710678118635));
#5756=DIRECTION('center_axis',(4.4092759281593E-13,0.707106781186548,-0.707106781186547));
#5757=DIRECTION('ref_axis',(-7.47070737731746E-7,0.70710678118635,0.70710678118635));
#5758=DIRECTION('center_axis',(4.4092759281593E-13,0.707106781186548,-0.707106781186547));
#5759=DIRECTION('ref_axis',(-7.47070737731746E-7,0.70710678118635,0.70710678118635));
#5760=DIRECTION('',(4.44089209850063E-13,0.707106781186547,-0.707106781186548));
#5761=DIRECTION('center_axis',(-1.8263818896888E-13,0.707106781186548,0.707106781186547));
#5762=DIRECTION('ref_axis',(1.,-1.8263818896888E-13,4.4092759281593E-13));
#5763=DIRECTION('',(1.,-1.8263818896888E-13,4.4092759281593E-13));
#5764=DIRECTION('',(1.,-1.8263818896888E-13,4.4092759281593E-13));
#5765=DIRECTION('',(4.44089209850063E-13,0.707106781186547,-0.707106781186548));
#5766=DIRECTION('center_axis',(-1.,1.50715233579016E-13,-4.77321749894494E-13));
#5767=DIRECTION('ref_axis',(-2.30945682466389E-13,0.707106781186547,0.707106781186548));
#5768=DIRECTION('',(-2.30945682466389E-13,0.707106781186547,0.707106781186548));
#5769=DIRECTION('',(-2.30945682466389E-13,0.707106781186547,0.707106781186548));
#5770=DIRECTION('center_axis',(4.4092759281593E-13,0.707106781186548,-0.707106781186547));
#5771=DIRECTION('ref_axis',(1.,-1.8263818896888E-13,4.4092759281593E-13));
#5772=DIRECTION('center_axis',(4.4092759281593E-13,0.707106781186548,-0.707106781186547));
#5773=DIRECTION('ref_axis',(1.,-1.8263818896888E-13,4.4092759281593E-13));
#5774=CARTESIAN_POINT('',(0.,0.,0.));
#5775=CARTESIAN_POINT('Origin',(106.952704322796,-123.254106233973,19.2500681046487));
#5776=CARTESIAN_POINT('',(107.248250432707,-123.77660780939,19.4937145906637));
#5777=CARTESIAN_POINT('',(106.657158212884,-123.776607809391,19.4937145906647));
#5778=CARTESIAN_POINT('',(106.476352236112,-123.776607809391,19.493714590665));
#5779=CARTESIAN_POINT('',(107.248250432707,-122.743159797816,19.0118098685617));
#5780=CARTESIAN_POINT('',(107.248250432707,-123.0761268957,19.1670749762182));
#5781=CARTESIAN_POINT('',(106.657158212885,-122.743159797816,19.0118098685622));
#5782=CARTESIAN_POINT('',(107.248250432707,-122.743159797816,19.0118098685617));
#5783=CARTESIAN_POINT('',(106.657158212884,-123.556259491372,19.390964482511));
#5784=CARTESIAN_POINT('Origin',(107.248250432707,-123.09671318841,18.6582564779684));
#5785=CARTESIAN_POINT('',(107.248250432707,-123.018931442552,18.7360382238256));
#5786=CARTESIAN_POINT('',(107.248250432707,-120.526191910197,16.2432986914703));
#5787=CARTESIAN_POINT('',(107.248250432707,-123.09671318841,18.6582564779684));
#5788=CARTESIAN_POINT('Origin',(106.657158212884,-123.894000147646,19.4555434372053));
#5789=CARTESIAN_POINT('',(106.657158212884,-123.018931442552,18.7360382238259));
#5790=CARTESIAN_POINT('',(106.657158212884,-120.924835389815,16.6419421710888));
#5791=CARTESIAN_POINT('',(106.657158212884,-123.096713188409,18.6582564779689));
#5792=CARTESIAN_POINT('Origin',(106.657158212884,-123.096713188409,18.6582564779689));
#5793=CARTESIAN_POINT('',(106.328579181149,-123.018931442552,18.7360382238261));
#5794=CARTESIAN_POINT('Origin',(117.619370989462,-123.254106233982,19.2500681046391));
#5795=CARTESIAN_POINT('',(117.914917099373,-123.776607809382,19.4937145906458));
#5796=CARTESIAN_POINT('',(117.323824879551,-123.776607809383,19.4937145906468));
#5797=CARTESIAN_POINT('',(111.809685569446,-123.776607809387,19.4937145906561));
#5798=CARTESIAN_POINT('',(117.914917099374,-122.743159797826,19.0118098685521));
#5799=CARTESIAN_POINT('',(117.914917099374,-123.076126895709,19.1670749762086));
#5800=CARTESIAN_POINT('',(117.323824879551,-122.743159797825,19.0118098685526));
#5801=CARTESIAN_POINT('',(117.914917099374,-122.743159797826,19.0118098685521));
#5802=CARTESIAN_POINT('',(117.323824879551,-123.556259491382,19.3909644825014));
#5803=CARTESIAN_POINT('Origin',(117.914917099373,-123.096713188419,18.6582564779588));
#5804=CARTESIAN_POINT('',(117.914917099373,-123.018931442557,18.7360382238209));
#5805=CARTESIAN_POINT('',(117.914917099373,-120.526191910202,16.2432986914655));
#5806=CARTESIAN_POINT('',(117.914917099373,-123.096713188419,18.6582564779588));
#5807=CARTESIAN_POINT('Origin',(117.323824879551,-123.894000147655,19.4555434371958));
#5808=CARTESIAN_POINT('',(117.323824879551,-123.018931442557,18.7360382238211));
#5809=CARTESIAN_POINT('',(117.323824879551,-120.92483538982,16.641942171084));
#5810=CARTESIAN_POINT('',(117.323824879551,-123.096713188419,18.6582564779594));
#5811=CARTESIAN_POINT('Origin',(117.323824879551,-123.096713188419,18.6582564779594));
#5812=CARTESIAN_POINT('',(111.661912514483,-123.018931442554,18.7360382238237));
#5813=CARTESIAN_POINT('Origin',(117.323824879551,-108.523242428301,33.2317272380766));
#5814=CARTESIAN_POINT('',(117.914917099373,-108.593953106401,33.1610165599771));
#5815=CARTESIAN_POINT('',(117.323824879551,-108.593953106401,33.161016559977));
#5816=CARTESIAN_POINT('',(160.661912365066,-108.593953106394,33.1610165599841));
#5817=CARTESIAN_POINT('',(117.914917099373,-108.876795818895,32.8781738474833));
#5818=CARTESIAN_POINT('',(117.914917099373,-108.523242428301,33.2317272380766));
#5819=CARTESIAN_POINT('',(117.323824879551,-108.876795818895,32.8781738474833));
#5820=CARTESIAN_POINT('',(117.914917099373,-108.876795818895,32.8781738474833));
#5821=CARTESIAN_POINT('',(117.323824879551,-108.523242428301,33.2317272380766));
#5822=CARTESIAN_POINT('Origin',(117.914917099373,-108.523242428301,33.2317272380766));
#5823=CARTESIAN_POINT('',(117.914917099373,-109.371057072235,33.9381205258112));
#5824=CARTESIAN_POINT('',(117.914917099373,-106.101213574061,30.6682770276371));
#5825=CARTESIAN_POINT('',(117.914917099373,-109.032060926551,33.2111409453664));
#5826=CARTESIAN_POINT('Origin',(117.323824879551,-109.320529387538,34.029014197313));
#5827=CARTESIAN_POINT('',(117.323824879551,-109.371057072235,33.9381205258108));
#5828=CARTESIAN_POINT('',(117.323824879551,-106.499857053679,31.0669205072552));
#5829=CARTESIAN_POINT('',(117.323824879551,-109.255950432843,33.6912735410396));
#5830=CARTESIAN_POINT('Origin',(117.619370989462,-109.115054054982,33.3891202836398));
#5831=CARTESIAN_POINT('',(160.809685420018,-109.371057072247,33.9381205258374));
#5832=CARTESIAN_POINT('Origin',(191.990491546217,-108.523242428301,33.2317272380766));
#5833=CARTESIAN_POINT('',(192.58158376604,-108.593953106389,33.1610165599893));
#5834=CARTESIAN_POINT('',(191.990491546217,-108.593953106389,33.1610165599892));
#5835=CARTESIAN_POINT('',(197.995245698399,-108.593953106388,33.1610165599902));
#5836=CARTESIAN_POINT('',(192.58158376604,-108.876795818895,32.8781738474833));
#5837=CARTESIAN_POINT('',(192.58158376604,-108.523242428301,33.2317272380766));
#5838=CARTESIAN_POINT('',(191.990491546217,-108.876795818895,32.8781738474833));
#5839=CARTESIAN_POINT('',(192.58158376604,-108.876795818895,32.8781738474833));
#5840=CARTESIAN_POINT('',(191.990491546217,-108.523242428301,33.2317272380766));
#5841=CARTESIAN_POINT('Origin',(192.58158376604,-108.523242428301,33.2317272380766));
#5842=CARTESIAN_POINT('',(192.58158376604,-109.371057072256,33.9381205258568));
#5843=CARTESIAN_POINT('',(192.58158376604,-106.101213574049,30.6682770276492));
#5844=CARTESIAN_POINT('',(192.58158376604,-109.032060926551,33.2111409453664));
#5845=CARTESIAN_POINT('Origin',(191.990491546217,-109.320529387538,34.029014197313));
#5846=CARTESIAN_POINT('',(191.990491546217,-109.371057072256,33.9381205258564));
#5847=CARTESIAN_POINT('',(191.990491546217,-106.499857053667,31.0669205072673));
#5848=CARTESIAN_POINT('',(191.990491546217,-109.255950432843,33.6912735410396));
#5849=CARTESIAN_POINT('Origin',(192.286037656129,-109.115054054982,33.3891202836398));
#5850=CARTESIAN_POINT('',(198.143018753352,-109.371057072258,33.9381205258602));
#5851=CARTESIAN_POINT('Origin',(181.323824879551,-108.523242428301,33.2317272380766));
#5852=CARTESIAN_POINT('',(181.914917099373,-108.593953106391,33.1610165599876));
#5853=CARTESIAN_POINT('',(181.323824879551,-108.593953106391,33.1610165599875));
#5854=CARTESIAN_POINT('',(192.661912365066,-108.593953106389,33.1610165599893));
#5855=CARTESIAN_POINT('',(181.914917099373,-108.876795818895,32.8781738474833));
#5856=CARTESIAN_POINT('',(181.914917099373,-108.523242428301,33.2317272380766));
#5857=CARTESIAN_POINT('',(181.323824879551,-108.876795818895,32.8781738474833));
#5858=CARTESIAN_POINT('',(181.914917099373,-108.876795818895,32.8781738474833));
#5859=CARTESIAN_POINT('',(181.323824879551,-108.523242428301,33.2317272380766));
#5860=CARTESIAN_POINT('Origin',(181.914917099373,-108.523242428301,33.2317272380766));
#5861=CARTESIAN_POINT('',(181.914917099373,-109.371057072253,33.9381205258503));
#5862=CARTESIAN_POINT('',(181.914917099373,-106.10121357405,30.6682770276475));
#5863=CARTESIAN_POINT('',(181.914917099373,-109.032060926551,33.2111409453664));
#5864=CARTESIAN_POINT('Origin',(181.323824879551,-109.320529387538,34.029014197313));
#5865=CARTESIAN_POINT('',(181.323824879551,-109.371057072253,33.9381205258499));
#5866=CARTESIAN_POINT('',(181.323824879551,-106.499857053669,31.0669205072656));
#5867=CARTESIAN_POINT('',(181.323824879551,-109.255950432843,33.6912735410396));
#5868=CARTESIAN_POINT('Origin',(181.619370989462,-109.115054054982,33.3891202836398));
#5869=CARTESIAN_POINT('',(192.809685420019,-109.371057072256,33.9381205258569));
#5870=CARTESIAN_POINT('Origin',(170.657158212884,-108.523242428301,33.2317272380766));
#5871=CARTESIAN_POINT('',(171.248250432707,-108.593953106392,33.1610165599858));
#5872=CARTESIAN_POINT('',(170.657158212884,-108.593953106392,33.1610165599857));
#5873=CARTESIAN_POINT('',(187.328579031732,-108.59395310639,33.1610165599884));
#5874=CARTESIAN_POINT('',(171.248250432707,-108.876795818895,32.8781738474833));
#5875=CARTESIAN_POINT('',(171.248250432707,-108.523242428301,33.2317272380766));
#5876=CARTESIAN_POINT('',(170.657158212884,-108.876795818895,32.8781738474833));
#5877=CARTESIAN_POINT('',(171.248250432707,-108.876795818895,32.8781738474833));
#5878=CARTESIAN_POINT('',(170.657158212884,-108.523242428301,33.2317272380766));
#5879=CARTESIAN_POINT('Origin',(171.248250432707,-108.523242428301,33.2317272380766));
#5880=CARTESIAN_POINT('',(171.248250432707,-109.37105707225,33.9381205258437));
#5881=CARTESIAN_POINT('',(171.248250432707,-106.101213574052,30.6682770276458));
#5882=CARTESIAN_POINT('',(171.248250432707,-109.032060926551,33.2111409453664));
#5883=CARTESIAN_POINT('Origin',(170.657158212884,-109.320529387538,34.029014197313));
#5884=CARTESIAN_POINT('',(170.657158212884,-109.37105707225,33.9381205258434));
#5885=CARTESIAN_POINT('',(170.657158212884,-106.49985705367,31.0669205072639));
#5886=CARTESIAN_POINT('',(170.657158212884,-109.255950432843,33.6912735410396));
#5887=CARTESIAN_POINT('Origin',(170.952704322795,-109.115054054982,33.3891202836398));
#5888=CARTESIAN_POINT('',(187.476352086685,-109.371057072255,33.9381205258537));
#5889=CARTESIAN_POINT('Origin',(159.990491546217,-108.523242428301,33.2317272380766));
#5890=CARTESIAN_POINT('',(160.58158376604,-108.593953106394,33.1610165599841));
#5891=CARTESIAN_POINT('',(159.990491546217,-108.593953106394,33.161016559984));
#5892=CARTESIAN_POINT('',(181.995245698399,-108.59395310639,33.1610165599876));
#5893=CARTESIAN_POINT('',(160.58158376604,-108.876795818895,32.8781738474833));
#5894=CARTESIAN_POINT('',(160.58158376604,-108.523242428301,33.2317272380766));
#5895=CARTESIAN_POINT('',(159.990491546217,-108.876795818895,32.8781738474833));
#5896=CARTESIAN_POINT('',(160.58158376604,-108.876795818895,32.8781738474833));
#5897=CARTESIAN_POINT('',(159.990491546217,-108.523242428301,33.2317272380766));
#5898=CARTESIAN_POINT('Origin',(160.58158376604,-108.523242428301,33.2317272380766));
#5899=CARTESIAN_POINT('',(160.58158376604,-109.371057072247,33.9381205258372));
#5900=CARTESIAN_POINT('',(160.58158376604,-106.101213574054,30.668277027644));
#5901=CARTESIAN_POINT('',(160.58158376604,-109.032060926551,33.2111409453664));
#5902=CARTESIAN_POINT('Origin',(159.990491546217,-109.320529387538,34.029014197313));
#5903=CARTESIAN_POINT('',(159.990491546217,-109.371057072247,33.9381205258369));
#5904=CARTESIAN_POINT('',(159.990491546217,-106.499857053672,31.0669205072621));
#5905=CARTESIAN_POINT('',(159.990491546217,-109.255950432843,33.6912735410396));
#5906=CARTESIAN_POINT('Origin',(160.286037656129,-109.115054054982,33.3891202836398));
#5907=CARTESIAN_POINT('',(182.143018753352,-109.371057072253,33.9381205258504));
#5908=CARTESIAN_POINT('Origin',(149.323824879551,-108.523242428301,33.2317272380766));
#5909=CARTESIAN_POINT('',(149.914917099373,-108.593953106396,33.1610165599823));
#5910=CARTESIAN_POINT('',(149.323824879551,-108.593953106396,33.1610165599823));
#5911=CARTESIAN_POINT('',(176.661912365066,-108.593953106391,33.1610165599867));
#5912=CARTESIAN_POINT('',(149.914917099373,-108.876795818895,32.8781738474833));
#5913=CARTESIAN_POINT('',(149.914917099373,-108.523242428301,33.2317272380766));
#5914=CARTESIAN_POINT('',(149.323824879551,-108.876795818895,32.8781738474833));
#5915=CARTESIAN_POINT('',(149.914917099373,-108.876795818895,32.8781738474833));
#5916=CARTESIAN_POINT('',(149.323824879551,-108.523242428301,33.2317272380766));
#5917=CARTESIAN_POINT('Origin',(149.914917099373,-108.523242428301,33.2317272380766));
#5918=CARTESIAN_POINT('',(149.914917099373,-109.371057072244,33.9381205258307));
#5919=CARTESIAN_POINT('',(149.914917099373,-106.101213574056,30.6682770276423));
#5920=CARTESIAN_POINT('',(149.914917099373,-109.032060926551,33.2111409453664));
#5921=CARTESIAN_POINT('Origin',(149.323824879551,-109.320529387538,34.029014197313));
#5922=CARTESIAN_POINT('',(149.323824879551,-109.371057072244,33.9381205258304));
#5923=CARTESIAN_POINT('',(149.323824879551,-106.499857053674,31.0669205072604));
#5924=CARTESIAN_POINT('',(149.323824879551,-109.255950432843,33.6912735410396));
#5925=CARTESIAN_POINT('Origin',(149.619370989462,-109.115054054982,33.3891202836398));
#5926=CARTESIAN_POINT('',(176.809685420018,-109.371057072252,33.9381205258471));
#5927=CARTESIAN_POINT('Origin',(202.952704322796,-123.254106234059,19.2500681045627));
#5928=CARTESIAN_POINT('',(203.248250432707,-123.776607809315,19.4937145905025));
#5929=CARTESIAN_POINT('',(202.657158212884,-123.776607809316,19.4937145905035));
#5930=CARTESIAN_POINT('',(154.476352236113,-123.776607809354,19.4937145905844));
#5931=CARTESIAN_POINT('',(203.248250432707,-122.743159797902,19.0118098684756));
#5932=CARTESIAN_POINT('',(203.248250432707,-123.076126895786,19.1670749761322));
#5933=CARTESIAN_POINT('',(202.657158212885,-122.743159797902,19.0118098684762));
#5934=CARTESIAN_POINT('',(203.248250432707,-122.743159797902,19.0118098684756));
#5935=CARTESIAN_POINT('',(202.657158212884,-123.556259491458,19.3909644824249));
#5936=CARTESIAN_POINT('Origin',(203.248250432707,-123.096713188496,18.6582564778824));
#5937=CARTESIAN_POINT('',(203.248250432707,-123.018931442595,18.7360382237826));
#5938=CARTESIAN_POINT('',(203.248250432707,-120.52619191024,16.2432986914273));
#5939=CARTESIAN_POINT('',(203.248250432707,-123.096713188496,18.6582564778824));
#5940=CARTESIAN_POINT('Origin',(202.657158212884,-123.894000147732,19.4555434371193));
#5941=CARTESIAN_POINT('',(202.657158212884,-123.018931442595,18.7360382237829));
#5942=CARTESIAN_POINT('',(202.657158212884,-120.924835389858,16.6419421710457));
#5943=CARTESIAN_POINT('',(202.657158212884,-123.096713188495,18.6582564778829));
#5944=CARTESIAN_POINT('Origin',(202.657158212884,-123.096713188495,18.6582564778829));
#5945=CARTESIAN_POINT('',(154.328579181149,-123.018931442574,18.7360382238045));
#5946=CARTESIAN_POINT('Origin',(192.286037656129,-123.254106234049,19.2500681045722));
#5947=CARTESIAN_POINT('',(192.58158376604,-123.776607809324,19.4937145905204));
#5948=CARTESIAN_POINT('',(191.990491546217,-123.776607809324,19.4937145905214));
#5949=CARTESIAN_POINT('',(149.143018902779,-123.776607809358,19.4937145905934));
#5950=CARTESIAN_POINT('',(192.581583766041,-122.743159797893,19.0118098684852));
#5951=CARTESIAN_POINT('',(192.58158376604,-123.076126895776,19.1670749761417));
#5952=CARTESIAN_POINT('',(191.990491546218,-122.743159797892,19.0118098684857));
#5953=CARTESIAN_POINT('',(192.581583766041,-122.743159797893,19.0118098684852));
#5954=CARTESIAN_POINT('',(191.990491546218,-123.556259491449,19.3909644824345));
#5955=CARTESIAN_POINT('Origin',(192.58158376604,-123.096713188486,18.6582564778919));
#5956=CARTESIAN_POINT('',(192.58158376604,-123.018931442591,18.7360382237874));
#5957=CARTESIAN_POINT('',(192.58158376604,-120.526191910235,16.243298691432));
#5958=CARTESIAN_POINT('',(192.58158376604,-123.096713188486,18.6582564778919));
#5959=CARTESIAN_POINT('Origin',(191.990491546217,-123.894000147722,19.4555434371289));
#5960=CARTESIAN_POINT('',(191.990491546218,-123.01893144259,18.7360382237877));
#5961=CARTESIAN_POINT('',(191.990491546218,-120.924835389853,16.6419421710505));
#5962=CARTESIAN_POINT('',(191.990491546217,-123.096713188486,18.6582564778924));
#5963=CARTESIAN_POINT('Origin',(191.990491546217,-123.096713188486,18.6582564778924));
#5964=CARTESIAN_POINT('',(148.995245847816,-123.018931442571,18.7360382238069));
#5965=CARTESIAN_POINT('Origin',(181.619370989462,-123.25410623404,19.2500681045818));
#5966=CARTESIAN_POINT('',(181.914917099373,-123.776607809332,19.4937145905383));
#5967=CARTESIAN_POINT('',(181.323824879551,-123.776607809332,19.4937145905393));
#5968=CARTESIAN_POINT('',(143.809685569446,-123.776607809362,19.4937145906023));
#5969=CARTESIAN_POINT('',(181.914917099374,-122.743159797883,19.0118098684947));
#5970=CARTESIAN_POINT('',(181.914917099374,-123.076126895766,19.1670749761513));
#5971=CARTESIAN_POINT('',(181.323824879551,-122.743159797883,19.0118098684953));
#5972=CARTESIAN_POINT('',(181.914917099374,-122.743159797883,19.0118098684947));
#5973=CARTESIAN_POINT('',(181.323824879551,-123.556259491439,19.390964482444));
#5974=CARTESIAN_POINT('Origin',(181.914917099373,-123.096713188477,18.6582564779015));
#5975=CARTESIAN_POINT('',(181.914917099373,-123.018931442586,18.7360382237922));
#5976=CARTESIAN_POINT('',(181.914917099373,-120.526191910231,16.2432986914368));
#5977=CARTESIAN_POINT('',(181.914917099373,-123.096713188477,18.6582564779015));
#5978=CARTESIAN_POINT('Origin',(181.323824879551,-123.894000147712,19.4555434371384));
#5979=CARTESIAN_POINT('',(181.323824879551,-123.018931442586,18.7360382237924));
#5980=CARTESIAN_POINT('',(181.323824879551,-120.924835389848,16.6419421710553));
#5981=CARTESIAN_POINT('',(181.323824879551,-123.096713188476,18.658256477902));
#5982=CARTESIAN_POINT('Origin',(181.323824879551,-123.096713188476,18.658256477902));
#5983=CARTESIAN_POINT('',(143.661912514483,-123.018931442569,18.7360382238093));
#5984=CARTESIAN_POINT('Origin',(170.952704322796,-123.25410623403,19.2500681045913));
#5985=CARTESIAN_POINT('',(171.248250432707,-123.77660780934,19.4937145905563));
#5986=CARTESIAN_POINT('',(170.657158212884,-123.776607809341,19.4937145905572));
#5987=CARTESIAN_POINT('',(138.476352236113,-123.776607809366,19.4937145906113));
#5988=CARTESIAN_POINT('',(171.248250432707,-122.743159797874,19.0118098685043));
#5989=CARTESIAN_POINT('',(171.248250432707,-123.076126895757,19.1670749761608));
#5990=CARTESIAN_POINT('',(170.657158212885,-122.743159797873,19.0118098685048));
#5991=CARTESIAN_POINT('',(171.248250432707,-122.743159797874,19.0118098685043));
#5992=CARTESIAN_POINT('',(170.657158212884,-123.556259491429,19.3909644824536));
#5993=CARTESIAN_POINT('Origin',(171.248250432707,-123.096713188467,18.658256477911));
#5994=CARTESIAN_POINT('',(171.248250432707,-123.018931442581,18.736038223797));
#5995=CARTESIAN_POINT('',(171.248250432707,-120.526191910226,16.2432986914416));
#5996=CARTESIAN_POINT('',(171.248250432707,-123.096713188467,18.658256477911));
#5997=CARTESIAN_POINT('Origin',(170.657158212884,-123.894000147703,19.455543437148));
#5998=CARTESIAN_POINT('',(170.657158212884,-123.018931442581,18.7360382237972));
#5999=CARTESIAN_POINT('',(170.657158212884,-120.924835389844,16.6419421710601));
#6000=CARTESIAN_POINT('',(170.657158212884,-123.096713188466,18.6582564779116));
#6001=CARTESIAN_POINT('Origin',(170.657158212884,-123.096713188466,18.6582564779116));
#6002=CARTESIAN_POINT('',(138.328579181149,-123.018931442566,18.7360382238117));
#6003=CARTESIAN_POINT('Origin',(160.286037656129,-123.25410623402,19.2500681046009));
#6004=CARTESIAN_POINT('',(160.58158376604,-123.776607809349,19.4937145905742));
#6005=CARTESIAN_POINT('',(159.990491546217,-123.776607809349,19.4937145905752));
#6006=CARTESIAN_POINT('',(133.143018902779,-123.77660780937,19.4937145906202));
#6007=CARTESIAN_POINT('',(160.581583766041,-122.743159797864,19.0118098685139));
#6008=CARTESIAN_POINT('',(160.58158376604,-123.076126895747,19.1670749761704));
#6009=CARTESIAN_POINT('',(159.990491546218,-122.743159797864,19.0118098685144));
#6010=CARTESIAN_POINT('',(160.581583766041,-122.743159797864,19.0118098685139));
#6011=CARTESIAN_POINT('',(159.990491546218,-123.55625949142,19.3909644824632));
#6012=CARTESIAN_POINT('Origin',(160.58158376604,-123.096713188457,18.6582564779206));
#6013=CARTESIAN_POINT('',(160.58158376604,-123.018931442576,18.7360382238017));
#6014=CARTESIAN_POINT('',(160.58158376604,-120.526191910221,16.2432986914464));
#6015=CARTESIAN_POINT('',(160.58158376604,-123.096713188457,18.6582564779206));
#6016=CARTESIAN_POINT('Origin',(159.990491546217,-123.894000147693,19.4555434371575));
#6017=CARTESIAN_POINT('',(159.990491546217,-123.018931442576,18.736038223802));
#6018=CARTESIAN_POINT('',(159.990491546217,-120.924835389839,16.6419421710649));
#6019=CARTESIAN_POINT('',(159.990491546217,-123.096713188457,18.6582564779211));
#6020=CARTESIAN_POINT('Origin',(159.990491546217,-123.096713188457,18.6582564779211));
#6021=CARTESIAN_POINT('',(132.995245847816,-123.018931442564,18.7360382238141));
#6022=CARTESIAN_POINT('Origin',(149.619370989462,-123.254106234011,19.2500681046105));
#6023=CARTESIAN_POINT('',(149.914917099373,-123.776607809357,19.4937145905921));
#6024=CARTESIAN_POINT('',(149.323824879551,-123.776607809358,19.4937145905931));
#6025=CARTESIAN_POINT('',(127.809685569446,-123.776607809374,19.4937145906292));
#6026=CARTESIAN_POINT('',(149.914917099374,-122.743159797855,19.0118098685234));
#6027=CARTESIAN_POINT('',(149.914917099374,-123.076126895738,19.16707497618));
#6028=CARTESIAN_POINT('',(149.323824879551,-122.743159797854,19.011809868524));
#6029=CARTESIAN_POINT('',(149.914917099374,-122.743159797855,19.0118098685234));
#6030=CARTESIAN_POINT('',(149.323824879551,-123.55625949141,19.3909644824727));
#6031=CARTESIAN_POINT('Origin',(149.914917099373,-123.096713188448,18.6582564779302));
#6032=CARTESIAN_POINT('',(149.914917099373,-123.018931442572,18.7360382238065));
#6033=CARTESIAN_POINT('',(149.914917099373,-120.526191910216,16.2432986914512));
#6034=CARTESIAN_POINT('',(149.914917099373,-123.096713188448,18.6582564779302));
#6035=CARTESIAN_POINT('Origin',(149.323824879551,-123.894000147684,19.4555434371671));
#6036=CARTESIAN_POINT('',(149.323824879551,-123.018931442571,18.7360382238068));
#6037=CARTESIAN_POINT('',(149.323824879551,-120.924835389834,16.6419421710696));
#6038=CARTESIAN_POINT('',(149.323824879551,-123.096713188447,18.6582564779307));
#6039=CARTESIAN_POINT('Origin',(149.323824879551,-123.096713188447,18.6582564779307));
#6040=CARTESIAN_POINT('',(127.661912514483,-123.018931442562,18.7360382238165));
#6041=CARTESIAN_POINT('Origin',(138.952704322796,-123.254106234001,19.25006810462));
#6042=CARTESIAN_POINT('',(139.248250432707,-123.776607809365,19.49371459061));
#6043=CARTESIAN_POINT('',(138.657158212884,-123.776607809366,19.493714590611));
#6044=CARTESIAN_POINT('',(122.476352236112,-123.776607809379,19.4937145906382));
#6045=CARTESIAN_POINT('',(139.248250432707,-122.743159797845,19.011809868533));
#6046=CARTESIAN_POINT('',(139.248250432707,-123.076126895728,19.1670749761895));
#6047=CARTESIAN_POINT('',(138.657158212885,-122.743159797845,19.0118098685335));
#6048=CARTESIAN_POINT('',(139.248250432707,-122.743159797845,19.011809868533));
#6049=CARTESIAN_POINT('',(138.657158212884,-123.556259491401,19.3909644824823));
#6050=CARTESIAN_POINT('Origin',(139.248250432707,-123.096713188438,18.6582564779397));
#6051=CARTESIAN_POINT('',(139.248250432707,-123.018931442567,18.7360382238113));
#6052=CARTESIAN_POINT('',(139.248250432707,-120.526191910211,16.243298691456));
#6053=CARTESIAN_POINT('',(139.248250432707,-123.096713188438,18.6582564779397));
#6054=CARTESIAN_POINT('Origin',(138.657158212884,-123.894000147674,19.4555434371767));
#6055=CARTESIAN_POINT('',(138.657158212884,-123.018931442566,18.7360382238116));
#6056=CARTESIAN_POINT('',(138.657158212884,-120.924835389829,16.6419421710744));
#6057=CARTESIAN_POINT('',(138.657158212884,-123.096713188438,18.6582564779402));
#6058=CARTESIAN_POINT('Origin',(138.657158212884,-123.096713188438,18.6582564779402));
#6059=CARTESIAN_POINT('',(122.328579181149,-123.018931442559,18.7360382238189));
#6060=CARTESIAN_POINT('Origin',(128.286037656129,-123.254106233992,19.2500681046296));
#6061=CARTESIAN_POINT('',(128.58158376604,-123.776607809374,19.4937145906279));
#6062=CARTESIAN_POINT('',(127.990491546217,-123.776607809374,19.4937145906289));
#6063=CARTESIAN_POINT('',(117.143018902779,-123.776607809383,19.4937145906471));
#6064=CARTESIAN_POINT('',(128.58158376604,-122.743159797836,19.0118098685425));
#6065=CARTESIAN_POINT('',(128.58158376604,-123.076126895719,19.1670749761991));
#6066=CARTESIAN_POINT('',(127.990491546218,-122.743159797835,19.0118098685431));
#6067=CARTESIAN_POINT('',(128.58158376604,-122.743159797836,19.0118098685425));
#6068=CARTESIAN_POINT('',(127.990491546218,-123.556259491391,19.3909644824918));
#6069=CARTESIAN_POINT('Origin',(128.58158376604,-123.096713188429,18.6582564779493));
#6070=CARTESIAN_POINT('',(128.58158376604,-123.018931442562,18.7360382238161));
#6071=CARTESIAN_POINT('',(128.58158376604,-120.526191910207,16.2432986914607));
#6072=CARTESIAN_POINT('',(128.58158376604,-123.096713188429,18.6582564779493));
#6073=CARTESIAN_POINT('Origin',(127.990491546217,-123.894000147665,19.4555434371862));
#6074=CARTESIAN_POINT('',(127.990491546217,-123.018931442562,18.7360382238163));
#6075=CARTESIAN_POINT('',(127.990491546217,-120.924835389825,16.6419421710792));
#6076=CARTESIAN_POINT('',(127.990491546217,-123.096713188428,18.6582564779498));
#6077=CARTESIAN_POINT('Origin',(127.990491546217,-123.096713188428,18.6582564779498));
#6078=CARTESIAN_POINT('',(116.995245847816,-123.018931442557,18.7360382238213));
#6079=CARTESIAN_POINT('Origin',(202.657158212884,-108.523242428301,33.2317272380766));
#6080=CARTESIAN_POINT('',(203.248250432707,-108.593953106387,33.161016559991));
#6081=CARTESIAN_POINT('',(202.657158212884,-108.593953106387,33.1610165599909));
#6082=CARTESIAN_POINT('',(203.328579031732,-108.593953106387,33.161016559991));
#6083=CARTESIAN_POINT('',(203.248250432707,-108.876795818895,32.8781738474833));
#6084=CARTESIAN_POINT('',(203.248250432707,-108.523242428301,33.2317272380766));
#6085=CARTESIAN_POINT('',(202.657158212884,-108.876795818895,32.8781738474833));
#6086=CARTESIAN_POINT('',(203.248250432707,-108.876795818895,32.8781738474833));
#6087=CARTESIAN_POINT('',(202.657158212884,-108.523242428301,33.2317272380766));
#6088=CARTESIAN_POINT('Origin',(203.248250432707,-108.523242428301,33.2317272380766));
#6089=CARTESIAN_POINT('',(203.248250432707,-109.371057072259,33.9381205258633));
#6090=CARTESIAN_POINT('',(203.248250432707,-106.101213574047,30.668277027651));
#6091=CARTESIAN_POINT('',(203.248250432707,-109.032060926551,33.2111409453664));
#6092=CARTESIAN_POINT('Origin',(202.657158212884,-109.320529387538,34.029014197313));
#6093=CARTESIAN_POINT('',(202.657158212884,-109.371057072259,33.9381205258629));
#6094=CARTESIAN_POINT('',(202.657158212884,-106.499857053665,31.0669205072691));
#6095=CARTESIAN_POINT('',(202.657158212884,-109.255950432843,33.6912735410396));
#6096=CARTESIAN_POINT('Origin',(202.952704322795,-109.115054054982,33.3891202836398));
#6097=CARTESIAN_POINT('',(203.476352086685,-109.371057072259,33.9381205258634));
#6098=CARTESIAN_POINT('Origin',(138.657158212884,-108.523242428301,33.2317272380766));
#6099=CARTESIAN_POINT('',(139.248250432707,-108.593953106397,33.1610165599806));
#6100=CARTESIAN_POINT('',(138.657158212884,-108.593953106398,33.1610165599805));
#6101=CARTESIAN_POINT('',(171.328579031732,-108.593953106392,33.1610165599858));
#6102=CARTESIAN_POINT('',(139.248250432707,-108.876795818895,32.8781738474833));
#6103=CARTESIAN_POINT('',(139.248250432707,-108.523242428301,33.2317272380766));
#6104=CARTESIAN_POINT('',(138.657158212884,-108.876795818895,32.8781738474833));
#6105=CARTESIAN_POINT('',(139.248250432707,-108.876795818895,32.8781738474833));
#6106=CARTESIAN_POINT('',(138.657158212884,-108.523242428301,33.2317272380766));
#6107=CARTESIAN_POINT('Origin',(139.248250432707,-108.523242428301,33.2317272380766));
#6108=CARTESIAN_POINT('',(139.248250432707,-109.371057072241,33.9381205258242));
#6109=CARTESIAN_POINT('',(139.248250432707,-106.101213574057,30.6682770276405));
#6110=CARTESIAN_POINT('',(139.248250432707,-109.032060926551,33.2111409453664));
#6111=CARTESIAN_POINT('Origin',(138.657158212884,-109.320529387538,34.029014197313));
#6112=CARTESIAN_POINT('',(138.657158212884,-109.371057072241,33.9381205258238));
#6113=CARTESIAN_POINT('',(138.657158212884,-106.499857053676,31.0669205072586));
#6114=CARTESIAN_POINT('',(138.657158212884,-109.255950432843,33.6912735410396));
#6115=CARTESIAN_POINT('Origin',(138.952704322795,-109.115054054982,33.3891202836398));
#6116=CARTESIAN_POINT('',(171.476352086685,-109.37105707225,33.9381205258439));
#6117=CARTESIAN_POINT('Origin',(127.990491546217,-108.523242428301,33.2317272380766));
#6118=CARTESIAN_POINT('',(128.58158376604,-108.593953106399,33.1610165599789));
#6119=CARTESIAN_POINT('',(127.990491546217,-108.593953106399,33.1610165599788));
#6120=CARTESIAN_POINT('',(165.995245698399,-108.593953106393,33.161016559985));
#6121=CARTESIAN_POINT('',(128.58158376604,-108.876795818895,32.8781738474833));
#6122=CARTESIAN_POINT('',(128.58158376604,-108.523242428301,33.2317272380766));
#6123=CARTESIAN_POINT('',(127.990491546217,-108.876795818895,32.8781738474833));
#6124=CARTESIAN_POINT('',(128.58158376604,-108.876795818895,32.8781738474833));
#6125=CARTESIAN_POINT('',(127.990491546217,-108.523242428301,33.2317272380766));
#6126=CARTESIAN_POINT('Origin',(128.58158376604,-108.523242428301,33.2317272380766));
#6127=CARTESIAN_POINT('',(128.58158376604,-109.371057072238,33.9381205258177));
#6128=CARTESIAN_POINT('',(128.58158376604,-106.101213574059,30.6682770276388));
#6129=CARTESIAN_POINT('',(128.58158376604,-109.032060926551,33.2111409453664));
#6130=CARTESIAN_POINT('Origin',(127.990491546217,-109.320529387538,34.029014197313));
#6131=CARTESIAN_POINT('',(127.990491546217,-109.371057072238,33.9381205258173));
#6132=CARTESIAN_POINT('',(127.990491546217,-106.499857053677,31.0669205072569));
#6133=CARTESIAN_POINT('',(127.990491546217,-109.255950432843,33.6912735410396));
#6134=CARTESIAN_POINT('Origin',(128.286037656129,-109.115054054982,33.3891202836398));
#6135=CARTESIAN_POINT('',(166.143018753352,-109.371057072249,33.9381205258406));
#6136=CARTESIAN_POINT('Origin',(106.657158212884,-108.523242428301,33.2317272380766));
#6137=CARTESIAN_POINT('',(107.248250432707,-108.593953106403,33.1610165599754));
#6138=CARTESIAN_POINT('',(106.657158212884,-108.593953106403,33.1610165599753));
#6139=CARTESIAN_POINT('',(155.328579031732,-108.593953106395,33.1610165599832));
#6140=CARTESIAN_POINT('',(107.248250432707,-108.876795818895,32.8781738474833));
#6141=CARTESIAN_POINT('',(107.248250432707,-108.523242428301,33.2317272380766));
#6142=CARTESIAN_POINT('',(106.657158212884,-108.876795818895,32.8781738474833));
#6143=CARTESIAN_POINT('',(107.248250432707,-108.876795818895,32.8781738474833));
#6144=CARTESIAN_POINT('',(106.657158212884,-108.523242428301,33.2317272380766));
#6145=CARTESIAN_POINT('Origin',(107.248250432707,-108.523242428301,33.2317272380766));
#6146=CARTESIAN_POINT('',(107.248250432707,-109.371057072232,33.9381205258046));
#6147=CARTESIAN_POINT('',(107.248250432707,-106.101213574063,30.6682770276353));
#6148=CARTESIAN_POINT('',(107.248250432707,-109.032060926551,33.2111409453664));
#6149=CARTESIAN_POINT('Origin',(106.657158212884,-109.320529387538,34.029014197313));
#6150=CARTESIAN_POINT('',(106.657158212884,-109.371057072232,33.9381205258043));
#6151=CARTESIAN_POINT('',(106.657158212884,-106.499857053681,31.0669205072534));
#6152=CARTESIAN_POINT('',(106.657158212884,-109.255950432843,33.6912735410396));
#6153=CARTESIAN_POINT('Origin',(106.952704322795,-109.115054054982,33.3891202836398));
#6154=CARTESIAN_POINT('',(155.476352086685,-109.371057072246,33.9381205258341));
#6155=CARTESIAN_POINT('Origin',(155.000000000035,-104.999999999995,10.7099999999995));
#6156=CARTESIAN_POINT('',(104.8,-114.,10.7099999999999));
#6157=CARTESIAN_POINT('',(105.025320201683,-114.69999999992,10.7099999999999));
#6158=CARTESIAN_POINT('Origin',(105.99999925292,-114.000000747,10.7099999999999));
#6159=CARTESIAN_POINT('',(106.466969606664,-114.699999999919,10.7099999999999));
#6160=CARTESIAN_POINT('',(101.521343453024,-114.699999999923,10.7099999999999));
#6161=CARTESIAN_POINT('',(106.466969524269,-115.19999999992,10.7099999999999));
#6162=CARTESIAN_POINT('',(106.466970405898,-109.850001305922,10.7099999999999));
#6163=CARTESIAN_POINT('',(204.,-115.199999999997,10.7099999999995));
#6164=CARTESIAN_POINT('',(106.000000149416,-115.19999999992,10.7099999999999));
#6165=CARTESIAN_POINT('',(205.20000000007,-113.999999850597,10.7099999999995));
#6166=CARTESIAN_POINT('Origin',(204.00000074707,-114.000000746997,10.7099999999995));
#6167=CARTESIAN_POINT('',(205.199999999994,-95.9999999999965,10.7099999999993));
#6168=CARTESIAN_POINT('',(205.200000000064,-111.092462067353,10.7099999999995));
#6169=CARTESIAN_POINT('',(203.999999850585,-94.7999999999927,10.7099999999993));
#6170=CARTESIAN_POINT('Origin',(204.00000074707,-95.9999992529174,10.7099999999993));
#6171=CARTESIAN_POINT('',(106.,-94.7999999999997,10.7099999999997));
#6172=CARTESIAN_POINT('',(203.999999850585,-94.7999999999927,10.7099999999993));
#6173=CARTESIAN_POINT('',(104.8,-96.0000001494158,10.7099999999997));
#6174=CARTESIAN_POINT('Origin',(105.99999925292,-95.9999992529197,10.7099999999997));
#6175=CARTESIAN_POINT('',(104.800000000002,-104.728501142377,10.7099999999995));
#6176=CARTESIAN_POINT('Origin',(204.00000074707,-114.000000746997,10.7099999999995));
#6177=CARTESIAN_POINT('',(205.70000000007,-113.999999477097,10.7099999999995));
#6178=CARTESIAN_POINT('',(203.999999999999,-115.7,10.71));
#6179=CARTESIAN_POINT('Origin',(204.00000074707,-114.000000746997,10.7099999999995));
#6180=CARTESIAN_POINT('',(203.999999999999,-115.7,9.21));
#6181=CARTESIAN_POINT('',(203.999999999999,-115.7,10.71));
#6182=CARTESIAN_POINT('',(205.70000000007,-113.999999477097,9.20999999999949));
#6183=CARTESIAN_POINT('Origin',(204.00000074707,-114.000000746997,9.20999999999948));
#6184=CARTESIAN_POINT('',(205.70000000007,-113.999999477097,10.7099999999995));
#6185=CARTESIAN_POINT('Origin',(204.00000074707,-95.9999992529174,10.7099999999993));
#6186=CARTESIAN_POINT('',(203.99999947705,-94.2999999999929,10.7099999999993));
#6187=CARTESIAN_POINT('',(205.699999999994,-95.9999999999945,10.7099999999993));
#6188=CARTESIAN_POINT('Origin',(204.00000074707,-95.9999992529174,10.7099999999993));
#6189=CARTESIAN_POINT('',(205.699999999994,-95.9999999999945,9.20999999999929));
#6190=CARTESIAN_POINT('',(205.699999999994,-95.9999999999945,10.7099999999993));
#6191=CARTESIAN_POINT('',(203.99999947705,-94.2999999999929,9.20999999999927));
#6192=CARTESIAN_POINT('Origin',(204.00000074707,-95.9999992529174,9.20999999999929));
#6193=CARTESIAN_POINT('',(203.99999947705,-94.2999999999929,10.7099999999993));
#6194=CARTESIAN_POINT('Origin',(106.,-94.2999999999997,10.7099999999997));
#6195=CARTESIAN_POINT('',(106.,-94.2999999999997,10.7099999999997));
#6196=CARTESIAN_POINT('',(203.99999947705,-94.2999999999929,10.7099999999993));
#6197=CARTESIAN_POINT('',(106.,-94.2999999999997,9.20999999999968));
#6198=CARTESIAN_POINT('',(203.99999947705,-94.2999999999929,9.20999999999927));
#6199=CARTESIAN_POINT('',(106.,-94.2999999999997,10.7099999999997));
#6200=CARTESIAN_POINT('Origin',(105.99999925292,-95.9999992529197,10.7099999999997));
#6201=CARTESIAN_POINT('',(104.3,-96.0000005229561,10.7099999999997));
#6202=CARTESIAN_POINT('Origin',(105.99999925292,-95.9999992529197,10.7099999999997));
#6203=CARTESIAN_POINT('',(104.3,-96.0000005229562,9.2099999999997));
#6204=CARTESIAN_POINT('Origin',(105.99999925292,-95.9999992529197,9.2099999999997));
#6205=CARTESIAN_POINT('',(104.3,-96.0000005229561,10.7099999999997));
#6206=CARTESIAN_POINT('Origin',(105.99999925292,-114.000000747,10.7099999999999));
#6207=CARTESIAN_POINT('',(104.450806396675,-114.699999999921,10.7099999999999));
#6208=CARTESIAN_POINT('',(104.3,-114.,10.7099999999999));
#6209=CARTESIAN_POINT('Origin',(105.99999925292,-114.000000747,10.7099999999999));
#6210=CARTESIAN_POINT('',(104.3,-114.,9.2099999999999));
#6211=CARTESIAN_POINT('',(104.3,-114.,10.7099999999999));
#6212=CARTESIAN_POINT('',(104.450806396675,-114.699999999921,9.20999999999992));
#6213=CARTESIAN_POINT('Origin',(105.99999925292,-114.000000747,9.20999999999991));
#6214=CARTESIAN_POINT('',(104.450806396675,-114.699999999921,10.7099999999999));
#6215=CARTESIAN_POINT('Origin',(91.2766239130716,-114.69999999993,10.71));
#6216=CARTESIAN_POINT('',(91.2766239130716,-114.69999999993,10.71));
#6217=CARTESIAN_POINT('',(101.521343453024,-114.699999999923,10.7099999999999));
#6218=CARTESIAN_POINT('',(91.2766239130716,-114.69999999993,9.20999999999998));
#6219=CARTESIAN_POINT('',(101.521343453024,-114.699999999923,9.20999999999993));
#6220=CARTESIAN_POINT('',(91.2766239130716,-114.69999999993,10.71));
#6221=CARTESIAN_POINT('Origin',(91.2766239130722,-114.18999999993,10.7099999999999));
#6222=CARTESIAN_POINT('',(90.7666239130722,-114.18999999993,10.71));
#6223=CARTESIAN_POINT('Origin',(91.2766239130722,-114.18999999993,10.7099999999999));
#6224=CARTESIAN_POINT('',(90.7666239130722,-114.18999999993,9.20999999999997));
#6225=CARTESIAN_POINT('Origin',(91.2766239130722,-114.18999999993,9.20999999999994));
#6226=CARTESIAN_POINT('',(90.7666239130722,-114.18999999993,10.71));
#6227=CARTESIAN_POINT('Origin',(91.2766239130718,-95.8099999999999,10.7099999999997));
#6228=CARTESIAN_POINT('',(91.2766239130718,-95.2999999999999,10.7099999999997));
#6229=CARTESIAN_POINT('',(90.7666239130718,-95.8099999999999,10.7099999999998));
#6230=CARTESIAN_POINT('Origin',(91.2766239130718,-95.8099999999999,10.7099999999997));
#6231=CARTESIAN_POINT('',(90.7666239130718,-95.8099999999999,9.20999999999976));
#6232=CARTESIAN_POINT('',(90.7666239130718,-95.8099999999999,10.7099999999998));
#6233=CARTESIAN_POINT('',(91.2766239130718,-95.2999999999999,9.20999999999974));
#6234=CARTESIAN_POINT('Origin',(91.2766239130718,-95.8099999999999,9.20999999999975));
#6235=CARTESIAN_POINT('',(91.2766239130718,-95.2999999999999,10.7099999999997));
#6236=CARTESIAN_POINT('Origin',(92.9669694703839,-95.2999999999999,10.7099999999997));
#6237=CARTESIAN_POINT('',(92.9669694703839,-95.2999999999999,10.7099999999997));
#6238=CARTESIAN_POINT('',(91.2766239130718,-95.2999999999999,10.7099999999997));
#6239=CARTESIAN_POINT('',(92.9669694703839,-95.2999999999999,9.20999999999973));
#6240=CARTESIAN_POINT('',(91.2766239130718,-95.2999999999999,9.20999999999973));
#6241=CARTESIAN_POINT('',(92.9669694703839,-95.2999999999999,10.7099999999997));
#6242=CARTESIAN_POINT('Origin',(92.9669691109087,-94.2999999999999,10.7099999999997));
#6243=CARTESIAN_POINT('',(92.9669691109087,-94.2999999999999,10.7099999999997));
#6244=CARTESIAN_POINT('',(92.9669710341017,-99.6500020040248,10.7099999999998));
#6245=CARTESIAN_POINT('',(92.9669691109087,-94.2999999999999,9.20999999999972));
#6246=CARTESIAN_POINT('',(92.9669710341017,-99.6500020040248,9.20999999999978));
#6247=CARTESIAN_POINT('',(92.9669691109087,-94.2999999999999,10.7099999999997));
#6248=CARTESIAN_POINT('Origin',(91.2766239130718,-94.2999999999999,10.7099999999997));
#6249=CARTESIAN_POINT('',(91.2766239130718,-94.2999999999999,10.7099999999997));
#6250=CARTESIAN_POINT('',(91.2766239130718,-94.2999999999999,10.7099999999997));
#6251=CARTESIAN_POINT('',(91.2766239130718,-94.2999999999999,9.20999999999973));
#6252=CARTESIAN_POINT('',(91.2766239130718,-94.2999999999999,9.20999999999973));
#6253=CARTESIAN_POINT('',(91.2766239130718,-94.2999999999999,10.7099999999997));
#6254=CARTESIAN_POINT('Origin',(91.2766239130718,-95.8099999999999,10.7099999999997));
#6255=CARTESIAN_POINT('',(89.7666239130718,-95.8099999999999,10.7099999999998));
#6256=CARTESIAN_POINT('Origin',(91.2766239130718,-95.8099999999999,10.7099999999997));
#6257=CARTESIAN_POINT('',(89.7666239130718,-95.8099999999999,9.20999999999976));
#6258=CARTESIAN_POINT('Origin',(91.2766239130718,-95.8099999999999,9.20999999999975));
#6259=CARTESIAN_POINT('',(89.7666239130718,-95.8099999999999,10.7099999999998));
#6260=CARTESIAN_POINT('Origin',(91.2766239130722,-114.18999999993,10.7099999999999));
#6261=CARTESIAN_POINT('',(91.2766239130723,-115.69999999993,10.71));
#6262=CARTESIAN_POINT('',(89.7666239130722,-114.18999999993,10.71));
#6263=CARTESIAN_POINT('Origin',(91.2766239130722,-114.18999999993,10.7099999999999));
#6264=CARTESIAN_POINT('',(89.7666239130722,-114.18999999993,9.20999999999998));
#6265=CARTESIAN_POINT('',(89.7666239130722,-114.18999999993,10.71));
#6266=CARTESIAN_POINT('',(91.2766239130723,-115.69999999993,9.21));
#6267=CARTESIAN_POINT('Origin',(91.2766239130722,-114.18999999993,9.20999999999994));
#6268=CARTESIAN_POINT('',(91.2766239130723,-115.69999999993,10.71));
#6269=CARTESIAN_POINT('Origin',(203.999999999999,-115.7,10.71));
#6270=CARTESIAN_POINT('',(106.000000522956,-115.699999999925,10.7100000000135));
#6271=CARTESIAN_POINT('',(106.000000522956,-115.699999999925,9.2100000000135));
#6272=CARTESIAN_POINT('Origin',(95.616796759868,-104.999999999965,9.20999999999982));
#6273=CARTESIAN_POINT('',(89.7666239130722,-114.18999999993,9.20999999999998));
#6274=CARTESIAN_POINT('',(90.7666239130722,-114.18999999993,9.20999999999996));
#6275=CARTESIAN_POINT('',(104.3,-96.0000005229562,9.2099999999997));
#6276=CARTESIAN_POINT('',(205.70000000007,-113.999999477097,9.2099999999995));
#6277=CARTESIAN_POINT('Origin',(197.94359051146,-110.876971209922,24.3495289776314));
#6278=CARTESIAN_POINT('',(197.100395586073,-109.248901361605,24.9399404205675));
#6279=CARTESIAN_POINT('',(197.100395586073,-112.505041058238,24.9399404205675));
#6280=CARTESIAN_POINT('',(197.100395586073,-110.876971209922,24.9399404205675));
#6281=CARTESIAN_POINT('',(198.528543592815,-109.248901361605,23.9399404205675));
#6282=CARTESIAN_POINT('',(199.17089891224,-109.248901361605,23.4901583836969));
#6283=CARTESIAN_POINT('',(198.528543592815,-112.505041058238,23.9399404205675));
#6284=CARTESIAN_POINT('',(198.528543592815,-109.248901361605,23.9399404205675));
#6285=CARTESIAN_POINT('',(197.627693804374,-112.505041058238,24.5707222332284));
#6286=CARTESIAN_POINT('Origin',(197.94359051146,-110.876971209922,12.3303518635037));
#6287=CARTESIAN_POINT('',(197.100395586073,-112.505041058238,11.7399404205675));
#6288=CARTESIAN_POINT('',(197.100395586073,-109.248901361605,11.7399404205675));
#6289=CARTESIAN_POINT('',(197.100395586073,-105.641858457454,11.7399404205675));
#6290=CARTESIAN_POINT('',(198.528543592815,-112.505041058238,12.7399404205675));
#6291=CARTESIAN_POINT('',(197.521978384536,-112.505041058238,12.0351358740308));
#6292=CARTESIAN_POINT('',(198.528543592815,-109.248901361605,12.7399404205675));
#6293=CARTESIAN_POINT('',(198.528543592815,-109.248901361605,12.7399404205675));
#6294=CARTESIAN_POINT('',(199.065183492402,-109.248901361605,13.1156997235624));
#6295=CARTESIAN_POINT('Origin',(197.94359051146,-103.244460269649,12.3303518635037));
#6296=CARTESIAN_POINT('',(197.100395586073,-104.872530117965,11.7399404205675));
#6297=CARTESIAN_POINT('',(197.100395586073,-101.616390421332,11.7399404205675));
#6298=CARTESIAN_POINT('',(197.100395586073,-101.825602987318,11.7399404205675));
#6299=CARTESIAN_POINT('',(198.528543592815,-104.872530117965,12.7399404205675));
#6300=CARTESIAN_POINT('',(197.521978384536,-104.872530117965,12.0351358740308));
#6301=CARTESIAN_POINT('',(198.528543592815,-101.616390421332,12.7399404205675));
#6302=CARTESIAN_POINT('',(198.528543592815,-101.616390421332,12.7399404205675));
#6303=CARTESIAN_POINT('',(199.065183492402,-101.616390421332,13.1156997235624));
#6304=CARTESIAN_POINT('Origin',(197.94359051146,-103.244460269649,24.3495289776314));
#6305=CARTESIAN_POINT('',(197.100395586073,-101.616390421332,24.9399404205675));
#6306=CARTESIAN_POINT('',(197.100395586073,-104.872530117965,24.9399404205675));
#6307=CARTESIAN_POINT('',(197.100395586073,-103.244460269649,24.9399404205675));
#6308=CARTESIAN_POINT('',(198.528543592815,-101.616390421332,23.9399404205675));
#6309=CARTESIAN_POINT('',(199.17089891224,-101.616390421332,23.4901583836969));
#6310=CARTESIAN_POINT('',(198.528543592815,-104.872530117965,23.9399404205675));
#6311=CARTESIAN_POINT('',(198.528543592815,-101.616390421332,23.9399404205675));
#6312=CARTESIAN_POINT('',(197.627693804374,-104.872530117965,24.5707222332284));
#6313=CARTESIAN_POINT('Origin',(198.528543592815,-104.872530117965,11.7399404205675));
#6314=CARTESIAN_POINT('',(198.528543592815,-101.616390421332,12.1899404205675));
#6315=CARTESIAN_POINT('',(198.528543592815,-104.872530117965,12.1899404205675));
#6316=CARTESIAN_POINT('',(198.528543592815,-104.058495193807,12.1899404205675));
#6317=CARTESIAN_POINT('',(198.528543592815,-101.616390421332,11.7399404205675));
#6318=CARTESIAN_POINT('',(198.528543592815,-104.872530117965,11.7399404205675));
#6319=CARTESIAN_POINT('Origin',(197.100351878143,-104.872530117965,11.7399404205675));
#6320=CARTESIAN_POINT('',(201.699999999793,-104.872530117965,11.7399404205675));
#6321=CARTESIAN_POINT('',(197.100351878143,-104.872530117965,11.7399404205675));
#6322=CARTESIAN_POINT('',(201.699999999793,-104.872530117965,12.1899404205675));
#6323=CARTESIAN_POINT('',(201.699999999793,-104.872530117965,15.0361690328498));
#6324=CARTESIAN_POINT('',(197.100351878143,-104.872530117965,12.1899404205675));
#6325=CARTESIAN_POINT('Origin',(205.199999999793,-100.406745704987,11.7399404205675));
#6326=CARTESIAN_POINT('',(201.699999999793,-109.248901361605,11.7399404205675));
#6327=CARTESIAN_POINT('',(201.699999999793,-109.248901361605,11.7399404205675));
#6328=CARTESIAN_POINT('',(201.699999999793,-113.708538271553,11.7399404205675));
#6329=CARTESIAN_POINT('',(201.699999999793,-101.616390421332,11.7399404205675));
#6330=CARTESIAN_POINT('',(201.699999999793,-101.616390421332,11.7399404205675));
#6331=CARTESIAN_POINT('',(201.699999999793,-100.406745704987,11.7399404205675));
#6332=CARTESIAN_POINT('',(201.699999999793,-113.708538271553,11.7399404205675));
#6333=CARTESIAN_POINT('',(205.199999999793,-100.406745704987,11.7399404205675));
#6334=CARTESIAN_POINT('',(205.199999999793,-100.406745704987,11.7399404205675));
#6335=CARTESIAN_POINT('',(205.199999999793,-113.708538271553,11.7399404205675));
#6336=CARTESIAN_POINT('',(205.200000000054,-108.795834919919,11.7399404205675));
#6337=CARTESIAN_POINT('',(201.699999999793,-113.708538271553,11.7399404205675));
#6338=CARTESIAN_POINT('',(205.199999999793,-113.708538271553,11.7399404205675));
#6339=CARTESIAN_POINT('',(201.699999999793,-112.505041058238,11.7399404205675));
#6340=CARTESIAN_POINT('',(201.699999999793,-113.708538271553,11.7399404205675));
#6341=CARTESIAN_POINT('',(197.100351878143,-112.505041058238,11.7399404205675));
#6342=CARTESIAN_POINT('Origin',(198.528543592815,-112.505041058238,11.7399404205675));
#6343=CARTESIAN_POINT('',(198.528543592815,-109.248901361605,12.1899404205675));
#6344=CARTESIAN_POINT('',(198.528543592815,-112.505041058238,12.1899404205675));
#6345=CARTESIAN_POINT('',(198.528543592815,-111.69100613408,12.1899404205675));
#6346=CARTESIAN_POINT('',(198.528543592815,-109.248901361605,11.7399404205675));
#6347=CARTESIAN_POINT('',(198.528543592815,-112.505041058238,11.7399404205675));
#6348=CARTESIAN_POINT('Origin',(197.100351878143,-112.505041058238,11.7399404205675));
#6349=CARTESIAN_POINT('',(201.699999999793,-112.505041058238,12.1899404205675));
#6350=CARTESIAN_POINT('',(201.699999999793,-112.505041058238,15.0361690328498));
#6351=CARTESIAN_POINT('',(197.100351878143,-112.505041058238,12.1899404205675));
#6352=CARTESIAN_POINT('Origin',(201.699999999793,-109.248901361605,11.7399404205675));
#6353=CARTESIAN_POINT('',(201.699999999793,-109.248901361605,12.1899404205675));
#6354=CARTESIAN_POINT('',(201.699999999793,-109.248901361605,12.1899404205675));
#6355=CARTESIAN_POINT('',(201.699999999793,-109.248901361605,15.0361690328498));
#6356=CARTESIAN_POINT('Origin',(198.528543592815,-109.248901361605,24.9399404205675));
#6357=CARTESIAN_POINT('',(198.528543592815,-112.505041058238,24.4899404205675));
#6358=CARTESIAN_POINT('',(198.528543592815,-109.248901361605,24.4899404205675));
#6359=CARTESIAN_POINT('',(198.528543592815,-110.062936285764,24.4899404205675));
#6360=CARTESIAN_POINT('',(198.528543592815,-112.505041058238,24.9399404205675));
#6361=CARTESIAN_POINT('',(198.528543592815,-109.248901361605,24.9399404205675));
#6362=CARTESIAN_POINT('Origin',(199.400175938968,-110.876971209922,24.9399404205675));
#6363=CARTESIAN_POINT('',(201.699999999793,-112.505041058238,24.9399404205675));
#6364=CARTESIAN_POINT('',(197.100351878143,-112.505041058238,24.9399404205675));
#6365=CARTESIAN_POINT('',(201.699999999793,-109.248901361605,24.9399404205675));
#6366=CARTESIAN_POINT('',(201.699999999793,-112.505041058238,24.9399404205675));
#6367=CARTESIAN_POINT('',(201.699999999793,-109.248901361605,24.9399404205675));
#6368=CARTESIAN_POINT('Origin',(198.528543592815,-101.616390421332,24.9399404205675));
#6369=CARTESIAN_POINT('',(198.528543592815,-104.872530117965,24.4899404205675));
#6370=CARTESIAN_POINT('',(198.528543592815,-101.616390421332,24.4899404205675));
#6371=CARTESIAN_POINT('',(198.528543592815,-102.43042534549,24.4899404205675));
#6372=CARTESIAN_POINT('',(198.528543592815,-104.872530117965,24.9399404205675));
#6373=CARTESIAN_POINT('',(198.528543592815,-101.616390421332,24.9399404205675));
#6374=CARTESIAN_POINT('Origin',(199.400175938968,-103.244460269649,24.9399404205675));
#6375=CARTESIAN_POINT('',(201.699999999793,-104.872530117965,24.9399404205675));
#6376=CARTESIAN_POINT('',(197.100351878143,-104.872530117965,24.9399404205675));
#6377=CARTESIAN_POINT('',(201.699999999793,-101.616390421332,24.9399404205675));
#6378=CARTESIAN_POINT('',(201.699999999793,-104.872530117965,24.9399404205675));
#6379=CARTESIAN_POINT('',(201.699999999793,-101.616390421332,24.9399404205675));
#6380=CARTESIAN_POINT('Origin',(201.699999999793,-112.505041058238,24.4899404205675));
#6381=CARTESIAN_POINT('',(201.699999999793,-112.505041058238,24.9248548696966));
#6382=CARTESIAN_POINT('',(201.699999999793,-109.248901361605,24.9248548696966));
#6383=CARTESIAN_POINT('',(201.699999999793,-100.406745704987,24.9248548696966));
#6384=CARTESIAN_POINT('',(201.699999999793,-109.248901361605,24.4899404205675));
#6385=CARTESIAN_POINT('',(201.699999999793,-112.505041058238,24.4899404205675));
#6386=CARTESIAN_POINT('Origin',(197.100351878143,-112.505041058238,24.4899404205675));
#6387=CARTESIAN_POINT('',(201.699999999793,-112.505041058238,24.4899404205675));
#6388=CARTESIAN_POINT('',(197.100351878143,-112.505041058238,24.4899404205675));
#6389=CARTESIAN_POINT('',(201.699999999793,-112.505041058238,21.4111690328498));
#6390=CARTESIAN_POINT('Origin',(201.699999999793,-109.248901361605,24.4899404205675));
#6391=CARTESIAN_POINT('',(201.699999999793,-109.248901361605,24.4899404205675));
#6392=CARTESIAN_POINT('',(201.699999999793,-109.248901361605,21.4111690328498));
#6393=CARTESIAN_POINT('',(201.699999999793,-109.248901361605,24.4899404205675));
#6394=CARTESIAN_POINT('Origin',(199.400175938968,-110.876971209922,24.4899404205675));
#6395=CARTESIAN_POINT('',(201.699999999793,-108.969094565494,24.4899404205675));
#6396=CARTESIAN_POINT('Origin',(201.699999999793,-107.061217921066,18.3323976451321));
#6397=CARTESIAN_POINT('',(201.699999999793,-104.872530117965,24.9248548696966));
#6398=CARTESIAN_POINT('',(201.699999999793,-100.406745704987,24.9248548696966));
#6399=CARTESIAN_POINT('',(201.699999999793,-104.872530117965,24.4899404205675));
#6400=CARTESIAN_POINT('',(201.699999999793,-104.872530117965,21.4111690328498));
#6401=CARTESIAN_POINT('',(201.699999999793,-101.616390421332,24.4899404205675));
#6402=CARTESIAN_POINT('',(201.699999999793,-105.152839095357,24.4899404205675));
#6403=CARTESIAN_POINT('',(201.699999999793,-101.616390421332,24.9248548696966));
#6404=CARTESIAN_POINT('',(201.699999999793,-101.616390421332,21.4111690328498));
#6405=CARTESIAN_POINT('',(201.699999999793,-100.406745704987,24.9248548696966));
#6406=CARTESIAN_POINT('',(201.699999999793,-100.406745704987,24.9248548696966));
#6407=CARTESIAN_POINT('',(201.699999999793,-100.406745704987,11.7399404205675));
#6408=CARTESIAN_POINT('',(201.699999999793,-101.616390421332,12.1899404205675));
#6409=CARTESIAN_POINT('',(201.699999999793,-101.616390421332,15.0361690328498));
#6410=CARTESIAN_POINT('',(201.699999999793,-105.152839095357,12.1899404205675));
#6411=CARTESIAN_POINT('',(201.699999999793,-108.969094565494,12.1899404205675));
#6412=CARTESIAN_POINT('',(201.699999999793,-113.715690137145,24.9248548696966));
#6413=CARTESIAN_POINT('',(201.699999999793,-113.715690137145,24.9248548696966));
#6414=CARTESIAN_POINT('',(201.699999999793,-100.406745704987,24.9248548696966));
#6415=CARTESIAN_POINT('',(201.699999999793,-100.90300743182,12.2362021474001));
#6416=CARTESIAN_POINT('',(201.699999999793,-100.90300743182,24.428593142864));
#6417=CARTESIAN_POINT('',(201.699999999793,-100.90300743182,12.2362021474001));
#6418=CARTESIAN_POINT('',(201.699999999793,-113.219159151094,24.428593142864));
#6419=CARTESIAN_POINT('',(201.699999999793,-100.90300743182,24.428593142864));
#6420=CARTESIAN_POINT('',(201.699999999793,-113.212545657925,12.2362021474001));
#6421=CARTESIAN_POINT('',(201.699999999793,-113.219159151094,24.428593142864));
#6422=CARTESIAN_POINT('',(201.699999999793,-113.212545657925,12.2362021474001));
#6423=CARTESIAN_POINT('Origin',(201.699999999793,-104.872530117965,24.4899404205675));
#6424=CARTESIAN_POINT('',(201.699999999793,-100.406745704987,24.9248548696966));
#6425=CARTESIAN_POINT('',(201.699999999793,-101.616390421332,24.4899404205675));
#6426=CARTESIAN_POINT('',(201.699999999793,-104.872530117965,24.4899404205675));
#6427=CARTESIAN_POINT('Origin',(201.699999999793,-101.616390421332,24.4899404205675));
#6428=CARTESIAN_POINT('',(201.699999999793,-101.616390421332,24.4899404205675));
#6429=CARTESIAN_POINT('Origin',(197.100351878143,-104.872530117965,24.4899404205675));
#6430=CARTESIAN_POINT('',(197.100351878143,-104.872530117965,24.4899404205675));
#6431=CARTESIAN_POINT('Origin',(199.400175938968,-103.244460269649,24.4899404205675));
#6432=CARTESIAN_POINT('Origin',(199.400175938968,-110.876971209922,12.1899404205675));
#6433=CARTESIAN_POINT('Origin',(201.699999999793,-101.616390421332,11.7399404205675));
#6434=CARTESIAN_POINT('',(201.699999999793,-101.616390421332,12.1899404205675));
#6435=CARTESIAN_POINT('Origin',(199.400175938968,-103.244460269649,12.1899404205675));
#6436=CARTESIAN_POINT('Origin',(205.199999999793,-113.715690137145,24.9248548696966));
#6437=CARTESIAN_POINT('',(205.130362770989,-101.485145130304,24.9248548696966));
#6438=CARTESIAN_POINT('',(205.199999999793,-102.054846634415,24.9248548696966));
#6439=CARTESIAN_POINT('Origin',(204.000000747066,-102.054846634416,24.9248548696966));
#6440=CARTESIAN_POINT('',(204.221856545981,-100.406745704986,24.9248548696966));
#6441=CARTESIAN_POINT('Ctrl Pts',(204.221856545981,-100.406745704987,24.9248548696966));
#6442=CARTESIAN_POINT('Ctrl Pts',(204.287498839736,-100.423605096502,24.9248548696966));
#6443=CARTESIAN_POINT('Ctrl Pts',(204.350932432031,-100.448038046267,24.9248548696966));
#6444=CARTESIAN_POINT('Ctrl Pts',(204.547428444567,-100.544926452273,24.9248548696966));
#6445=CARTESIAN_POINT('Ctrl Pts',(204.691189972198,-100.66616916362,24.9248548696966));
#6446=CARTESIAN_POINT('Ctrl Pts',(204.913735692072,-100.935653586745,24.9248548696966));
#6447=CARTESIAN_POINT('Ctrl Pts',(205.020597513752,-101.140828073606,24.9248548696966));
#6448=CARTESIAN_POINT('Ctrl Pts',(205.100119826737,-101.374753076997,24.9248548696966));
#6449=CARTESIAN_POINT('Ctrl Pts',(205.116228256633,-101.429055693506,24.9248548696966));
#6450=CARTESIAN_POINT('Ctrl Pts',(205.130362770989,-101.485145130304,24.9248548696966));
#6451=CARTESIAN_POINT('',(205.199999999793,-100.406745704987,24.9248548696966));
#6452=CARTESIAN_POINT('',(205.199999999793,-113.715690137145,24.9248548696966));
#6453=CARTESIAN_POINT('',(205.199999999793,-113.715690137145,24.9248548696966));
#6454=CARTESIAN_POINT('',(205.200000000028,-115.450307135998,24.9248548696966));
#6455=CARTESIAN_POINT('Origin',(205.199999999793,-100.406745704987,24.9248548696966));
#6456=CARTESIAN_POINT('',(205.199999999793,-100.406745704987,23.1279870551953));
#6457=CARTESIAN_POINT('Ctrl Pts',(205.199999999992,-100.406745704987,23.1279870551954));
#6458=CARTESIAN_POINT('Ctrl Pts',(205.199999999992,-100.406745704987,23.3916371781624));
#6459=CARTESIAN_POINT('Ctrl Pts',(205.156823664778,-100.406745704987,23.7050573463836));
#6460=CARTESIAN_POINT('Ctrl Pts',(205.012364223022,-100.406745704987,24.151100748474));
#6461=CARTESIAN_POINT('Ctrl Pts',(204.903923445339,-100.406745704987,24.3721810635647));
#6462=CARTESIAN_POINT('Ctrl Pts',(204.678329854173,-100.406745704987,24.6578782800951));
#6463=CARTESIAN_POINT('Ctrl Pts',(204.535989596797,-100.406745704987,24.7846188116425));
#6464=CARTESIAN_POINT('Ctrl Pts',(204.342420131674,-100.406745704987,24.8838926452065));
#6465=CARTESIAN_POINT('Ctrl Pts',(204.283289779065,-100.406745704987,24.9078795094475));
#6466=CARTESIAN_POINT('Ctrl Pts',(204.221856545981,-100.406745704987,24.9248548696973));
#6467=CARTESIAN_POINT('',(205.200000000004,-100.406745704987,19.7619711359325));
#6468=CARTESIAN_POINT('Origin',(205.199999999793,-113.212545657925,12.2362021474001));
#6469=CARTESIAN_POINT('',(205.199999999793,-100.90300743182,12.2362021474001));
#6470=CARTESIAN_POINT('',(205.199999999793,-113.212545657925,12.2362021474001));
#6471=CARTESIAN_POINT('',(205.20000000007,-115.198734896388,12.2362021474001));
#6472=CARTESIAN_POINT('',(205.199999999793,-100.90300743182,12.2362021474001));
#6473=CARTESIAN_POINT('',(205.199999999793,-113.212545657925,12.2362021474001));
#6474=CARTESIAN_POINT('Origin',(205.199999999793,-113.219159151094,24.428593142864));
#6475=CARTESIAN_POINT('',(205.199999999793,-113.219159151094,24.428593142864));
#6476=CARTESIAN_POINT('',(205.20000000004,-113.216493836169,19.5149172890638));
#6477=CARTESIAN_POINT('',(205.199999999793,-113.219159151094,24.428593142864));
#6478=CARTESIAN_POINT('Origin',(205.199999999793,-100.90300743182,24.428593142864));
#6479=CARTESIAN_POINT('',(205.199999999793,-101.561745807367,24.428593142864));
#6480=CARTESIAN_POINT('',(205.100698785897,-100.903007431819,24.428593142864));
#6481=CARTESIAN_POINT('Ctrl Pts',(205.199999999992,-101.561745807367,24.428593142864));
#6482=CARTESIAN_POINT('Ctrl Pts',(205.199999999992,-101.352633358521,24.428593142864));
#6483=CARTESIAN_POINT('Ctrl Pts',(205.165677145384,-101.107056257113,24.428593142864));
#6484=CARTESIAN_POINT('Ctrl Pts',(205.100698785897,-100.903007431819,24.428593142864));
#6485=CARTESIAN_POINT('',(205.200000000012,-109.043965783335,24.428593142864));
#6486=CARTESIAN_POINT('',(205.199999999793,-100.90300743182,24.428593142864));
#6487=CARTESIAN_POINT('Origin',(205.199999999793,-100.90300743182,12.2362021474001));
#6488=CARTESIAN_POINT('',(205.199999999793,-100.90300743182,23.7153466071515));
#6489=CARTESIAN_POINT('Ctrl Pts',(205.100698785897,-100.90300743182,24.428593142864));
#6490=CARTESIAN_POINT('Ctrl Pts',(205.166599990155,-100.90300743182,24.2053785484351));
#6491=CARTESIAN_POINT('Ctrl Pts',(205.199999999992,-100.90300743182,23.9409872698973));
#6492=CARTESIAN_POINT('Ctrl Pts',(205.199999999992,-100.90300743182,23.7153466071515));
#6493=CARTESIAN_POINT('',(205.200000000027,-100.90300743182,13.4176447747843));
#6494=CARTESIAN_POINT('Origin',(205.199999999793,-113.708538271553,11.7399404205675));
#6495=CARTESIAN_POINT('',(205.200000000063,-113.709314223311,13.1704563348296));
#6496=CARTESIAN_POINT('Origin',(205.200000000068,-117.18492413485,14.5990874021684));
#6497=CARTESIAN_POINT('',(205.20000000007,-114.497918366341,11.9120816336595));
#6498=CARTESIAN_POINT('Origin',(205.200000000068,-115.700000000002,10.7099999999959));
#6499=CARTESIAN_POINT('',(205.200000000064,-124.04385991236,21.4580231796779));
#6500=CARTESIAN_POINT('',(205.200000000065,-122.134671603156,19.5488348704742));
#6501=CARTESIAN_POINT('',(205.199999999985,-111.315937956643,34.1859451353945));
#6502=CARTESIAN_POINT('',(205.200000000064,-124.04385991236,21.4580231796779));
#6503=CARTESIAN_POINT('',(205.199999999986,-109.406749647439,32.2767568261908));
#6504=CARTESIAN_POINT('Origin',(205.199999999982,-115.700000000002,10.7099999999958));
#6505=CARTESIAN_POINT('Origin',(204.000000747058,-115.7,10.71));
#6506=CARTESIAN_POINT('',(203.999999850582,-100.921468273198,25.4885317268021));
#6507=CARTESIAN_POINT('Origin',(204.000000747066,-101.76999588236,24.6400041176403));
#6508=CARTESIAN_POINT('Origin',(203.999999850572,-115.700000000001,10.709999999996));
#6509=CARTESIAN_POINT('Origin',(204.000000747058,-115.7,10.71));
#6510=CARTESIAN_POINT('Origin',(205.199999999982,-115.700000000002,10.7099999999958));
#6511=CARTESIAN_POINT('Origin',(202.70000000003,-107.041559558569,18.2711589067955));
#6512=CARTESIAN_POINT('',(205.700000000038,-111.041559558561,18.2711589068057));
#6513=CARTESIAN_POINT('Origin',(205.700000000027,-107.041559558561,18.2711589068057));
#6514=CARTESIAN_POINT('',(205.200000000039,-111.041559558562,18.271158906804));
#6515=CARTESIAN_POINT('',(202.700000000041,-111.041559558569,18.2711589067955));
#6516=CARTESIAN_POINT('Origin',(205.200000000027,-107.041559558562,18.271158906804));
#6517=CARTESIAN_POINT('Origin',(106.466969606664,-114.992893218739,11.4171067812004));
#6518=CARTESIAN_POINT('',(106.466969606664,-114.992893218739,11.4171067812005));
#6519=CARTESIAN_POINT('',(106.466969524269,-115.346446609333,11.0635533906066));
#6520=CARTESIAN_POINT('',(106.466970405897,-111.563426253468,14.8465737464715));
#6521=CARTESIAN_POINT('Origin',(106.466969524269,-115.699999999939,10.7099999999994));
#6522=CARTESIAN_POINT('Origin',(106.466969606664,-115.699999999939,10.7099999999994));
#6523=CARTESIAN_POINT('Origin',(105.746144904173,-115.699999999939,10.71));
#6524=CARTESIAN_POINT('',(105.025320201683,-114.992893218739,11.4171067811991));
#6525=CARTESIAN_POINT('',(101.521343453024,-114.99289321874,11.4171067811959));
#6526=CARTESIAN_POINT('Origin',(105.025320201682,-115.699999999938,10.7099999999995));
#6527=CARTESIAN_POINT('Origin',(105.999999252919,-115.699999999939,10.71));
#6528=CARTESIAN_POINT('',(104.8,-114.497918471965,11.9120815279734));
#6529=CARTESIAN_POINT('Origin',(105.99999925292,-114.497919000174,11.9120809997651));
#6530=CARTESIAN_POINT('Origin',(104.799999999999,-115.699999999938,10.7099999999994));
#6531=CARTESIAN_POINT('Origin',(105.999999252908,-115.699999999939,10.71));
#6532=CARTESIAN_POINT('',(105.999999999996,-100.921468273183,25.4885317267556));
#6533=CARTESIAN_POINT('',(104.799999999997,-101.76999651626,24.6400034836781));
#6534=CARTESIAN_POINT('Origin',(105.999999252916,-101.769995882342,24.6400041175971));
#6535=CARTESIAN_POINT('Origin',(104.799999999987,-115.699999999938,10.7099999999994));
#6536=CARTESIAN_POINT('Origin',(105.999999999986,-115.699999999939,10.7099999999994));
#6537=CARTESIAN_POINT('Origin',(154.99999992528,-115.699999999969,10.71));
#6538=CARTESIAN_POINT('',(203.999999850582,-100.921468273198,25.4885317268021));
#6539=CARTESIAN_POINT('Origin',(204.000000747069,-115.7,10.71));
#6540=CARTESIAN_POINT('',(204.,-115.346446609407,11.0635533905933));
#6541=CARTESIAN_POINT('Origin',(204.00000074707,-114.497919000192,11.9120809998083));
#6542=CARTESIAN_POINT('Origin',(204.,-115.700000000001,10.7099999999959));
#6543=CARTESIAN_POINT('Origin',(155.233484762134,-115.69999999997,10.71));
#6544=CARTESIAN_POINT('',(106.000000149416,-115.346446609332,11.0635533906066));
#6545=CARTESIAN_POINT('Ctrl Pts',(204.000000747069,-115.7,10.7099999999999));
#6546=CARTESIAN_POINT('Ctrl Pts',(204.000000747069,-115.7,10.7099999999999));
#6547=CARTESIAN_POINT('Ctrl Pts',(204.000000747069,-115.7,10.71));
#6548=CARTESIAN_POINT('Ctrl Pts',(204.704163865632,-115.700000000001,10.7099999999999));
#6549=CARTESIAN_POINT('Ctrl Pts',(204.704163865632,-115.700000000001,10.7099999999999));
#6550=CARTESIAN_POINT('Ctrl Pts',(204.704163865632,-115.700000000001,10.71));
#6551=CARTESIAN_POINT('Ctrl Pts',(205.202082195857,-115.347918309216,11.0620816907844));
#6552=CARTESIAN_POINT('Ctrl Pts',(205.202082195857,-115.202081297829,10.9162446793986));
#6553=CARTESIAN_POINT('Ctrl Pts',(205.202082195857,-115.20208129783,10.71));
#6554=CARTESIAN_POINT('Ctrl Pts',(205.700000526081,-114.995836618432,11.4141633815689));
#6555=CARTESIAN_POINT('Ctrl Pts',(205.700000526081,-114.704162595658,11.1224893587972));
#6556=CARTESIAN_POINT('Ctrl Pts',(205.700000526081,-114.70416259566,10.71));
#6557=CARTESIAN_POINT('Ctrl Pts',(205.700000000069,-114.497918102235,11.9120818977662));
#6558=CARTESIAN_POINT('Ctrl Pts',(205.70000000007,-113.999999477094,11.4141632726294));
#6559=CARTESIAN_POINT('Ctrl Pts',(205.70000000007,-113.999999477097,10.71));
#6560=CARTESIAN_POINT('',(205.700000000069,-114.497918102237,11.9120818977643));
#6561=CARTESIAN_POINT('Origin',(204.00000074707,-114.497919000192,11.9120809998083));
#6562=CARTESIAN_POINT('Origin',(205.700000000068,-115.700000000002,10.7099999999959));
#6563=CARTESIAN_POINT('Origin',(204.000000747058,-115.7,10.71));
#6564=CARTESIAN_POINT('',(203.999999477047,-100.567914882605,25.8420851173953));
#6565=CARTESIAN_POINT('',(205.699999999991,-101.769996410623,24.6400035893778));
#6566=CARTESIAN_POINT('Origin',(204.000000747066,-101.76999588236,24.6400041176403));
#6567=CARTESIAN_POINT('Origin',(205.699999999982,-115.700000000002,10.7099999999959));
#6568=CARTESIAN_POINT('Origin',(203.999999477036,-115.700000000001,10.7099999999959));
#6569=CARTESIAN_POINT('Origin',(154.999999738512,-115.699999999969,10.71));
#6570=CARTESIAN_POINT('',(105.999999999996,-100.56791488259,25.8420851173489));
#6571=CARTESIAN_POINT('',(203.999999477047,-100.567914882605,25.8420851173953));
#6572=CARTESIAN_POINT('Origin',(105.999999999986,-115.699999999939,10.7099999999994));
#6573=CARTESIAN_POINT('Origin',(105.999999252908,-115.699999999939,10.71));
#6574=CARTESIAN_POINT('',(104.299999999997,-101.769996780393,24.640003219545));
#6575=CARTESIAN_POINT('Origin',(105.999999252916,-101.769995882342,24.6400041175971));
#6576=CARTESIAN_POINT('Origin',(104.299999999988,-115.699999999938,10.7099999999994));
#6577=CARTESIAN_POINT('Ctrl Pts',(104.3,-114.497918471964,11.9120815279734));
#6578=CARTESIAN_POINT('Ctrl Pts',(104.3,-114.,11.4141630560087));
#6579=CARTESIAN_POINT('Ctrl Pts',(104.3,-114.,10.71));
#6580=CARTESIAN_POINT('Ctrl Pts',(104.299999839067,-114.756892601982,11.6531073979557));
#6581=CARTESIAN_POINT('Ctrl Pts',(104.299999839068,-114.366244726975,11.262459522948));
#6582=CARTESIAN_POINT('Ctrl Pts',(104.299999839068,-114.366244726975,10.71));
#6583=CARTESIAN_POINT('Ctrl Pts',(104.450806396675,-114.992893218739,11.4171067811986));
#6584=CARTESIAN_POINT('Ctrl Pts',(104.450806396675,-114.699999999921,11.1242135623802));
#6585=CARTESIAN_POINT('Ctrl Pts',(104.450806396675,-114.699999999921,10.71));
#6586=CARTESIAN_POINT('',(104.450806396675,-114.992893218739,11.4171067811986));
#6587=CARTESIAN_POINT('',(104.3,-114.497918471965,11.9120815279732));
#6588=CARTESIAN_POINT('Origin',(105.99999925292,-114.497919000174,11.9120809997651));
#6589=CARTESIAN_POINT('Origin',(104.299999999999,-115.699999999938,10.7099999999995));
#6590=CARTESIAN_POINT('Origin',(104.450806396675,-115.699999999938,10.7099999999995));
#6591=CARTESIAN_POINT('Origin',(97.8637151548728,-115.699999999934,10.71));
#6592=CARTESIAN_POINT('',(91.2766239130714,-114.992893218743,11.4171067811865));
#6593=CARTESIAN_POINT('',(101.521343453024,-114.99289321874,11.4171067811959));
#6594=CARTESIAN_POINT('Origin',(91.2766239130708,-115.69999999993,10.7099999999999));
#6595=CARTESIAN_POINT('Origin',(91.2766239130713,-115.69999999993,10.71));
#6596=CARTESIAN_POINT('',(90.766623913072,-114.632268760338,11.7777312395915));
#6597=CARTESIAN_POINT('Origin',(91.276623913072,-114.632268760338,11.7777312395917));
#6598=CARTESIAN_POINT('Origin',(90.7666239130714,-115.69999999993,10.71));
#6599=CARTESIAN_POINT('Origin',(91.2766239130598,-115.69999999993,10.71));
#6600=CARTESIAN_POINT('',(91.2766239130685,-101.275021663774,25.1349783361559));
#6601=CARTESIAN_POINT('',(90.7666239130686,-101.635646122179,24.7743538777506));
#6602=CARTESIAN_POINT('Origin',(91.2766239130686,-101.635646122179,24.7743538777508));
#6603=CARTESIAN_POINT('Origin',(90.7666239130592,-115.69999999993,10.7099999999999));
#6604=CARTESIAN_POINT('Origin',(91.276623913059,-115.69999999993,10.7099999999999));
#6605=CARTESIAN_POINT('Origin',(92.1217966917156,-115.69999999993,10.71));
#6606=CARTESIAN_POINT('',(92.9669694703806,-101.275021663774,25.1349783361567));
#6607=CARTESIAN_POINT('',(91.2766239130685,-101.275021663774,25.1349783361559));
#6608=CARTESIAN_POINT('Origin',(92.966969470371,-115.699999999931,10.7099999999999));
#6609=CARTESIAN_POINT('Origin',(92.9669691109053,-100.567914882588,25.8420851173432));
#6610=CARTESIAN_POINT('',(92.9669691109052,-100.567914882588,25.8420851173432));
#6611=CARTESIAN_POINT('',(92.9669710340991,-104.350937578995,22.0590624209356));
#6612=CARTESIAN_POINT('Origin',(92.9669691108952,-115.699999999931,10.7099999999998));
#6613=CARTESIAN_POINT('Origin',(92.1217965119774,-115.69999999993,10.71));
#6614=CARTESIAN_POINT('',(91.2766239130683,-100.567914882587,25.8420851173425));
#6615=CARTESIAN_POINT('',(91.2766239130683,-100.567914882587,25.8420851173425));
#6616=CARTESIAN_POINT('Origin',(91.2766239130583,-115.69999999993,10.7099999999999));
#6617=CARTESIAN_POINT('Origin',(91.2766239130598,-115.69999999993,10.71));
#6618=CARTESIAN_POINT('',(89.7666239130686,-101.635646122179,24.7743538777501));
#6619=CARTESIAN_POINT('Origin',(91.2766239130686,-101.635646122179,24.7743538777508));
#6620=CARTESIAN_POINT('Origin',(89.7666239130592,-115.699999999929,10.71));
#6621=CARTESIAN_POINT('Ctrl Pts',(89.766623913072,-114.632268760338,11.777731239591));
#6622=CARTESIAN_POINT('Ctrl Pts',(89.7666239130723,-114.189999999929,11.3354624791831));
#6623=CARTESIAN_POINT('Ctrl Pts',(89.7666239130723,-114.18999999993,10.71));
#6624=CARTESIAN_POINT('Ctrl Pts',(89.7666239130723,-115.699999999929,10.71));
#6625=CARTESIAN_POINT('Ctrl Pts',(89.7666239130723,-115.699999999929,10.71));
#6626=CARTESIAN_POINT('Ctrl Pts',(89.7666239130723,-115.699999999929,10.71));
#6627=CARTESIAN_POINT('Ctrl Pts',(91.2766239130713,-115.69999999993,10.71));
#6628=CARTESIAN_POINT('Ctrl Pts',(91.2766239130713,-115.69999999993,10.71));
#6629=CARTESIAN_POINT('Ctrl Pts',(91.2766239130713,-115.69999999993,10.71));
#6630=CARTESIAN_POINT('',(89.766623913072,-114.632268760338,11.777731239591));
#6631=CARTESIAN_POINT('Origin',(91.276623913072,-114.632268760338,11.7777312395917));
#6632=CARTESIAN_POINT('Origin',(89.7666239130714,-115.699999999929,10.71));
#6633=CARTESIAN_POINT('Origin',(105.999999252915,-121.568986812039,18.9831488116306));
#6634=CARTESIAN_POINT('',(102.537009401336,-123.478174592978,19.9023881554354));
#6635=CARTESIAN_POINT('',(104.45080639667,-122.629646455554,19.0538600180133));
#6636=CARTESIAN_POINT('Ctrl Pts',(102.537009401336,-123.478174592978,19.9023881554354));
#6637=CARTESIAN_POINT('Ctrl Pts',(102.792124127309,-123.478174592978,19.9023881554357));
#6638=CARTESIAN_POINT('Ctrl Pts',(103.092478248022,-123.436295744628,19.860509307086));
#6639=CARTESIAN_POINT('Ctrl Pts',(103.568287790508,-123.300157462272,19.7243710247298));
#6640=CARTESIAN_POINT('Ctrl Pts',(103.828187425642,-123.180928147207,19.6051417096656));
#6641=CARTESIAN_POINT('Ctrl Pts',(104.182801624956,-122.939908453283,19.3641220157416));
#6642=CARTESIAN_POINT('Ctrl Pts',(104.34723130383,-122.782570839727,19.206784402186));
#6643=CARTESIAN_POINT('Ctrl Pts',(104.45080639667,-122.629646455554,19.0538600180133));
#6644=CARTESIAN_POINT('',(102.466969722012,-122.983199846203,20.3973629022109));
#6645=CARTESIAN_POINT('Origin',(105.999999252914,-122.983200374412,20.3973623740037));
#6646=CARTESIAN_POINT('',(104.299999999995,-122.134671708779,19.5488347647879));
#6647=CARTESIAN_POINT('Origin',(102.466969722013,-121.56898628383,18.9831493398378));
#6648=CARTESIAN_POINT('Origin',(105.999999252915,-122.134672236989,19.5488342365798));
#6649=CARTESIAN_POINT('Origin',(102.46696972201,-108.841064592258,31.7110710314097));
#6650=CARTESIAN_POINT('',(102.466969722009,-110.255278154631,33.1252845937828));
#6651=CARTESIAN_POINT('',(102.466969722009,-110.255278154631,33.1252845937828));
#6652=CARTESIAN_POINT('',(104.299999999992,-109.406750017208,32.2767564563597));
#6653=CARTESIAN_POINT('Origin',(102.46696972201,-108.841064592258,31.7110710314097));
#6654=CARTESIAN_POINT('',(104.299999999992,-109.406750017208,32.2767564563597));
#6655=CARTESIAN_POINT('Origin',(105.999999252912,-108.841063694207,31.7110719294626));
#6656=CARTESIAN_POINT('',(105.999999999991,-108.204668119405,33.4788383541636));
#6657=CARTESIAN_POINT('',(102.90285537406,-109.053196256828,34.3273664915861));
#6658=CARTESIAN_POINT('Ctrl Pts',(102.90285537406,-109.053196256828,34.327366491586));
#6659=CARTESIAN_POINT('Ctrl Pts',(103.123269047786,-109.053196256828,34.3273664915861));
#6660=CARTESIAN_POINT('Ctrl Pts',(103.362287384206,-109.032037044207,34.3062072789654));
#6661=CARTESIAN_POINT('Ctrl Pts',(103.827351517572,-108.949478974952,34.2236492097105));
#6662=CARTESIAN_POINT('Ctrl Pts',(104.053510041556,-108.888397949072,34.1625681838308));
#6663=CARTESIAN_POINT('Ctrl Pts',(104.475039708116,-108.74855371317,34.0227239479283));
#6664=CARTESIAN_POINT('Ctrl Pts',(104.729172019464,-108.643680052049,33.9178502868071));
#6665=CARTESIAN_POINT('Ctrl Pts',(105.08811608963,-108.484334007638,33.7585042423965));
#6666=CARTESIAN_POINT('Ctrl Pts',(105.267287849973,-108.401152000534,33.6753222352927));
#6667=CARTESIAN_POINT('Ctrl Pts',(105.592206929226,-108.271518814276,33.545689049035));
#6668=CARTESIAN_POINT('Ctrl Pts',(105.805543757555,-108.204668119404,33.4788383541632));
#6669=CARTESIAN_POINT('Ctrl Pts',(105.999999252911,-108.204668119404,33.4788383541633));
#6670=CARTESIAN_POINT('Origin',(105.999999252912,-109.406749119157,32.2767573544118));
#6671=CARTESIAN_POINT('Origin',(105.999999252911,-110.25527725658,33.1252854918357));
#6672=CARTESIAN_POINT('Origin',(97.8833122180071,-116.619238815498,26.7613239329127));
#6673=CARTESIAN_POINT('',(92.9669694703753,-109.760303038013,33.6202597103952));
#6674=CARTESIAN_POINT('',(92.9669691109,-109.053196256826,34.3273664915818));
#6675=CARTESIAN_POINT('',(92.9669710340938,-112.836218953234,30.5443437951742));
#6676=CARTESIAN_POINT('',(105.999999999991,-109.053196256829,34.3273664915875));
#6677=CARTESIAN_POINT('',(91.2766239130661,-123.478174592982,19.9023881554251));
#6678=CARTESIAN_POINT('',(101.521343453019,-123.478174592979,19.9023881554345));
#6679=CARTESIAN_POINT('',(90.7666239130667,-123.117550134577,20.26301261383));
#6680=CARTESIAN_POINT('Origin',(91.2766239130667,-123.117550134577,20.2630126138303));
#6681=CARTESIAN_POINT('',(90.7666239130633,-110.120927496417,33.2596352519892));
#6682=CARTESIAN_POINT('',(90.7666239130667,-123.117550134577,20.26301261383));
#6683=CARTESIAN_POINT('',(91.2766239130632,-109.760303038012,33.6202597103945));
#6684=CARTESIAN_POINT('Origin',(91.2766239130633,-110.120927496417,33.2596352519894));
#6685=CARTESIAN_POINT('',(91.2766239130632,-109.760303038012,33.6202597103945));
#6686=CARTESIAN_POINT('Origin',(155.000000000027,-117.679898987312,27.8219841046945));
#6687=CARTESIAN_POINT('',(203.999999477041,-110.113856428623,35.3880266634137));
#6688=CARTESIAN_POINT('',(91.2766239130624,-110.113856428606,35.3880266633609));
#6689=CARTESIAN_POINT('',(203.999999477041,-110.113856428623,35.3880266634137));
#6690=CARTESIAN_POINT('',(89.7666239130627,-111.181587668197,34.3202954237685));
#6691=CARTESIAN_POINT('Origin',(91.2766239130627,-111.181587668197,34.3202954237692));
#6692=CARTESIAN_POINT('',(89.766623913066,-124.178210306356,21.3236727856094));
#6693=CARTESIAN_POINT('',(89.7666239130627,-111.181587668197,34.3202954237685));
#6694=CARTESIAN_POINT('',(91.2766239130663,-125.245941545948,20.2559415460184));
#6695=CARTESIAN_POINT('Origin',(91.276623913066,-124.178210306356,21.3236727856101));
#6696=CARTESIAN_POINT('',(203.999999999993,-125.245941546018,20.2559415460184));
#6697=CARTESIAN_POINT('',(106.000000522951,-125.245941545944,20.2559415460319));
#6698=CARTESIAN_POINT('',(205.700000000064,-124.043859648255,21.4580234437827));
#6699=CARTESIAN_POINT('Origin',(204.000000747064,-124.04386054621,21.4580225458267));
#6700=CARTESIAN_POINT('',(205.699999999985,-111.315937956642,34.1859451353962));
#6701=CARTESIAN_POINT('',(205.700000000064,-124.043859648255,21.4580234437827));
#6702=CARTESIAN_POINT('Origin',(204.00000074706,-111.315937428378,34.1859456636587));
#6703=CARTESIAN_POINT('',(104.799999999991,-111.315938062278,34.1859450296965));
#6704=CARTESIAN_POINT('',(105.99999999999,-110.467409819202,35.034473272774));
#6705=CARTESIAN_POINT('Origin',(105.99999925291,-111.31593742836,34.1859456636155));
#6706=CARTESIAN_POINT('',(203.999999850576,-110.467409819216,35.0344732728205));
#6707=CARTESIAN_POINT('',(203.999999850576,-110.467409819216,35.0344732728205));
#6708=CARTESIAN_POINT('Origin',(204.00000074706,-111.315937428378,34.1859456636587));
#6709=CARTESIAN_POINT('',(203.999999999994,-124.892388155425,20.6094949366117));
#6710=CARTESIAN_POINT('Origin',(204.000000747064,-124.04386054621,21.4580225458267));
#6711=CARTESIAN_POINT('',(106.00000014941,-124.892388155351,20.609494936625));
#6712=CARTESIAN_POINT('',(106.00000014941,-124.892388155351,20.609494936625));
#6713=CARTESIAN_POINT('',(104.799999999994,-124.043860017983,21.4580230739918));
#6714=CARTESIAN_POINT('Origin',(105.999999252914,-124.043860546192,21.4580225457835));
#6715=CARTESIAN_POINT('',(104.799999999991,-111.315938062278,34.1859450296965));
#6716=CARTESIAN_POINT('Origin',(91.2766239130661,-123.478174592982,19.9023881554251));
#6717=CARTESIAN_POINT('',(105.025320201678,-123.478174592978,19.9023881554377));
#6718=CARTESIAN_POINT('',(105.025320201678,-122.629646455554,19.0538600180139));
#6719=CARTESIAN_POINT('',(106.466969606659,-123.478174592977,19.902388155439));
#6720=CARTESIAN_POINT('',(101.521343453019,-123.478174592979,19.9023881554345));
#6721=CARTESIAN_POINT('',(106.466969606659,-123.478174592977,19.902388155439));
#6722=CARTESIAN_POINT('Origin',(95.616796759861,-116.619238815498,26.7613239329117));
#6723=CARTESIAN_POINT('',(106.000000149411,-123.831727983571,19.5488347648452));
#6724=CARTESIAN_POINT('Origin',(105.999999252914,-122.983200374412,20.3973623740037));
#6725=CARTESIAN_POINT('',(106.466969524264,-123.831727983571,19.5488347648451));
#6726=CARTESIAN_POINT('',(149.808398379925,-123.831727983604,19.5488347648392));
#6727=CARTESIAN_POINT('',(106.466970405892,-120.048707627706,23.3318551207101));
#6728=CARTESIAN_POINT('Origin',(106.466969606659,-123.478175175602,19.9023875728144));
#6729=CARTESIAN_POINT('',(106.466969524264,-123.407463914859,19.1245706961332));
#6730=CARTESIAN_POINT('Origin',(104.549999999996,-114.688837302885,20.2771547494101));
#6731=CARTESIAN_POINT('',(104.299999999996,-115.749497474665,19.2164945776302));
#6732=CARTESIAN_POINT('',(104.799999999996,-115.749497474665,19.2164945776304));
#6733=CARTESIAN_POINT('Origin',(104.549999999996,-115.749497474665,19.2164945776303));
#6734=CARTESIAN_POINT('',(104.799999999997,-113.628177131105,19.2164945776304));
#6735=CARTESIAN_POINT('Origin',(104.799999999996,-114.688837302885,20.2771547494102));
#6736=CARTESIAN_POINT('',(104.299999999997,-113.628177131105,19.2164945776302));
#6737=CARTESIAN_POINT('Origin',(104.549999999997,-113.628177131105,19.2164945776303));
#6738=CARTESIAN_POINT('Origin',(104.299999999996,-114.688837302885,20.27715474941));
#6739=CARTESIAN_POINT('Origin',(104.549999999997,-113.394831893314,19.4498398154219));
#6740=CARTESIAN_POINT('',(104.299999999996,-109.074409460264,23.7702622484716));
#6741=CARTESIAN_POINT('',(104.799999999995,-109.074409460264,23.7702622484718));
#6742=CARTESIAN_POINT('Origin',(104.549999999995,-109.074409460264,23.7702622484717));
#6743=CARTESIAN_POINT('',(104.299999999997,-113.394831893314,19.4498398154218));
#6744=CARTESIAN_POINT('',(104.799999999995,-107.030870915461,25.8138007932743));
#6745=CARTESIAN_POINT('Origin',(104.549999999995,-110.135069632044,24.8309224202515));
#6746=CARTESIAN_POINT('',(104.299999999995,-109.074409460264,25.8915825920312));
#6747=CARTESIAN_POINT('',(104.799999999995,-109.074409460264,25.8915825920314));
#6748=CARTESIAN_POINT('Origin',(104.549999999995,-109.074409460264,25.8915825920313));
#6749=CARTESIAN_POINT('Origin',(104.299999999995,-110.135069632044,24.8309224202514));
#6750=CARTESIAN_POINT('Origin',(104.799999999995,-110.135069632044,24.8309224202516));
#6751=CARTESIAN_POINT('Origin',(104.549999999994,-111.004810972903,27.8219841046706));
#6752=CARTESIAN_POINT('',(104.299999999994,-109.576455274906,26.3936284066737));
#6753=CARTESIAN_POINT('',(104.799999999994,-109.576455274906,26.3936284066739));
#6754=CARTESIAN_POINT('Origin',(104.549999999994,-109.576455274906,26.3936284066738));
#6755=CARTESIAN_POINT('',(104.299999999994,-111.004810972903,27.8219841046705));
#6756=CARTESIAN_POINT('',(104.799999999993,-111.004810972903,27.8219841046707));
#6757=CARTESIAN_POINT('Origin',(104.549999999994,-110.637115446686,25.3329682348939));
#6758=CARTESIAN_POINT('',(104.799999999994,-111.697775618466,26.3936284066739));
#6759=CARTESIAN_POINT('',(104.299999999994,-111.697775618466,26.3936284066737));
#6760=CARTESIAN_POINT('Origin',(104.549999999994,-111.697775618466,26.3936284066738));
#6761=CARTESIAN_POINT('Origin',(104.299999999995,-110.637115446686,25.3329682348938));
#6762=CARTESIAN_POINT('Origin',(104.799999999995,-110.637115446686,25.3329682348941));
#6763=CARTESIAN_POINT('Origin',(104.549999999996,-118.295081886937,19.7963221382033));
#6764=CARTESIAN_POINT('',(104.799999999995,-116.251543289307,21.8398607358325));
#6765=CARTESIAN_POINT('',(104.299999999995,-116.251543289307,21.8398607358323));
#6766=CARTESIAN_POINT('Origin',(104.549999999995,-116.251543289307,21.8398607358324));
#6767=CARTESIAN_POINT('',(104.299999999996,-118.295081886936,19.7963221382032));
#6768=CARTESIAN_POINT('',(104.799999999994,-111.931120909084,26.1602831160557));
#6769=CARTESIAN_POINT('Origin',(104.549999999996,-115.190883117528,20.7792005640526));
#6770=CARTESIAN_POINT('',(104.799999999996,-116.251543289307,19.7185403922729));
#6771=CARTESIAN_POINT('',(104.299999999996,-116.251543289307,19.7185403922727));
#6772=CARTESIAN_POINT('Origin',(104.549999999996,-116.251543289307,19.7185403922728));
#6773=CARTESIAN_POINT('Origin',(104.299999999996,-115.190883117528,20.7792005640525));
#6774=CARTESIAN_POINT('Origin',(104.799999999996,-115.190883117528,20.7792005640527));
#6775=CARTESIAN_POINT('Origin',(104.549999999995,-117.428876079983,20.8958731829484));
#6776=CARTESIAN_POINT('',(104.299999999995,-117.428876079983,20.8958731829483));
#6777=CARTESIAN_POINT('',(104.799999999995,-117.428876079983,20.8958731829485));
#6778=CARTESIAN_POINT('Origin',(105.999999252918,-117.184924768683,14.599086768274));
#6779=CARTESIAN_POINT('',(104.799999999995,-122.134671708779,19.5488347647881));
#6780=CARTESIAN_POINT('',(106.000000149411,-122.983199846147,18.7003066274213));
#6781=CARTESIAN_POINT('Origin',(203.99999985058,-103.608474041707,28.175537495311));
#6782=CARTESIAN_POINT('',(105.999999999991,-108.558221509998,33.1252849635703));
#6783=CARTESIAN_POINT('',(203.999999850577,-108.558221510013,33.1252849636169));
#6784=CARTESIAN_POINT('Origin',(204.000000747065,-104.457001650869,27.3270098861492));
#6785=CARTESIAN_POINT('Origin',(205.200000000068,-117.18492413485,14.5990874021684));
#6786=CARTESIAN_POINT('Origin',(204.000000747068,-117.184924768701,14.5990867683172));
#6787=CARTESIAN_POINT('',(203.999999999995,-122.983199846221,18.700306627408));
#6788=CARTESIAN_POINT('Origin',(106.000000149414,-118.033452377841,13.7505591591155));
#6789=CARTESIAN_POINT('Origin',(104.799999999995,-104.457002284769,27.3270092521869));
#6790=CARTESIAN_POINT('',(104.799999999995,-104.457002284769,27.3270092521869));
#6791=CARTESIAN_POINT('Origin',(105.999999252915,-104.457001650851,27.327009886106));
#6792=CARTESIAN_POINT('Origin',(104.299999999998,-117.184924240474,14.599087296482));
#6793=CARTESIAN_POINT('',(104.299999999992,-109.406750017208,32.2767564563597));
#6794=CARTESIAN_POINT('',(104.299999999998,-117.184924240474,14.599087296482));
#6795=CARTESIAN_POINT('Origin',(105.999999252918,-117.184924768683,14.599086768274));
#6796=CARTESIAN_POINT('',(104.450806396674,-117.679898987248,14.1041125497075));
#6797=CARTESIAN_POINT('Origin',(204.000000747068,-117.184924768701,14.5990867683172));
#6798=CARTESIAN_POINT('',(203.999999999995,-123.336753236815,18.3467532368147));
#6799=CARTESIAN_POINT('',(205.700000000065,-122.134671339051,19.548835134579));
#6800=CARTESIAN_POINT('Origin',(205.699999999989,-104.457002179132,27.3270093578867));
#6801=CARTESIAN_POINT('',(205.699999999986,-109.406749647438,32.2767568261925));
#6802=CARTESIAN_POINT('Origin',(204.000000747065,-104.457001650869,27.3270098861492));
#6803=CARTESIAN_POINT('',(203.999999477042,-108.204668119419,33.47883835421));
#6804=CARTESIAN_POINT('Origin',(105.999999252915,-104.457001650851,27.327009886106));
#6805=CARTESIAN_POINT('',(105.999999999994,-103.254920651099,28.5290908858578));
#6806=CARTESIAN_POINT('Origin',(101.466969441868,-124.185281374165,19.1952813742479));
#6807=CARTESIAN_POINT('',(91.276623913067,-124.185281374168,19.1952813742386));
#6808=CARTESIAN_POINT('Origin',(91.2766239130661,-123.478174592982,19.9023881554251));
#6809=CARTESIAN_POINT('',(91.2766239130661,-123.478174592982,19.9023881554251));
#6810=CARTESIAN_POINT('Origin',(89.7666239130667,-123.117550134576,20.2630126138296));
#6811=CARTESIAN_POINT('',(89.7666239130633,-110.120927496417,33.2596352519887));
#6812=CARTESIAN_POINT('',(89.7666239130667,-123.117550134576,20.2630126138296));
#6813=CARTESIAN_POINT('',(89.7666239130688,-107.341997846354,22.0378506345581));
#6814=CARTESIAN_POINT('',(89.76662391307,-111.895765517196,17.4840829637168));
#6815=CARTESIAN_POINT('',(89.7666239130705,-114.006479259013,15.3733692218998));
#6816=CARTESIAN_POINT('',(89.7666239130663,-107.341997846354,27.6239942059319));
#6817=CARTESIAN_POINT('Origin',(89.766623913067,-110.135069632041,24.830922420245));
#6818=CARTESIAN_POINT('',(89.766623913066,-107.844043660997,28.1260400205743));
#6819=CARTESIAN_POINT('',(89.766623913065,-109.445640520384,29.7276368799618));
#6820=CARTESIAN_POINT('',(89.766623913065,-113.43018723237,28.1260400205743));
#6821=CARTESIAN_POINT('Origin',(89.7666239130667,-110.637115446684,25.3329682348875));
#6822=CARTESIAN_POINT('',(89.7666239130662,-117.983954903212,23.572272349733));
#6823=CARTESIAN_POINT('',(89.7666239130661,-117.817784809608,23.7384424433367));
#6824=CARTESIAN_POINT('',(89.7666239130686,-117.983954903212,17.9861287783592));
#6825=CARTESIAN_POINT('Origin',(89.7666239130679,-115.190883117525,20.7792005640461));
#6826=CARTESIAN_POINT('',(89.7666239130689,-117.481909088569,17.4840829637168));
#6827=CARTESIAN_POINT('',(89.7666239130675,-119.83657466992,19.838748545068));
#6828=CARTESIAN_POINT('Origin',(89.7666239130682,-114.688837302882,20.2771547494036));
#6829=CARTESIAN_POINT('Origin',(90.2666239130688,-107.508167939933,21.8716805409796));
#6830=CARTESIAN_POINT('',(90.7666239130688,-107.341997846354,22.0378506345586));
#6831=CARTESIAN_POINT('Origin',(90.2666239130688,-107.341997846354,22.0378506345584));
#6832=CARTESIAN_POINT('',(90.76662391307,-111.895765517196,17.4840829637172));
#6833=CARTESIAN_POINT('Origin',(90.26662391307,-111.895765517196,17.484082963717));
#6834=CARTESIAN_POINT('',(90.7666239130688,-107.508167939933,21.8716805409798));
#6835=CARTESIAN_POINT('Origin',(90.2666239130682,-114.688837302883,20.2771547494039));
#6836=CARTESIAN_POINT('',(90.7666239130689,-117.481909088569,17.4840829637173));
#6837=CARTESIAN_POINT('Origin',(90.2666239130689,-117.481909088569,17.484082963717));
#6838=CARTESIAN_POINT('Origin',(90.7666239130682,-114.688837302883,20.2771547494041));
#6839=CARTESIAN_POINT('Origin',(90.2666239130674,-119.836574669921,19.8387485450682));
#6840=CARTESIAN_POINT('',(90.7666239130686,-117.983954903212,17.9861287783597));
#6841=CARTESIAN_POINT('Origin',(90.2666239130686,-117.983954903212,17.9861287783595));
#6842=CARTESIAN_POINT('',(90.7666239130675,-119.836574669921,19.8387485450684));
#6843=CARTESIAN_POINT('Origin',(90.2666239130679,-115.190883117525,20.7792005640463));
#6844=CARTESIAN_POINT('',(90.7666239130662,-117.983954903212,23.5722723497335));
#6845=CARTESIAN_POINT('Origin',(90.2666239130662,-117.983954903212,23.5722723497332));
#6846=CARTESIAN_POINT('Origin',(90.7666239130679,-115.190883117525,20.7792005640465));
#6847=CARTESIAN_POINT('Origin',(90.2666239130644,-111.319473490529,30.2367537624164));
#6848=CARTESIAN_POINT('',(90.766623913065,-113.430187232371,28.1260400205748));
#6849=CARTESIAN_POINT('Origin',(90.266623913065,-113.43018723237,28.1260400205746));
#6850=CARTESIAN_POINT('',(90.7666239130644,-111.319473490529,30.2367537624167));
#6851=CARTESIAN_POINT('Origin',(90.2666239130667,-110.637115446684,25.3329682348877));
#6852=CARTESIAN_POINT('',(90.766623913066,-107.844043660997,28.1260400205748));
#6853=CARTESIAN_POINT('Origin',(90.266623913066,-107.844043660997,28.1260400205745));
#6854=CARTESIAN_POINT('Origin',(90.7666239130667,-110.637115446684,25.3329682348879));
#6855=CARTESIAN_POINT('Origin',(90.266623913065,-109.445640520384,29.7276368799621));
#6856=CARTESIAN_POINT('',(90.7666239130663,-107.341997846354,27.6239942059323));
#6857=CARTESIAN_POINT('Origin',(90.2666239130663,-107.341997846354,27.6239942059321));
#6858=CARTESIAN_POINT('',(90.766623913065,-109.445640520384,29.7276368799623));
#6859=CARTESIAN_POINT('Origin',(90.266623913067,-110.135069632041,24.8309224202453));
#6860=CARTESIAN_POINT('Origin',(90.766623913067,-110.135069632041,24.8309224202455));
#6861=CARTESIAN_POINT('Origin',(90.7666239130633,-110.120927496417,33.2596352519892));
#6862=CARTESIAN_POINT('',(90.7666239130667,-123.117550134577,20.26301261383));
#6863=CARTESIAN_POINT('',(90.7666239130633,-110.120927496417,33.2596352519892));
#6864=CARTESIAN_POINT('Origin',(91.2766239130667,-123.117550134577,20.2630126138303));
#6865=CARTESIAN_POINT('Origin',(91.2766239130633,-110.120927496417,33.2596352519894));
#6866=CARTESIAN_POINT('',(91.276623913063,-109.053196256826,34.3273664915811));
#6867=CARTESIAN_POINT('Origin',(91.276623913063,-109.053196256826,34.3273664915811));
#6868=CARTESIAN_POINT('',(92.9669691109,-109.053196256826,34.3273664915818));
#6869=CARTESIAN_POINT('Origin',(92.9669691109011,-109.053198417418,34.3273643309894));
#6870=CARTESIAN_POINT('',(92.9669694703753,-109.760303038013,33.6202597103952));
#6871=CARTESIAN_POINT('Origin',(101.466969470376,-109.760303038014,33.6202597103989));
#6872=CARTESIAN_POINT('',(91.2766239130632,-109.760303038012,33.6202597103945));
#6873=CARTESIAN_POINT('Origin',(91.2766239130633,-110.120927496417,33.2596352519894));
#6874=CARTESIAN_POINT('Origin',(91.2766239130667,-123.117550134577,20.2630126138303));
#6875=CARTESIAN_POINT('Origin',(146.1594137627,-119.912653630204,19.6353903642061));
#6876=CARTESIAN_POINT('',(146.1594137627,-119.912653630204,19.6353903642056));
#6877=CARTESIAN_POINT('',(149.420674177759,-119.912653630204,19.6353903642082));
#6878=CARTESIAN_POINT('',(127.496545313938,-119.912653630204,19.635390364194));
#6879=CARTESIAN_POINT('',(149.42067417776,-118.498440067831,18.2211768018351));
#6880=CARTESIAN_POINT('',(149.420674177759,-119.912653630204,19.6353903642082));
#6881=CARTESIAN_POINT('',(146.159413762701,-118.498440067831,18.2211768018325));
#6882=CARTESIAN_POINT('',(127.496545313939,-118.498440067831,18.2211768018209));
#6883=CARTESIAN_POINT('',(146.1594137627,-119.912653630204,19.6353903642056));
#6884=CARTESIAN_POINT('Origin',(146.159413762697,-109.830637705946,29.7174062884639));
#6885=CARTESIAN_POINT('',(146.159413762697,-109.830637705946,29.7174062884639));
#6886=CARTESIAN_POINT('',(146.1594137627,-119.912653630204,19.6353903642056));
#6887=CARTESIAN_POINT('',(146.159413762698,-108.416424143573,28.3031927260908));
#6888=CARTESIAN_POINT('',(146.159413762701,-118.498440067831,18.2211768018326));
#6889=CARTESIAN_POINT('',(146.159413762697,-109.830637705946,29.7174062884639));
#6890=CARTESIAN_POINT('Origin',(149.420674177756,-109.830637705947,29.7174062884653));
#6891=CARTESIAN_POINT('',(149.420674177756,-109.830637705947,29.7174062884653));
#6892=CARTESIAN_POINT('',(205.199999999988,-109.830637705957,29.7174062884899));
#6893=CARTESIAN_POINT('',(149.420674177757,-108.416424143574,28.3031927260922));
#6894=CARTESIAN_POINT('',(205.199999999989,-108.416424143584,28.3031927261168));
#6895=CARTESIAN_POINT('',(149.420674177756,-109.830637705947,29.7174062884653));
#6896=CARTESIAN_POINT('Origin',(149.420674177759,-119.912653630204,19.6353903642082));
#6897=CARTESIAN_POINT('',(149.420674177756,-109.830637705947,29.7174062884653));
#6898=CARTESIAN_POINT('',(149.420674177757,-108.416424143574,28.3031927260922));
#6899=CARTESIAN_POINT('Origin',(130.913991979555,-119.912653630204,19.6353903641962));
#6900=CARTESIAN_POINT('',(130.913991979555,-119.912653630205,19.6353903641959));
#6901=CARTESIAN_POINT('',(143.848284334705,-119.912653630204,19.6353903642046));
#6902=CARTESIAN_POINT('',(127.496545313938,-119.912653630204,19.635390364194));
#6903=CARTESIAN_POINT('',(143.848284334706,-118.498440067831,18.2211768018315));
#6904=CARTESIAN_POINT('',(143.848284334705,-119.912653630204,19.6353903642046));
#6905=CARTESIAN_POINT('',(130.913991979556,-118.498440067832,18.2211768018228));
#6906=CARTESIAN_POINT('',(127.496545313939,-118.498440067831,18.2211768018209));
#6907=CARTESIAN_POINT('',(130.913991979555,-119.912653630205,19.6353903641959));
#6908=CARTESIAN_POINT('Origin',(130.913991979553,-109.830637705943,29.7174062884572));
#6909=CARTESIAN_POINT('',(130.913991979553,-109.830637705943,29.7174062884571));
#6910=CARTESIAN_POINT('',(130.913991979555,-119.912653630205,19.6353903641959));
#6911=CARTESIAN_POINT('',(130.913991979553,-108.41642414357,28.3031927260841));
#6912=CARTESIAN_POINT('',(130.913991979556,-118.498440067832,18.2211768018228));
#6913=CARTESIAN_POINT('',(130.913991979553,-109.830637705943,29.7174062884571));
#6914=CARTESIAN_POINT('Origin',(143.848284334702,-109.830637705946,29.7174062884629));
#6915=CARTESIAN_POINT('',(143.848284334702,-109.830637705946,29.7174062884628));
#6916=CARTESIAN_POINT('',(205.199999999988,-109.830637705957,29.7174062884899));
#6917=CARTESIAN_POINT('',(143.848284334703,-108.416424143573,28.3031927260898));
#6918=CARTESIAN_POINT('',(205.199999999989,-108.416424143584,28.3031927261168));
#6919=CARTESIAN_POINT('',(143.848284334702,-109.830637705946,29.7174062884628));
#6920=CARTESIAN_POINT('Origin',(143.848284334705,-119.912653630204,19.6353903642046));
#6921=CARTESIAN_POINT('',(143.848284334702,-109.830637705946,29.7174062884628));
#6922=CARTESIAN_POINT('',(143.848284334703,-108.416424143573,28.3031927260898));
#6923=CARTESIAN_POINT('Origin',(169.169522212638,-119.912653630203,19.635390364221));
#6924=CARTESIAN_POINT('',(169.169522212638,-119.912653630204,19.6353903642205));
#6925=CARTESIAN_POINT('',(182.036915690245,-119.912653630206,19.6353903642261));
#6926=CARTESIAN_POINT('',(127.496545313938,-119.912653630204,19.635390364194));
#6927=CARTESIAN_POINT('',(182.036915690245,-118.498440067833,18.221176801853));
#6928=CARTESIAN_POINT('',(182.036915690245,-119.912653630206,19.6353903642261));
#6929=CARTESIAN_POINT('',(169.169522212639,-118.498440067831,18.2211768018474));
#6930=CARTESIAN_POINT('',(127.496545313939,-118.498440067831,18.2211768018209));
#6931=CARTESIAN_POINT('',(169.169522212638,-119.912653630204,19.6353903642205));
#6932=CARTESIAN_POINT('Origin',(169.169522212636,-109.83063770595,29.717406288474));
#6933=CARTESIAN_POINT('',(169.169522212636,-109.83063770595,29.717406288474));
#6934=CARTESIAN_POINT('',(169.169522212638,-119.912653630204,19.6353903642205));
#6935=CARTESIAN_POINT('',(169.169522212636,-108.416424143577,28.3031927261009));
#6936=CARTESIAN_POINT('',(169.169522212639,-118.498440067831,18.2211768018474));
#6937=CARTESIAN_POINT('',(169.169522212636,-109.83063770595,29.717406288474));
#6938=CARTESIAN_POINT('Origin',(182.036915690242,-109.830637705953,29.7174062884797));
#6939=CARTESIAN_POINT('',(182.036915690242,-109.830637705953,29.7174062884797));
#6940=CARTESIAN_POINT('',(205.199999999988,-109.830637705957,29.7174062884899));
#6941=CARTESIAN_POINT('',(182.036915690243,-108.41642414358,28.3031927261066));
#6942=CARTESIAN_POINT('',(205.199999999989,-108.416424143584,28.3031927261168));
#6943=CARTESIAN_POINT('',(182.036915690242,-109.830637705953,29.7174062884797));
#6944=CARTESIAN_POINT('Origin',(182.036915690244,-119.912653630206,19.6353903642261));
#6945=CARTESIAN_POINT('',(182.036915690242,-109.830637705953,29.7174062884797));
#6946=CARTESIAN_POINT('',(182.036915690243,-108.41642414358,28.3031927261066));
#6947=CARTESIAN_POINT('Origin',(150.858710266289,-119.912653630204,19.6353903642092));
#6948=CARTESIAN_POINT('',(150.858710266289,-119.912653630204,19.6353903642089));
#6949=CARTESIAN_POINT('',(163.140445153113,-119.912653630203,19.6353903642178));
#6950=CARTESIAN_POINT('',(127.496545313938,-119.912653630204,19.635390364194));
#6951=CARTESIAN_POINT('',(163.140445153114,-118.49844006783,18.2211768018447));
#6952=CARTESIAN_POINT('',(163.140445153113,-119.912653630203,19.6353903642178));
#6953=CARTESIAN_POINT('',(150.85871026629,-118.498440067831,18.2211768018358));
#6954=CARTESIAN_POINT('',(127.496545313939,-118.498440067831,18.2211768018209));
#6955=CARTESIAN_POINT('',(150.858710266289,-119.912653630204,19.6353903642089));
#6956=CARTESIAN_POINT('Origin',(150.858710266287,-109.830637705947,29.7174062884659));
#6957=CARTESIAN_POINT('',(150.858710266287,-109.830637705947,29.7174062884659));
#6958=CARTESIAN_POINT('',(150.858710266289,-119.912653630204,19.6353903642089));
#6959=CARTESIAN_POINT('',(150.858710266287,-108.416424143574,28.3031927260928));
#6960=CARTESIAN_POINT('',(150.85871026629,-118.498440067831,18.2211768018358));
#6961=CARTESIAN_POINT('',(150.858710266287,-109.830637705947,29.7174062884659));
#6962=CARTESIAN_POINT('Origin',(163.14044515311,-109.830637705949,29.7174062884714));
#6963=CARTESIAN_POINT('',(163.14044515311,-109.830637705949,29.7174062884714));
#6964=CARTESIAN_POINT('',(205.199999999988,-109.830637705957,29.7174062884899));
#6965=CARTESIAN_POINT('',(163.140445153111,-108.416424143576,28.3031927260983));
#6966=CARTESIAN_POINT('',(205.199999999989,-108.416424143584,28.3031927261168));
#6967=CARTESIAN_POINT('',(163.14044515311,-109.830637705949,29.7174062884714));
#6968=CARTESIAN_POINT('Origin',(163.140445153113,-119.912653630203,19.6353903642178));
#6969=CARTESIAN_POINT('',(163.14044515311,-109.830637705949,29.7174062884714));
#6970=CARTESIAN_POINT('',(163.140445153111,-108.416424143576,28.3031927260983));
#6971=CARTESIAN_POINT('Origin',(129.185954987561,-109.830637705943,29.7174062884564));
#6972=CARTESIAN_POINT('',(129.185954987561,-109.830637705943,29.7174062884564));
#6973=CARTESIAN_POINT('',(127.297064697517,-109.830637705943,29.7174062884556));
#6974=CARTESIAN_POINT('',(205.199999999988,-109.830637705957,29.7174062884899));
#6975=CARTESIAN_POINT('',(127.297064697518,-108.41642414357,28.3031927260825));
#6976=CARTESIAN_POINT('',(127.297064697517,-109.830637705943,29.7174062884556));
#6977=CARTESIAN_POINT('',(129.185954987562,-108.41642414357,28.3031927260833));
#6978=CARTESIAN_POINT('',(205.199999999989,-108.416424143584,28.3031927261168));
#6979=CARTESIAN_POINT('',(129.185954987561,-109.830637705943,29.7174062884564));
#6980=CARTESIAN_POINT('Origin',(129.185954987564,-119.912653630204,19.6353903641951));
#6981=CARTESIAN_POINT('',(129.185954987564,-119.912653630204,19.6353903641951));
#6982=CARTESIAN_POINT('',(129.185954987561,-109.830637705943,29.7174062884564));
#6983=CARTESIAN_POINT('',(129.185954987565,-118.498440067831,18.221176801822));
#6984=CARTESIAN_POINT('',(129.185954987562,-108.41642414357,28.3031927260833));
#6985=CARTESIAN_POINT('',(129.185954987564,-119.912653630204,19.6353903641951));
#6986=CARTESIAN_POINT('Origin',(127.496545313938,-119.912653630204,19.635390364194));
#6987=CARTESIAN_POINT('',(127.496545313938,-119.912653630204,19.635390364194));
#6988=CARTESIAN_POINT('',(127.496545313938,-119.912653630204,19.635390364194));
#6989=CARTESIAN_POINT('',(127.496545313939,-118.498440067831,18.2211768018209));
#6990=CARTESIAN_POINT('',(127.496545313939,-118.498440067831,18.2211768018209));
#6991=CARTESIAN_POINT('',(127.496545313938,-119.912653630204,19.635390364194));
#6992=CARTESIAN_POINT('Origin',(127.496545313941,-121.774047250367,17.7739967440315));
#6993=CARTESIAN_POINT('',(127.496545313941,-121.774047250367,17.7739967440315));
#6994=CARTESIAN_POINT('',(127.496545313941,-121.915468606591,17.6325753878073));
#6995=CARTESIAN_POINT('',(127.496545313942,-120.359833687994,16.3597831816584));
#6996=CARTESIAN_POINT('',(127.496545313942,-120.501255044218,16.2183618254342));
#6997=CARTESIAN_POINT('',(127.496545313941,-121.774047250367,17.7739967440315));
#6998=CARTESIAN_POINT('Origin',(203.999999999996,-121.774047250339,17.7739967441068));
#6999=CARTESIAN_POINT('',(203.999999999996,-121.774047250339,17.7739967441068));
#7000=CARTESIAN_POINT('',(203.999999999996,-121.774047250339,17.7739967441068));
#7001=CARTESIAN_POINT('',(203.999999999997,-120.359833687966,16.3597831817337));
#7002=CARTESIAN_POINT('',(203.999999999997,-120.359833687966,16.3597831817337));
#7003=CARTESIAN_POINT('',(203.999999999996,-121.774047250339,17.7739967441068));
#7004=CARTESIAN_POINT('Origin',(204.000000747066,-121.066940997415,18.4811029970314));
#7005=CARTESIAN_POINT('',(204.999999999996,-121.066940469206,18.4811035252406));
#7006=CARTESIAN_POINT('Origin',(204.000000747066,-121.066940997415,18.4811029970314));
#7007=CARTESIAN_POINT('',(204.999999999996,-119.652726906833,17.0668899628675));
#7008=CARTESIAN_POINT('Origin',(204.000000747066,-119.652727435042,17.0668894346583));
#7009=CARTESIAN_POINT('',(204.999999999996,-121.066940469206,18.4811035252406));
#7010=CARTESIAN_POINT('Origin',(204.999999999995,-119.912653630202,19.6353903642443));
#7011=CARTESIAN_POINT('',(204.999999999995,-119.912653630202,19.6353903642443));
#7012=CARTESIAN_POINT('',(204.999999999987,-108.339018407848,31.2090255865984));
#7013=CARTESIAN_POINT('',(204.999999999996,-118.498440067829,18.2211768018712));
#7014=CARTESIAN_POINT('',(204.999999999988,-106.924804845475,29.7948120242253));
#7015=CARTESIAN_POINT('',(204.999999999995,-119.912653630202,19.6353903642443));
#7016=CARTESIAN_POINT('Origin',(188.275219364016,-119.912653630203,19.6353903642334));
#7017=CARTESIAN_POINT('',(188.275219364016,-119.912653630207,19.6353903642289));
#7018=CARTESIAN_POINT('',(127.496545313938,-119.912653630204,19.635390364194));
#7019=CARTESIAN_POINT('',(188.275219364016,-118.498440067834,18.2211768018558));
#7020=CARTESIAN_POINT('',(127.496545313939,-118.498440067831,18.2211768018209));
#7021=CARTESIAN_POINT('',(188.275219364016,-119.912653630207,19.6353903642289));
#7022=CARTESIAN_POINT('Origin',(188.275219364013,-109.830637705954,29.7174062884824));
#7023=CARTESIAN_POINT('',(188.275219364013,-109.830637705954,29.7174062884824));
#7024=CARTESIAN_POINT('',(188.275219364016,-119.912653630207,19.6353903642289));
#7025=CARTESIAN_POINT('',(188.275219364014,-108.416424143581,28.3031927261094));
#7026=CARTESIAN_POINT('',(188.275219364016,-118.498440067834,18.2211768018558));
#7027=CARTESIAN_POINT('',(188.275219364013,-109.830637705954,29.7174062884824));
#7028=CARTESIAN_POINT('Origin',(204.999999999988,-109.830637705957,29.7174062884898));
#7029=CARTESIAN_POINT('',(204.999999999988,-109.830637705957,29.7174062884898));
#7030=CARTESIAN_POINT('',(205.199999999988,-109.830637705957,29.7174062884899));
#7031=CARTESIAN_POINT('',(204.999999999989,-108.416424143584,28.3031927261167));
#7032=CARTESIAN_POINT('',(205.199999999989,-108.416424143584,28.3031927261168));
#7033=CARTESIAN_POINT('',(204.999999999988,-109.830637705957,29.7174062884898));
#7034=CARTESIAN_POINT('Origin',(204.999999999987,-108.339018407848,31.2090255865984));
#7035=CARTESIAN_POINT('',(204.999999999987,-108.339018407848,31.2090255865984));
#7036=CARTESIAN_POINT('',(204.999999999987,-108.339018407848,31.2090255865984));
#7037=CARTESIAN_POINT('',(204.999999999988,-106.924804845475,29.7948120242253));
#7038=CARTESIAN_POINT('',(204.999999999988,-106.924804845475,29.7948120242253));
#7039=CARTESIAN_POINT('',(204.999999999987,-108.339018407848,31.2090255865984));
#7040=CARTESIAN_POINT('Origin',(204.000000747062,-108.339017879583,31.2090261148633));
#7041=CARTESIAN_POINT('',(203.999999999992,-107.631911626658,31.9161323677879));
#7042=CARTESIAN_POINT('Origin',(204.000000747062,-108.339017879583,31.2090261148633));
#7043=CARTESIAN_POINT('',(203.999999999993,-106.217698064285,30.5019188054148));
#7044=CARTESIAN_POINT('Origin',(204.000000747063,-106.92480431721,29.7948125524902));
#7045=CARTESIAN_POINT('',(203.999999999992,-107.631911626658,31.9161323677879));
#7046=CARTESIAN_POINT('Origin',(127.297064697516,-107.631911626644,31.916132367754));
#7047=CARTESIAN_POINT('',(127.297064697516,-107.631911626644,31.916132367754));
#7048=CARTESIAN_POINT('',(105.999999999992,-107.63191162664,31.9161323677447));
#7049=CARTESIAN_POINT('',(127.297064697517,-106.217698064271,30.501918805381));
#7050=CARTESIAN_POINT('',(105.999999999993,-106.217698064267,30.5019188053716));
#7051=CARTESIAN_POINT('',(127.297064697516,-107.631911626644,31.916132367754));
#7052=CARTESIAN_POINT('Origin',(127.297064697517,-109.830637705943,29.7174062884556));
#7053=CARTESIAN_POINT('',(127.297064697517,-109.830637705943,29.7174062884556));
#7054=CARTESIAN_POINT('',(127.297064697518,-108.41642414357,28.3031927260825));
#7055=CARTESIAN_POINT('Origin',(166.148532348757,-113.288765876139,23.4308509935369));
#7056=CARTESIAN_POINT('Origin',(166.148532348756,-114.702979438513,24.84506455591));
#7057=UNCERTAINTY_MEASURE_WITH_UNIT(LENGTH_MEASURE(0.01),#7061,
'DISTANCE_ACCURACY_VALUE',
'Maximum model space distance between geometric entities at asserted c
onnectivities');
#7058=UNCERTAINTY_MEASURE_WITH_UNIT(LENGTH_MEASURE(0.01),#7061,
'DISTANCE_ACCURACY_VALUE',
'Maximum model space distance between geometric entities at asserted c
onnectivities');
#7059=(
GEOMETRIC_REPRESENTATION_CONTEXT(3)
GLOBAL_UNCERTAINTY_ASSIGNED_CONTEXT((#7057))
GLOBAL_UNIT_ASSIGNED_CONTEXT((#7061,#7063,#7064))
REPRESENTATION_CONTEXT('','3D')
);
#7060=(
GEOMETRIC_REPRESENTATION_CONTEXT(3)
GLOBAL_UNCERTAINTY_ASSIGNED_CONTEXT((#7058))
GLOBAL_UNIT_ASSIGNED_CONTEXT((#7061,#7063,#7064))
REPRESENTATION_CONTEXT('','3D')
);
#7061=(
LENGTH_UNIT()
NAMED_UNIT(*)
SI_UNIT(.MILLI.,.METRE.)
);
#7062=(
LENGTH_UNIT()
NAMED_UNIT(*)
SI_UNIT($,.METRE.)
);
#7063=(
NAMED_UNIT(*)
PLANE_ANGLE_UNIT()
SI_UNIT($,.RADIAN.)
);
#7064=(
NAMED_UNIT(*)
SI_UNIT($,.STERADIAN.)
SOLID_ANGLE_UNIT()
);
#7065=SHAPE_DEFINITION_REPRESENTATION(#7066,#7067);
#7066=PRODUCT_DEFINITION_SHAPE('',$,#7069);
#7067=SHAPE_REPRESENTATION('',(#4262),#7059);
#7068=PRODUCT_DEFINITION_CONTEXT('part definition',#7073,'design');
#7069=PRODUCT_DEFINITION('Bottom Part of case','Bottom Part of case',#7070,
#7068);
#7070=PRODUCT_DEFINITION_FORMATION('',$,#7075);
#7071=PRODUCT_RELATED_PRODUCT_CATEGORY('Bottom Part of case',
'Bottom Part of case',(#7075));
#7072=APPLICATION_PROTOCOL_DEFINITION('international standard',
'automotive_design',2009,#7073);
#7073=APPLICATION_CONTEXT(
'Core Data for Automotive Mechanical Design Process');
#7074=PRODUCT_CONTEXT('part definition',#7073,'mechanical');
#7075=PRODUCT('Bottom Part of case','Bottom Part of case',$,(#7074));
#7076=PRESENTATION_STYLE_ASSIGNMENT((#7078));
#7077=PRESENTATION_STYLE_ASSIGNMENT((#7079));
#7078=SURFACE_STYLE_USAGE(.BOTH.,#7080);
#7079=SURFACE_STYLE_USAGE(.BOTH.,#7081);
#7080=SURFACE_SIDE_STYLE('',(#7082));
#7081=SURFACE_SIDE_STYLE('',(#7083));
#7082=SURFACE_STYLE_FILL_AREA(#7084);
#7083=SURFACE_STYLE_FILL_AREA(#7085);
#7084=FILL_AREA_STYLE('Steel - Satin',(#7086));
#7085=FILL_AREA_STYLE('ABS (White)',(#7087));
#7086=FILL_AREA_STYLE_COLOUR('Steel - Satin',#7088);
#7087=FILL_AREA_STYLE_COLOUR('ABS (White)',#7089);
#7088=COLOUR_RGB('Steel - Satin',0.627450980392157,0.627450980392157,0.627450980392157);
#7089=COLOUR_RGB('ABS (White)',0.964705882352941,0.964705882352941,0.952941176470588);
ENDSEC;
END-ISO-10303-21;
