ISO-10303-21;
HEADER;
/* Generated by software containing ST-Developer
 * from STEP Tools, Inc. (www.steptools.com) 
 */

FILE_DESCRIPTION(
/* description */ (''),
/* implementation_level */ '2;1');

FILE_NAME(
/* name */ 'Top.step',
/* time_stamp */ '2026-02-23T21:51:18+01:00',
/* author */ (''),
/* organization */ (''),
/* preprocessor_version */ 'ST-DEVELOPER v20.1',
/* originating_system */ 'Autodesk Translation Framework v14.24.0.0',
/* authorisation */ '');

FILE_SCHEMA (('AUTOMOTIVE_DESIGN { 1 0 10303 214 3 1 1 }'));
ENDSEC;

DATA;
#10=MECHANICAL_DESIGN_GEOMETRIC_PRESENTATION_REPRESENTATION('',(#13),#2525);
#11=SHAPE_REPRESENTATION_RELATIONSHIP('SRR','None',#2532,#12);
#12=ADVANCED_BREP_SHAPE_REPRESENTATION('',(#14),#2524);
#13=STYLED_ITEM('',(#2542),#14);
#14=MANIFOLD_SOLID_BREP('Body1',#1302);
#15=CYLINDRICAL_SURFACE('',#1325,1.);
#16=CYLINDRICAL_SURFACE('',#1327,0.5);
#17=CYLINDRICAL_SURFACE('',#1368,1.19999925300022);
#18=CYLINDRICAL_SURFACE('',#1370,1.19999925292495);
#19=CYLINDRICAL_SURFACE('',#1374,1.00999999999999);
#20=CYLINDRICAL_SURFACE('',#1376,1.00999999999999);
#21=CYLINDRICAL_SURFACE('',#1377,1.00999999999999);
#22=CYLINDRICAL_SURFACE('',#1381,1.19999925300022);
#23=CYLINDRICAL_SURFACE('',#1383,1.19999925292495);
#24=CYLINDRICAL_SURFACE('',#1386,1.69999925292489);
#25=CYLINDRICAL_SURFACE('',#1389,1.69999925300015);
#26=CYLINDRICAL_SURFACE('',#1392,1.51);
#27=CYLINDRICAL_SURFACE('',#1395,1.51);
#28=B_SPLINE_SURFACE_WITH_KNOTS('',3,3,((#1755,#1756,#1757,#1758),(#1759,
#1760,#1761,#1762),(#1763,#1764,#1765,#1766),(#1767,#1768,#1769,#1770),
(#1771,#1772,#1773,#1774)),.UNSPECIFIED.,.F.,.F.,.F.,(4,1,4),(4,4),(0.,
0.5,1.),(-0.32522649590913,1.71523011744352),.UNSPECIFIED.);
#29=B_SPLINE_SURFACE_WITH_KNOTS('',3,3,((#1914,#1915,#1916,#1917),(#1918,
#1919,#1920,#1921),(#1922,#1923,#1924,#1925),(#1926,#1927,#1928,#1929)),
 .UNSPECIFIED.,.F.,.F.,.F.,(4,4),(4,4),(1.8069503121978E-21,0.450613192693252),
(3.91334408489968,5.84143357770161),.UNSPECIFIED.);
#30=B_SPLINE_SURFACE_WITH_KNOTS('',3,3,((#2044,#2045,#2046,#2047),(#2048,
#2049,#2050,#2051),(#2052,#2053,#2054,#2055),(#2056,#2057,#2058,#2059)),
 .UNSPECIFIED.,.F.,.F.,.F.,(4,4),(4,4),(0.,0.450613192327922),(0.0147666784642714,
3.83483497929053),.UNSPECIFIED.);
#31=B_SPLINE_SURFACE_WITH_KNOTS('',3,3,((#2071,#2072,#2073,#2074,#2075),
(#2076,#2077,#2078,#2079,#2080),(#2081,#2082,#2083,#2084,#2085),(#2086,
#2087,#2088,#2089,#2090)),.UNSPECIFIED.,.F.,.F.,.F.,(4,4),(4,1,4),(0.,0.450613192327931),
(3.83483497928771,3.86848173883629,3.91334408490106),.UNSPECIFIED.);
#32=B_SPLINE_SURFACE_WITH_KNOTS('',3,3,((#2098,#2099,#2100,#2101),(#2102,
#2103,#2104,#2105),(#2106,#2107,#2108,#2109),(#2110,#2111,#2112,#2113),
(#2114,#2115,#2116,#2117)),.UNSPECIFIED.,.F.,.F.,.F.,(4,1,4),(4,4),(0.,
0.5,1.),(-0.0500000000000015,3.05798450545802),.UNSPECIFIED.);
#33=B_SPLINE_SURFACE_WITH_KNOTS('',3,3,((#2210,#2211,#2212,#2213),(#2214,
#2215,#2216,#2217),(#2218,#2219,#2220,#2221),(#2222,#2223,#2224,#2225),
(#2226,#2227,#2228,#2229)),.UNSPECIFIED.,.F.,.F.,.F.,(4,1,4),(4,4),(0.,
0.5,1.),(-0.0500000000000015,1.20358315463285),.UNSPECIFIED.);
#34=B_SPLINE_SURFACE_WITH_KNOTS('',3,3,((#2278,#2279,#2280,#2281),(#2282,
#2283,#2284,#2285),(#2286,#2287,#2288,#2289),(#2290,#2291,#2292,#2293),
(#2294,#2295,#2296,#2297)),.UNSPECIFIED.,.F.,.F.,.F.,(4,1,4),(4,4),(0.,
0.5,1.),(-0.0500000000000013,3.05798450545802),.UNSPECIFIED.);
#35=B_SPLINE_SURFACE_WITH_KNOTS('',3,3,((#2346,#2347,#2348,#2349),(#2350,
#2351,#2352,#2353),(#2354,#2355,#2356,#2357),(#2358,#2359,#2360,#2361),
(#2362,#2363,#2364,#2365)),.UNSPECIFIED.,.F.,.F.,.F.,(4,1,4),(4,4),(0.,
0.5,1.),(-0.0500000000000014,1.20358315463286),.UNSPECIFIED.);
#36=B_SPLINE_CURVE_WITH_KNOTS('',3,(#1751,#1752,#1753,#1754),
 .UNSPECIFIED.,.F.,.F.,(4,4),(-0.32522649590913,1.71477350408638),
 .UNSPECIFIED.);
#37=B_SPLINE_CURVE_WITH_KNOTS('',3,(#1776,#1777,#1778,#1779),
 .UNSPECIFIED.,.F.,.F.,(4,4),(0.,0.0229776989146914),.UNSPECIFIED.);
#38=B_SPLINE_CURVE_WITH_KNOTS('',3,(#1781,#1782,#1783,#1784,#1785,#1786,
#1787),.UNSPECIFIED.,.F.,.F.,(4,3,4),(0.0410179874316031,0.045564106116475,
0.0915897443294714),.UNSPECIFIED.);
#39=B_SPLINE_CURVE_WITH_KNOTS('',3,(#1789,#1790,#1791,#1792),
 .UNSPECIFIED.,.F.,.F.,(4,4),(0.0147698825564799,0.0152264959136259),
 .UNSPECIFIED.);
#40=B_SPLINE_CURVE_WITH_KNOTS('',3,(#1794,#1795,#1796,#1797,#1798,#1799,
#1800,#1801,#1802,#1803,#1804,#1805,#1806,#1807,#1808,#1809,#1810,#1811,
#1812,#1813,#1814,#1815,#1816,#1817,#1818),.UNSPECIFIED.,.F.,.F.,(4,3,3,
3,3,3,3,3,4),(-0.000658259770342058,0.,0.012850245424211,0.0242754194742149,
0.025700490848422,0.0358517788429516,0.0447167136326185,0.0460030668374812,
0.0500827659921455),.UNSPECIFIED.);
#41=B_SPLINE_CURVE_WITH_KNOTS('',3,(#1820,#1821,#1822,#1823),
 .UNSPECIFIED.,.F.,.F.,(4,4),(-1.68,0.280045426351723),.UNSPECIFIED.);
#42=B_SPLINE_CURVE_WITH_KNOTS('',3,(#1824,#1825,#1826,#1827,#1828,#1829,
#1830,#1831,#1832,#1833,#1834,#1835),.UNSPECIFIED.,.F.,.F.,(4,2,2,2,2,4),
(-0.0750930553283333,-0.0648693507156671,-0.0464224368588349,-0.0249932800962541,
0.,0.000562468492602503),.UNSPECIFIED.);
#43=B_SPLINE_CURVE_WITH_KNOTS('',3,(#1898,#1899,#1900,#1901,#1902,#1903),
 .UNSPECIFIED.,.F.,.F.,(4,2,4),(0.0722663493718466,0.0891991513795385,0.0900036734651112),
 .UNSPECIFIED.);
#44=B_SPLINE_CURVE_WITH_KNOTS('',3,(#1904,#1905,#1906,#1907,#1908,#1909,
#1910,#1911,#1912,#1913),.UNSPECIFIED.,.F.,.F.,(4,3,3,4),(-0.0892623152862098,
-0.0888439290890821,-0.0750774284597872,-0.0680914445992531),
 .UNSPECIFIED.);
#45=B_SPLINE_CURVE_WITH_KNOTS('',3,(#1931,#1932,#1933,#1934,#1935,#1936),
 .UNSPECIFIED.,.F.,.F.,(4,2,4),(0.0476948656706951,0.980029527405725,1.96004542635003),
 .UNSPECIFIED.);
#46=B_SPLINE_CURVE_WITH_KNOTS('',3,(#1938,#1939,#1940,#1941,#1942,#1943,
#1944,#1945,#1946,#1947,#1948,#1949,#1950),.UNSPECIFIED.,.F.,.F.,(4,3,3,
3,4),(0.0678711469349831,0.0755940189471509,0.0886343590032913,0.0967312722053044,
0.0972879050564873),.UNSPECIFIED.);
#47=B_SPLINE_CURVE_WITH_KNOTS('',3,(#1952,#1953,#1954,#1955),
 .UNSPECIFIED.,.F.,.F.,(4,4),(-5.82335542050761,-3.91334408489968),
 .UNSPECIFIED.);
#48=B_SPLINE_CURVE_WITH_KNOTS('',3,(#1956,#1957,#1958,#1959),
 .UNSPECIFIED.,.F.,.F.,(4,4),(-0.450613192327931,0.),.UNSPECIFIED.);
#49=B_SPLINE_CURVE_WITH_KNOTS('',3,(#1966,#1967,#1968,#1969,#1970,#1971,
#1972,#1973),.UNSPECIFIED.,.F.,.F.,(4,2,2,4),(0.359038473146726,0.377829810499277,
0.396621147851827,0.417608160222819),.UNSPECIFIED.);
#50=B_SPLINE_CURVE_WITH_KNOTS('',3,(#1976,#1977,#1978,#1979),
 .UNSPECIFIED.,.F.,.F.,(4,4),(-3.83483497929053,-0.0499896581543304),
 .UNSPECIFIED.);
#51=B_SPLINE_CURVE_WITH_KNOTS('',3,(#1980,#1981,#1982,#1983,#1984),
 .UNSPECIFIED.,.F.,.F.,(4,1,4),(-3.91334408490106,-3.86848173883629,-3.83483497928771),
 .UNSPECIFIED.);
#52=B_SPLINE_CURVE_WITH_KNOTS('',3,(#1987,#1988,#1989,#1990),
 .UNSPECIFIED.,.F.,.F.,(4,4),(-3.05798450545802,0.0500000000000015),
 .UNSPECIFIED.);
#53=B_SPLINE_CURVE_WITH_KNOTS('',3,(#1992,#1993,#1994,#1995),
 .UNSPECIFIED.,.F.,.F.,(4,4),(-1.20358315463286,0.0500000000000014),
 .UNSPECIFIED.);
#54=B_SPLINE_CURVE_WITH_KNOTS('',3,(#1997,#1998,#1999,#2000),
 .UNSPECIFIED.,.F.,.F.,(4,4),(-3.05798450545802,0.0500000000000013),
 .UNSPECIFIED.);
#55=B_SPLINE_CURVE_WITH_KNOTS('',3,(#2001,#2002,#2003,#2004),
 .UNSPECIFIED.,.F.,.F.,(4,4),(-1.20358315463285,0.0500000000000015),
 .UNSPECIFIED.);
#56=B_SPLINE_CURVE_WITH_KNOTS('',3,(#2061,#2062,#2063,#2064,#2065,#2066),
 .UNSPECIFIED.,.F.,.F.,(4,2,4),(0.,1.91743028926158,3.82007789705142),
 .UNSPECIFIED.);
#57=B_SPLINE_CURVE_WITH_KNOTS('',3,(#2067,#2068,#2069,#2070),
 .UNSPECIFIED.,.F.,.F.,(4,4),(-0.450613192327922,0.),.UNSPECIFIED.);
#58=B_SPLINE_CURVE_WITH_KNOTS('',3,(#2091,#2092,#2093,#2094,#2095,#2096,
#2097),.UNSPECIFIED.,.F.,.F.,(4,3,4),(0.,0.0766980082762778,0.134221514483485),
 .UNSPECIFIED.);
#59=B_SPLINE_CURVE_WITH_KNOTS('',3,(#2119,#2120,#2121,#2122,#2123,#2124,
#2125,#2126,#2127,#2128,#2129,#2130,#2131,#2132,#2133,#2134,#2135,#2136,
#2137,#2138,#2139,#2140,#2141,#2142,#2143,#2144,#2145,#2146,#2147,#2148,
#2149,#2150,#2151,#2152,#2153,#2154,#2155,#2156,#2157,#2158,#2159,#2160,
#2161),.UNSPECIFIED.,.F.,.F.,(4,3,3,3,3,3,3,3,3,3,3,3,3,3,4),(-0.0986641106805786,
-0.0980042090939501,-0.0851221903843078,-0.0736689057249097,-0.0722401716746655,
-0.0620638557508728,-0.053177088176362,-0.05188753982708,-0.0435078525170836,
-0.0360480566654188,-0.0266834945605995,-0.0206479293082486,-0.0119556870584258,
-0.00236340179822859,0.),.UNSPECIFIED.);
#60=B_SPLINE_CURVE_WITH_KNOTS('',3,(#2163,#2164,#2165,#2166),
 .UNSPECIFIED.,.F.,.F.,(4,4),(-5.62050406216485E-16,3.00798450545802),
 .UNSPECIFIED.);
#61=B_SPLINE_CURVE_WITH_KNOTS('',3,(#2167,#2168,#2169,#2170,#2171,#2172,
#2173,#2174,#2175,#2176,#2177,#2178,#2179,#2180,#2181,#2182,#2183,#2184,
#2185,#2186,#2187,#2188,#2189,#2190,#2191,#2192,#2193,#2194,#2195,#2196,
#2197,#2198,#2199,#2200,#2201,#2202,#2203,#2204,#2205,#2206,#2207,#2208,
#2209),.UNSPECIFIED.,.F.,.F.,(4,3,3,3,3,3,3,3,3,3,3,3,3,3,4),(-0.0986641181927679,
-0.0980048341580706,-0.0851239821452866,-0.0736702901513445,-0.0722431301325026,
-0.0620649113308392,-0.0531781788251173,-0.0518866925291758,-0.0435078490138501,
-0.0360483548246724,-0.0266837564518367,-0.0206482176939731,-0.011955987447001,
-0.00236371939321514,0.),.UNSPECIFIED.);
#62=B_SPLINE_CURVE_WITH_KNOTS('',3,(#2231,#2232,#2233,#2234,#2235,#2236,
#2237,#2238,#2239,#2240,#2241,#2242,#2243,#2244,#2245,#2246,#2247,#2248,
#2249,#2250,#2251,#2252,#2253,#2254,#2255,#2256,#2257,#2258,#2259,#2260,
#2261,#2262,#2263,#2264,#2265,#2266,#2267,#2268,#2269,#2270,#2271,#2272,
#2273),.UNSPECIFIED.,.F.,.F.,(4,3,3,3,3,3,3,3,3,3,3,3,3,3,4),(-0.0986641181925237,
-0.0980048341579422,-0.0851239821451824,-0.0736711245707463,-0.0722431301324225,
-0.0620649113307695,-0.0531787495053897,-0.0518866925291164,-0.0435078490271669,
-0.0360483548246337,-0.0266840387670982,-0.0206482176939674,-0.0119566118707686,
-0.00236511630022689,0.),.UNSPECIFIED.);
#63=B_SPLINE_CURVE_WITH_KNOTS('',3,(#2274,#2275,#2276,#2277),
 .UNSPECIFIED.,.F.,.F.,(4,4),(-1.11022302462516E-15,1.15358315463285),
 .UNSPECIFIED.);
#64=B_SPLINE_CURVE_WITH_KNOTS('',3,(#2299,#2300,#2301,#2302,#2303,#2304,
#2305,#2306,#2307,#2308,#2309,#2310,#2311,#2312,#2313,#2314,#2315,#2316,
#2317,#2318,#2319,#2320,#2321,#2322,#2323,#2324,#2325,#2326,#2327,#2328,
#2329,#2330,#2331,#2332,#2333,#2334,#2335,#2336,#2337,#2338,#2339,#2340,
#2341),.UNSPECIFIED.,.F.,.F.,(4,3,3,3,3,3,3,3,3,3,3,3,3,3,4),(-0.0986641106809264,
-0.0980042090942787,-0.0851221903845789,-0.0736689057229927,-0.072240171674879,
-0.0620638557510335,-0.0531770881763942,-0.051887539827188,-0.0435078525171591,
-0.0360480566654418,-0.026683494556547,-0.0206479293082213,-0.0119556870587309,
-0.00236340179892662,0.),.UNSPECIFIED.);
#65=B_SPLINE_CURVE_WITH_KNOTS('',3,(#2342,#2343,#2344,#2345),
 .UNSPECIFIED.,.F.,.F.,(4,4),(-6.59194920871187E-16,3.00798450545802),
 .UNSPECIFIED.);
#66=B_SPLINE_CURVE_WITH_KNOTS('',3,(#2366,#2367,#2368,#2369),
 .UNSPECIFIED.,.F.,.F.,(4,4),(7.28583859910259E-16,1.15358315463285),
 .UNSPECIFIED.);
#67=FACE_BOUND('',#150,.T.);
#68=FACE_BOUND('',#151,.T.);
#69=FACE_BOUND('',#152,.T.);
#70=FACE_BOUND('',#153,.T.);
#71=FACE_BOUND('',#157,.T.);
#72=FACE_BOUND('',#158,.T.);
#73=FACE_BOUND('',#159,.T.);
#74=FACE_BOUND('',#160,.T.);
#75=FACE_BOUND('',#161,.T.);
#76=FACE_BOUND('',#166,.T.);
#77=FACE_BOUND('',#168,.T.);
#78=FACE_BOUND('',#169,.T.);
#79=FACE_BOUND('',#206,.T.);
#80=FACE_BOUND('',#230,.T.);
#81=FACE_OUTER_BOUND('',#149,.T.);
#82=FACE_OUTER_BOUND('',#154,.T.);
#83=FACE_OUTER_BOUND('',#155,.T.);
#84=FACE_OUTER_BOUND('',#156,.T.);
#85=FACE_OUTER_BOUND('',#162,.T.);
#86=FACE_OUTER_BOUND('',#163,.T.);
#87=FACE_OUTER_BOUND('',#164,.T.);
#88=FACE_OUTER_BOUND('',#165,.T.);
#89=FACE_OUTER_BOUND('',#167,.T.);
#90=FACE_OUTER_BOUND('',#170,.T.);
#91=FACE_OUTER_BOUND('',#171,.T.);
#92=FACE_OUTER_BOUND('',#172,.T.);
#93=FACE_OUTER_BOUND('',#173,.T.);
#94=FACE_OUTER_BOUND('',#174,.T.);
#95=FACE_OUTER_BOUND('',#175,.T.);
#96=FACE_OUTER_BOUND('',#176,.T.);
#97=FACE_OUTER_BOUND('',#177,.T.);
#98=FACE_OUTER_BOUND('',#178,.T.);
#99=FACE_OUTER_BOUND('',#179,.T.);
#100=FACE_OUTER_BOUND('',#180,.T.);
#101=FACE_OUTER_BOUND('',#181,.T.);
#102=FACE_OUTER_BOUND('',#182,.T.);
#103=FACE_OUTER_BOUND('',#183,.T.);
#104=FACE_OUTER_BOUND('',#184,.T.);
#105=FACE_OUTER_BOUND('',#185,.T.);
#106=FACE_OUTER_BOUND('',#186,.T.);
#107=FACE_OUTER_BOUND('',#187,.T.);
#108=FACE_OUTER_BOUND('',#188,.T.);
#109=FACE_OUTER_BOUND('',#189,.T.);
#110=FACE_OUTER_BOUND('',#190,.T.);
#111=FACE_OUTER_BOUND('',#191,.T.);
#112=FACE_OUTER_BOUND('',#192,.T.);
#113=FACE_OUTER_BOUND('',#193,.T.);
#114=FACE_OUTER_BOUND('',#194,.T.);
#115=FACE_OUTER_BOUND('',#195,.T.);
#116=FACE_OUTER_BOUND('',#196,.T.);
#117=FACE_OUTER_BOUND('',#197,.T.);
#118=FACE_OUTER_BOUND('',#198,.T.);
#119=FACE_OUTER_BOUND('',#199,.T.);
#120=FACE_OUTER_BOUND('',#200,.T.);
#121=FACE_OUTER_BOUND('',#201,.T.);
#122=FACE_OUTER_BOUND('',#202,.T.);
#123=FACE_OUTER_BOUND('',#203,.T.);
#124=FACE_OUTER_BOUND('',#204,.T.);
#125=FACE_OUTER_BOUND('',#205,.T.);
#126=FACE_OUTER_BOUND('',#207,.T.);
#127=FACE_OUTER_BOUND('',#208,.T.);
#128=FACE_OUTER_BOUND('',#209,.T.);
#129=FACE_OUTER_BOUND('',#210,.T.);
#130=FACE_OUTER_BOUND('',#211,.T.);
#131=FACE_OUTER_BOUND('',#212,.T.);
#132=FACE_OUTER_BOUND('',#213,.T.);
#133=FACE_OUTER_BOUND('',#214,.T.);
#134=FACE_OUTER_BOUND('',#215,.T.);
#135=FACE_OUTER_BOUND('',#216,.T.);
#136=FACE_OUTER_BOUND('',#217,.T.);
#137=FACE_OUTER_BOUND('',#218,.T.);
#138=FACE_OUTER_BOUND('',#219,.T.);
#139=FACE_OUTER_BOUND('',#220,.T.);
#140=FACE_OUTER_BOUND('',#221,.T.);
#141=FACE_OUTER_BOUND('',#222,.T.);
#142=FACE_OUTER_BOUND('',#223,.T.);
#143=FACE_OUTER_BOUND('',#224,.T.);
#144=FACE_OUTER_BOUND('',#225,.T.);
#145=FACE_OUTER_BOUND('',#226,.T.);
#146=FACE_OUTER_BOUND('',#227,.T.);
#147=FACE_OUTER_BOUND('',#228,.T.);
#148=FACE_OUTER_BOUND('',#229,.T.);
#149=EDGE_LOOP('',(#819,#820,#821,#822,#823,#824,#825,#826));
#150=EDGE_LOOP('',(#827,#828,#829,#830));
#151=EDGE_LOOP('',(#831,#832,#833,#834));
#152=EDGE_LOOP('',(#835,#836,#837,#838));
#153=EDGE_LOOP('',(#839,#840,#841,#842));
#154=EDGE_LOOP('',(#843,#844,#845,#846,#847,#848));
#155=EDGE_LOOP('',(#849,#850,#851,#852,#853,#854,#855));
#156=EDGE_LOOP('',(#856,#857,#858,#859,#860,#861,#862,#863));
#157=EDGE_LOOP('',(#864,#865,#866,#867));
#158=EDGE_LOOP('',(#868,#869,#870,#871));
#159=EDGE_LOOP('',(#872,#873,#874,#875));
#160=EDGE_LOOP('',(#876,#877,#878,#879));
#161=EDGE_LOOP('',(#880,#881,#882,#883));
#162=EDGE_LOOP('',(#884,#885,#886));
#163=EDGE_LOOP('',(#887,#888,#889,#890,#891));
#164=EDGE_LOOP('',(#892,#893,#894,#895,#896,#897,#898));
#165=EDGE_LOOP('',(#899,#900,#901,#902,#903));
#166=EDGE_LOOP('',(#904,#905,#906,#907));
#167=EDGE_LOOP('',(#908,#909,#910,#911));
#168=EDGE_LOOP('',(#912,#913,#914,#915));
#169=EDGE_LOOP('',(#916,#917,#918,#919));
#170=EDGE_LOOP('',(#920,#921,#922,#923));
#171=EDGE_LOOP('',(#924,#925,#926,#927));
#172=EDGE_LOOP('',(#928,#929,#930,#931));
#173=EDGE_LOOP('',(#932,#933,#934,#935));
#174=EDGE_LOOP('',(#936,#937,#938,#939));
#175=EDGE_LOOP('',(#940,#941,#942,#943));
#176=EDGE_LOOP('',(#944,#945,#946,#947));
#177=EDGE_LOOP('',(#948,#949,#950,#951));
#178=EDGE_LOOP('',(#952,#953,#954,#955));
#179=EDGE_LOOP('',(#956,#957,#958,#959));
#180=EDGE_LOOP('',(#960,#961,#962,#963));
#181=EDGE_LOOP('',(#964,#965,#966,#967));
#182=EDGE_LOOP('',(#968,#969,#970,#971));
#183=EDGE_LOOP('',(#972,#973,#974,#975));
#184=EDGE_LOOP('',(#976,#977,#978,#979));
#185=EDGE_LOOP('',(#980,#981,#982,#983));
#186=EDGE_LOOP('',(#984,#985,#986,#987));
#187=EDGE_LOOP('',(#988,#989,#990,#991));
#188=EDGE_LOOP('',(#992,#993,#994,#995));
#189=EDGE_LOOP('',(#996,#997,#998,#999));
#190=EDGE_LOOP('',(#1000,#1001,#1002,#1003));
#191=EDGE_LOOP('',(#1004,#1005,#1006,#1007));
#192=EDGE_LOOP('',(#1008,#1009,#1010,#1011));
#193=EDGE_LOOP('',(#1012,#1013,#1014,#1015));
#194=EDGE_LOOP('',(#1016,#1017,#1018,#1019));
#195=EDGE_LOOP('',(#1020,#1021,#1022,#1023));
#196=EDGE_LOOP('',(#1024,#1025,#1026,#1027));
#197=EDGE_LOOP('',(#1028,#1029,#1030,#1031));
#198=EDGE_LOOP('',(#1032,#1033,#1034,#1035));
#199=EDGE_LOOP('',(#1036,#1037,#1038,#1039));
#200=EDGE_LOOP('',(#1040,#1041,#1042,#1043));
#201=EDGE_LOOP('',(#1044,#1045,#1046,#1047));
#202=EDGE_LOOP('',(#1048,#1049,#1050,#1051));
#203=EDGE_LOOP('',(#1052,#1053,#1054,#1055));
#204=EDGE_LOOP('',(#1056,#1057,#1058,#1059));
#205=EDGE_LOOP('',(#1060,#1061,#1062,#1063,#1064,#1065,#1066,#1067));
#206=EDGE_LOOP('',(#1068,#1069,#1070,#1071,#1072,#1073,#1074,#1075,#1076,
#1077,#1078,#1079));
#207=EDGE_LOOP('',(#1080,#1081,#1082,#1083));
#208=EDGE_LOOP('',(#1084,#1085,#1086,#1087));
#209=EDGE_LOOP('',(#1088,#1089,#1090,#1091));
#210=EDGE_LOOP('',(#1092,#1093,#1094,#1095));
#211=EDGE_LOOP('',(#1096,#1097,#1098,#1099));
#212=EDGE_LOOP('',(#1100,#1101,#1102,#1103));
#213=EDGE_LOOP('',(#1104,#1105,#1106));
#214=EDGE_LOOP('',(#1107,#1108,#1109,#1110));
#215=EDGE_LOOP('',(#1111,#1112,#1113,#1114));
#216=EDGE_LOOP('',(#1115,#1116,#1117,#1118,#1119,#1120,#1121));
#217=EDGE_LOOP('',(#1122,#1123,#1124,#1125));
#218=EDGE_LOOP('',(#1126,#1127,#1128,#1129));
#219=EDGE_LOOP('',(#1130,#1131,#1132,#1133));
#220=EDGE_LOOP('',(#1134,#1135,#1136,#1137,#1138));
#221=EDGE_LOOP('',(#1139,#1140,#1141,#1142));
#222=EDGE_LOOP('',(#1143,#1144,#1145,#1146));
#223=EDGE_LOOP('',(#1147,#1148,#1149,#1150));
#224=EDGE_LOOP('',(#1151,#1152,#1153,#1154));
#225=EDGE_LOOP('',(#1155,#1156,#1157,#1158));
#226=EDGE_LOOP('',(#1159,#1160,#1161,#1162));
#227=EDGE_LOOP('',(#1163,#1164,#1165,#1166));
#228=EDGE_LOOP('',(#1167,#1168,#1169,#1170));
#229=EDGE_LOOP('',(#1171,#1172,#1173,#1174,#1175,#1176,#1177,#1178));
#230=EDGE_LOOP('',(#1179,#1180,#1181,#1182,#1183,#1184,#1185,#1186));
#231=CIRCLE('',#1317,1.19999925300022);
#232=CIRCLE('',#1318,1.19999925292495);
#233=CIRCLE('',#1321,1.00999999999999);
#234=CIRCLE('',#1322,1.19999925292495);
#235=CIRCLE('',#1323,1.19999925300022);
#236=CIRCLE('',#1324,1.00999999999999);
#237=CIRCLE('',#1326,1.);
#238=CIRCLE('',#1360,1.51);
#239=CIRCLE('',#1361,1.51);
#240=CIRCLE('',#1362,1.69999925300015);
#241=CIRCLE('',#1363,1.69999925292489);
#242=CIRCLE('',#1364,1.19999925292495);
#243=CIRCLE('',#1365,1.19999925300022);
#244=CIRCLE('',#1366,1.00999999999999);
#245=CIRCLE('',#1369,1.19999925300022);
#246=CIRCLE('',#1371,1.19999925292495);
#247=CIRCLE('',#1375,1.00999999999999);
#248=CIRCLE('',#1378,1.00999999999999);
#249=CIRCLE('',#1387,1.69999925292489);
#250=CIRCLE('',#1390,1.69999925300015);
#251=CIRCLE('',#1393,1.51);
#252=CIRCLE('',#1396,1.51);
#253=LINE('',#1699,#384);
#254=LINE('',#1703,#385);
#255=LINE('',#1707,#386);
#256=LINE('',#1709,#387);
#257=LINE('',#1711,#388);
#258=LINE('',#1712,#389);
#259=LINE('',#1715,#390);
#260=LINE('',#1717,#391);
#261=LINE('',#1719,#392);
#262=LINE('',#1720,#393);
#263=LINE('',#1723,#394);
#264=LINE('',#1725,#395);
#265=LINE('',#1727,#396);
#266=LINE('',#1728,#397);
#267=LINE('',#1731,#398);
#268=LINE('',#1733,#399);
#269=LINE('',#1735,#400);
#270=LINE('',#1736,#401);
#271=LINE('',#1739,#402);
#272=LINE('',#1741,#403);
#273=LINE('',#1743,#404);
#274=LINE('',#1744,#405);
#275=LINE('',#1747,#406);
#276=LINE('',#1748,#407);
#277=LINE('',#1750,#408);
#278=LINE('',#1839,#409);
#279=LINE('',#1843,#410);
#280=LINE('',#1847,#411);
#281=LINE('',#1851,#412);
#282=LINE('',#1855,#413);
#283=LINE('',#1857,#414);
#284=LINE('',#1859,#415);
#285=LINE('',#1860,#416);
#286=LINE('',#1863,#417);
#287=LINE('',#1865,#418);
#288=LINE('',#1867,#419);
#289=LINE('',#1868,#420);
#290=LINE('',#1871,#421);
#291=LINE('',#1873,#422);
#292=LINE('',#1875,#423);
#293=LINE('',#1876,#424);
#294=LINE('',#1879,#425);
#295=LINE('',#1881,#426);
#296=LINE('',#1883,#427);
#297=LINE('',#1884,#428);
#298=LINE('',#1887,#429);
#299=LINE('',#1889,#430);
#300=LINE('',#1891,#431);
#301=LINE('',#1892,#432);
#302=LINE('',#1962,#433);
#303=LINE('',#1963,#434);
#304=LINE('',#1965,#435);
#305=LINE('',#2007,#436);
#306=LINE('',#2009,#437);
#307=LINE('',#2010,#438);
#308=LINE('',#2013,#439);
#309=LINE('',#2015,#440);
#310=LINE('',#2017,#441);
#311=LINE('',#2018,#442);
#312=LINE('',#2021,#443);
#313=LINE('',#2023,#444);
#314=LINE('',#2025,#445);
#315=LINE('',#2026,#446);
#316=LINE('',#2029,#447);
#317=LINE('',#2031,#448);
#318=LINE('',#2032,#449);
#319=LINE('',#2035,#450);
#320=LINE('',#2036,#451);
#321=LINE('',#2039,#452);
#322=LINE('',#2040,#453);
#323=LINE('',#2042,#454);
#324=LINE('',#2371,#455);
#325=LINE('',#2372,#456);
#326=LINE('',#2374,#457);
#327=LINE('',#2376,#458);
#328=LINE('',#2379,#459);
#329=LINE('',#2380,#460);
#330=LINE('',#2382,#461);
#331=LINE('',#2384,#462);
#332=LINE('',#2385,#463);
#333=LINE('',#2387,#464);
#334=LINE('',#2389,#465);
#335=LINE('',#2390,#466);
#336=LINE('',#2392,#467);
#337=LINE('',#2394,#468);
#338=LINE('',#2396,#469);
#339=LINE('',#2398,#470);
#340=LINE('',#2400,#471);
#341=LINE('',#2401,#472);
#342=LINE('',#2403,#473);
#343=LINE('',#2406,#474);
#344=LINE('',#2409,#475);
#345=LINE('',#2410,#476);
#346=LINE('',#2412,#477);
#347=LINE('',#2414,#478);
#348=LINE('',#2423,#479);
#349=LINE('',#2427,#480);
#350=LINE('',#2431,#481);
#351=LINE('',#2434,#482);
#352=LINE('',#2436,#483);
#353=LINE('',#2440,#484);
#354=LINE('',#2444,#485);
#355=LINE('',#2448,#486);
#356=LINE('',#2450,#487);
#357=LINE('',#2451,#488);
#358=LINE('',#2455,#489);
#359=LINE('',#2458,#490);
#360=LINE('',#2462,#491);
#361=LINE('',#2463,#492);
#362=LINE('',#2466,#493);
#363=LINE('',#2467,#494);
#364=LINE('',#2471,#495);
#365=LINE('',#2473,#496);
#366=LINE('',#2476,#497);
#367=LINE('',#2479,#498);
#368=LINE('',#2481,#499);
#369=LINE('',#2483,#500);
#370=LINE('',#2485,#501);
#371=LINE('',#2487,#502);
#372=LINE('',#2492,#503);
#373=LINE('',#2493,#504);
#374=LINE('',#2494,#505);
#375=LINE('',#2498,#506);
#376=LINE('',#2501,#507);
#377=LINE('',#2502,#508);
#378=LINE('',#2506,#509);
#379=LINE('',#2509,#510);
#380=LINE('',#2510,#511);
#381=LINE('',#2514,#512);
#382=LINE('',#2517,#513);
#383=LINE('',#2518,#514);
#384=VECTOR('',#1402,10.);
#385=VECTOR('',#1405,10.);
#386=VECTOR('',#1408,10.);
#387=VECTOR('',#1409,10.);
#388=VECTOR('',#1410,10.);
#389=VECTOR('',#1411,10.);
#390=VECTOR('',#1412,10.);
#391=VECTOR('',#1413,10.);
#392=VECTOR('',#1414,10.);
#393=VECTOR('',#1415,10.);
#394=VECTOR('',#1416,10.);
#395=VECTOR('',#1417,10.);
#396=VECTOR('',#1418,10.);
#397=VECTOR('',#1419,10.);
#398=VECTOR('',#1420,10.);
#399=VECTOR('',#1421,10.);
#400=VECTOR('',#1422,10.);
#401=VECTOR('',#1423,10.);
#402=VECTOR('',#1424,10.);
#403=VECTOR('',#1425,10.);
#404=VECTOR('',#1426,10.);
#405=VECTOR('',#1427,10.);
#406=VECTOR('',#1430,10.);
#407=VECTOR('',#1431,10.);
#408=VECTOR('',#1432,10.);
#409=VECTOR('',#1435,10.);
#410=VECTOR('',#1438,10.);
#411=VECTOR('',#1441,10.);
#412=VECTOR('',#1444,10.);
#413=VECTOR('',#1447,10.);
#414=VECTOR('',#1448,10.);
#415=VECTOR('',#1449,10.);
#416=VECTOR('',#1450,10.);
#417=VECTOR('',#1451,10.);
#418=VECTOR('',#1452,10.);
#419=VECTOR('',#1453,10.);
#420=VECTOR('',#1454,10.);
#421=VECTOR('',#1455,10.);
#422=VECTOR('',#1456,10.);
#423=VECTOR('',#1457,10.);
#424=VECTOR('',#1458,10.);
#425=VECTOR('',#1459,10.);
#426=VECTOR('',#1460,10.);
#427=VECTOR('',#1461,10.);
#428=VECTOR('',#1462,10.);
#429=VECTOR('',#1463,10.);
#430=VECTOR('',#1464,10.);
#431=VECTOR('',#1465,10.);
#432=VECTOR('',#1466,10.);
#433=VECTOR('',#1473,10.);
#434=VECTOR('',#1474,10.);
#435=VECTOR('',#1475,10.);
#436=VECTOR('',#1480,10.);
#437=VECTOR('',#1481,10.);
#438=VECTOR('',#1482,10.);
#439=VECTOR('',#1483,10.);
#440=VECTOR('',#1484,10.);
#441=VECTOR('',#1485,10.);
#442=VECTOR('',#1486,10.);
#443=VECTOR('',#1487,10.);
#444=VECTOR('',#1488,10.);
#445=VECTOR('',#1489,10.);
#446=VECTOR('',#1490,10.);
#447=VECTOR('',#1493,10.);
#448=VECTOR('',#1494,10.);
#449=VECTOR('',#1495,10.);
#450=VECTOR('',#1498,10.);
#451=VECTOR('',#1499,10.);
#452=VECTOR('',#1502,10.);
#453=VECTOR('',#1503,10.);
#454=VECTOR('',#1506,10.);
#455=VECTOR('',#1511,10.);
#456=VECTOR('',#1512,10.);
#457=VECTOR('',#1515,10.);
#458=VECTOR('',#1518,10.);
#459=VECTOR('',#1523,10.);
#460=VECTOR('',#1524,10.);
#461=VECTOR('',#1527,10.);
#462=VECTOR('',#1530,10.);
#463=VECTOR('',#1531,10.);
#464=VECTOR('',#1534,10.);
#465=VECTOR('',#1537,10.);
#466=VECTOR('',#1538,10.);
#467=VECTOR('',#1541,10.);
#468=VECTOR('',#1544,10.);
#469=VECTOR('',#1547,10.);
#470=VECTOR('',#1550,10.);
#471=VECTOR('',#1553,10.);
#472=VECTOR('',#1554,10.);
#473=VECTOR('',#1557,10.);
#474=VECTOR('',#1562,10.);
#475=VECTOR('',#1567,10.);
#476=VECTOR('',#1568,10.);
#477=VECTOR('',#1571,10.);
#478=VECTOR('',#1574,10.);
#479=VECTOR('',#1585,10.);
#480=VECTOR('',#1588,10.);
#481=VECTOR('',#1591,10.);
#482=VECTOR('',#1594,10.);
#483=VECTOR('',#1595,10.);
#484=VECTOR('',#1598,10.);
#485=VECTOR('',#1601,10.);
#486=VECTOR('',#1606,10.);
#487=VECTOR('',#1607,10.);
#488=VECTOR('',#1608,10.);
#489=VECTOR('',#1613,10.);
#490=VECTOR('',#1616,10.);
#491=VECTOR('',#1621,10.);
#492=VECTOR('',#1622,10.);
#493=VECTOR('',#1625,10.);
#494=VECTOR('',#1626,10.);
#495=VECTOR('',#1631,10.);
#496=VECTOR('',#1634,10.);
#497=VECTOR('',#1637,10.);
#498=VECTOR('',#1642,10.);
#499=VECTOR('',#1645,10.);
#500=VECTOR('',#1648,10.);
#501=VECTOR('',#1651,10.);
#502=VECTOR('',#1654,10.);
#503=VECTOR('',#1659,10.);
#504=VECTOR('',#1660,10.);
#505=VECTOR('',#1661,10.);
#506=VECTOR('',#1666,10.);
#507=VECTOR('',#1669,10.);
#508=VECTOR('',#1670,10.);
#509=VECTOR('',#1675,10.);
#510=VECTOR('',#1678,10.);
#511=VECTOR('',#1679,10.);
#512=VECTOR('',#1684,10.);
#513=VECTOR('',#1687,10.);
#514=VECTOR('',#1688,10.);
#515=VERTEX_POINT('',#1697);
#516=VERTEX_POINT('',#1698);
#517=VERTEX_POINT('',#1700);
#518=VERTEX_POINT('',#1702);
#519=VERTEX_POINT('',#1704);
#520=VERTEX_POINT('',#1706);
#521=VERTEX_POINT('',#1708);
#522=VERTEX_POINT('',#1710);
#523=VERTEX_POINT('',#1713);
#524=VERTEX_POINT('',#1714);
#525=VERTEX_POINT('',#1716);
#526=VERTEX_POINT('',#1718);
#527=VERTEX_POINT('',#1721);
#528=VERTEX_POINT('',#1722);
#529=VERTEX_POINT('',#1724);
#530=VERTEX_POINT('',#1726);
#531=VERTEX_POINT('',#1729);
#532=VERTEX_POINT('',#1730);
#533=VERTEX_POINT('',#1732);
#534=VERTEX_POINT('',#1734);
#535=VERTEX_POINT('',#1737);
#536=VERTEX_POINT('',#1738);
#537=VERTEX_POINT('',#1740);
#538=VERTEX_POINT('',#1742);
#539=VERTEX_POINT('',#1746);
#540=VERTEX_POINT('',#1749);
#541=VERTEX_POINT('',#1775);
#542=VERTEX_POINT('',#1780);
#543=VERTEX_POINT('',#1788);
#544=VERTEX_POINT('',#1793);
#545=VERTEX_POINT('',#1819);
#546=VERTEX_POINT('',#1837);
#547=VERTEX_POINT('',#1838);
#548=VERTEX_POINT('',#1840);
#549=VERTEX_POINT('',#1842);
#550=VERTEX_POINT('',#1844);
#551=VERTEX_POINT('',#1846);
#552=VERTEX_POINT('',#1848);
#553=VERTEX_POINT('',#1850);
#554=VERTEX_POINT('',#1853);
#555=VERTEX_POINT('',#1854);
#556=VERTEX_POINT('',#1856);
#557=VERTEX_POINT('',#1858);
#558=VERTEX_POINT('',#1861);
#559=VERTEX_POINT('',#1862);
#560=VERTEX_POINT('',#1864);
#561=VERTEX_POINT('',#1866);
#562=VERTEX_POINT('',#1869);
#563=VERTEX_POINT('',#1870);
#564=VERTEX_POINT('',#1872);
#565=VERTEX_POINT('',#1874);
#566=VERTEX_POINT('',#1877);
#567=VERTEX_POINT('',#1878);
#568=VERTEX_POINT('',#1880);
#569=VERTEX_POINT('',#1882);
#570=VERTEX_POINT('',#1885);
#571=VERTEX_POINT('',#1886);
#572=VERTEX_POINT('',#1888);
#573=VERTEX_POINT('',#1890);
#574=VERTEX_POINT('',#1894);
#575=VERTEX_POINT('',#1895);
#576=VERTEX_POINT('',#1897);
#577=VERTEX_POINT('',#1930);
#578=VERTEX_POINT('',#1937);
#579=VERTEX_POINT('',#1951);
#580=VERTEX_POINT('',#1961);
#581=VERTEX_POINT('',#1964);
#582=VERTEX_POINT('',#1975);
#583=VERTEX_POINT('',#1985);
#584=VERTEX_POINT('',#1986);
#585=VERTEX_POINT('',#1991);
#586=VERTEX_POINT('',#1996);
#587=VERTEX_POINT('',#2006);
#588=VERTEX_POINT('',#2008);
#589=VERTEX_POINT('',#2011);
#590=VERTEX_POINT('',#2012);
#591=VERTEX_POINT('',#2014);
#592=VERTEX_POINT('',#2016);
#593=VERTEX_POINT('',#2019);
#594=VERTEX_POINT('',#2020);
#595=VERTEX_POINT('',#2022);
#596=VERTEX_POINT('',#2024);
#597=VERTEX_POINT('',#2028);
#598=VERTEX_POINT('',#2030);
#599=VERTEX_POINT('',#2034);
#600=VERTEX_POINT('',#2038);
#601=VERTEX_POINT('',#2060);
#602=VERTEX_POINT('',#2118);
#603=VERTEX_POINT('',#2162);
#604=VERTEX_POINT('',#2230);
#605=VERTEX_POINT('',#2298);
#606=VERTEX_POINT('',#2419);
#607=VERTEX_POINT('',#2420);
#608=VERTEX_POINT('',#2422);
#609=VERTEX_POINT('',#2424);
#610=VERTEX_POINT('',#2426);
#611=VERTEX_POINT('',#2428);
#612=VERTEX_POINT('',#2430);
#613=VERTEX_POINT('',#2432);
#614=VERTEX_POINT('',#2435);
#615=VERTEX_POINT('',#2437);
#616=VERTEX_POINT('',#2439);
#617=VERTEX_POINT('',#2441);
#618=VERTEX_POINT('',#2443);
#619=VERTEX_POINT('',#2447);
#620=VERTEX_POINT('',#2449);
#621=VERTEX_POINT('',#2453);
#622=VERTEX_POINT('',#2457);
#623=VERTEX_POINT('',#2461);
#624=VERTEX_POINT('',#2465);
#625=VERTEX_POINT('',#2469);
#626=VERTEX_POINT('',#2475);
#627=VERTEX_POINT('',#2490);
#628=VERTEX_POINT('',#2491);
#629=VERTEX_POINT('',#2496);
#630=VERTEX_POINT('',#2500);
#631=VERTEX_POINT('',#2504);
#632=VERTEX_POINT('',#2508);
#633=VERTEX_POINT('',#2512);
#634=VERTEX_POINT('',#2516);
#635=EDGE_CURVE('',#515,#516,#253,.T.);
#636=EDGE_CURVE('',#517,#515,#231,.T.);
#637=EDGE_CURVE('',#518,#517,#254,.T.);
#638=EDGE_CURVE('',#519,#518,#232,.T.);
#639=EDGE_CURVE('',#520,#519,#255,.T.);
#640=EDGE_CURVE('',#520,#521,#256,.T.);
#641=EDGE_CURVE('',#521,#522,#257,.T.);
#642=EDGE_CURVE('',#522,#516,#258,.T.);
#643=EDGE_CURVE('',#523,#524,#259,.T.);
#644=EDGE_CURVE('',#524,#525,#260,.T.);
#645=EDGE_CURVE('',#526,#525,#261,.T.);
#646=EDGE_CURVE('',#523,#526,#262,.T.);
#647=EDGE_CURVE('',#527,#528,#263,.T.);
#648=EDGE_CURVE('',#529,#527,#264,.T.);
#649=EDGE_CURVE('',#529,#530,#265,.T.);
#650=EDGE_CURVE('',#530,#528,#266,.T.);
#651=EDGE_CURVE('',#531,#532,#267,.T.);
#652=EDGE_CURVE('',#531,#533,#268,.T.);
#653=EDGE_CURVE('',#533,#534,#269,.T.);
#654=EDGE_CURVE('',#532,#534,#270,.T.);
#655=EDGE_CURVE('',#535,#536,#271,.T.);
#656=EDGE_CURVE('',#537,#535,#272,.T.);
#657=EDGE_CURVE('',#537,#538,#273,.T.);
#658=EDGE_CURVE('',#538,#536,#274,.T.);
#659=EDGE_CURVE('',#516,#539,#275,.T.);
#660=EDGE_CURVE('',#521,#522,#276,.T.);
#661=EDGE_CURVE('',#540,#520,#277,.T.);
#662=EDGE_CURVE('',#539,#540,#36,.T.);
#663=EDGE_CURVE('',#539,#541,#37,.T.);
#664=EDGE_CURVE('',#542,#540,#38,.T.);
#665=EDGE_CURVE('',#543,#542,#39,.T.);
#666=EDGE_CURVE('',#544,#543,#40,.T.);
#667=EDGE_CURVE('',#544,#545,#41,.T.);
#668=EDGE_CURVE('',#541,#545,#42,.T.);
#669=EDGE_CURVE('',#546,#547,#278,.T.);
#670=EDGE_CURVE('',#548,#546,#233,.T.);
#671=EDGE_CURVE('',#549,#548,#279,.T.);
#672=EDGE_CURVE('',#550,#549,#234,.T.);
#673=EDGE_CURVE('',#551,#550,#280,.T.);
#674=EDGE_CURVE('',#552,#551,#235,.T.);
#675=EDGE_CURVE('',#553,#552,#281,.T.);
#676=EDGE_CURVE('',#547,#553,#236,.T.);
#677=EDGE_CURVE('',#554,#555,#282,.T.);
#678=EDGE_CURVE('',#555,#556,#283,.T.);
#679=EDGE_CURVE('',#557,#556,#284,.T.);
#680=EDGE_CURVE('',#554,#557,#285,.T.);
#681=EDGE_CURVE('',#558,#559,#286,.T.);
#682=EDGE_CURVE('',#560,#558,#287,.T.);
#683=EDGE_CURVE('',#560,#561,#288,.T.);
#684=EDGE_CURVE('',#561,#559,#289,.T.);
#685=EDGE_CURVE('',#562,#563,#290,.T.);
#686=EDGE_CURVE('',#563,#564,#291,.T.);
#687=EDGE_CURVE('',#565,#564,#292,.T.);
#688=EDGE_CURVE('',#562,#565,#293,.T.);
#689=EDGE_CURVE('',#566,#567,#294,.T.);
#690=EDGE_CURVE('',#568,#566,#295,.T.);
#691=EDGE_CURVE('',#568,#569,#296,.T.);
#692=EDGE_CURVE('',#569,#567,#297,.T.);
#693=EDGE_CURVE('',#570,#571,#298,.T.);
#694=EDGE_CURVE('',#572,#571,#299,.T.);
#695=EDGE_CURVE('',#573,#572,#300,.T.);
#696=EDGE_CURVE('',#573,#570,#301,.T.);
#697=EDGE_CURVE('',#574,#575,#237,.T.);
#698=EDGE_CURVE('',#574,#576,#43,.T.);
#699=EDGE_CURVE('',#576,#575,#44,.T.);
#700=EDGE_CURVE('',#575,#577,#45,.T.);
#701=EDGE_CURVE('',#578,#576,#46,.F.);
#702=EDGE_CURVE('',#578,#579,#47,.T.);
#703=EDGE_CURVE('',#577,#579,#48,.T.);
#704=EDGE_CURVE('',#541,#580,#302,.T.);
#705=EDGE_CURVE('',#545,#578,#303,.T.);
#706=EDGE_CURVE('',#581,#574,#304,.T.);
#707=EDGE_CURVE('',#580,#581,#49,.T.);
#708=EDGE_CURVE('',#582,#544,#50,.T.);
#709=EDGE_CURVE('',#579,#582,#51,.T.);
#710=EDGE_CURVE('',#583,#584,#52,.T.);
#711=EDGE_CURVE('',#585,#583,#53,.T.);
#712=EDGE_CURVE('',#586,#585,#54,.T.);
#713=EDGE_CURVE('',#584,#586,#55,.T.);
#714=EDGE_CURVE('',#587,#522,#305,.T.);
#715=EDGE_CURVE('',#588,#587,#306,.T.);
#716=EDGE_CURVE('',#588,#521,#307,.T.);
#717=EDGE_CURVE('',#589,#590,#308,.T.);
#718=EDGE_CURVE('',#591,#589,#309,.T.);
#719=EDGE_CURVE('',#592,#591,#310,.T.);
#720=EDGE_CURVE('',#590,#592,#311,.T.);
#721=EDGE_CURVE('',#593,#594,#312,.T.);
#722=EDGE_CURVE('',#594,#595,#313,.T.);
#723=EDGE_CURVE('',#595,#596,#314,.T.);
#724=EDGE_CURVE('',#596,#593,#315,.T.);
#725=EDGE_CURVE('',#593,#597,#316,.T.);
#726=EDGE_CURVE('',#597,#598,#317,.T.);
#727=EDGE_CURVE('',#594,#598,#318,.T.);
#728=EDGE_CURVE('',#596,#599,#319,.T.);
#729=EDGE_CURVE('',#599,#597,#320,.T.);
#730=EDGE_CURVE('',#595,#600,#321,.T.);
#731=EDGE_CURVE('',#600,#599,#322,.T.);
#732=EDGE_CURVE('',#598,#600,#323,.T.);
#733=EDGE_CURVE('',#601,#543,#56,.T.);
#734=EDGE_CURVE('',#601,#582,#57,.T.);
#735=EDGE_CURVE('',#577,#601,#58,.T.);
#736=EDGE_CURVE('',#584,#602,#59,.T.);
#737=EDGE_CURVE('',#602,#603,#60,.T.);
#738=EDGE_CURVE('',#583,#603,#61,.T.);
#739=EDGE_CURVE('',#586,#604,#62,.T.);
#740=EDGE_CURVE('',#604,#602,#63,.T.);
#741=EDGE_CURVE('',#585,#605,#64,.T.);
#742=EDGE_CURVE('',#605,#604,#65,.T.);
#743=EDGE_CURVE('',#603,#605,#66,.T.);
#744=EDGE_CURVE('',#591,#603,#324,.T.);
#745=EDGE_CURVE('',#589,#605,#325,.T.);
#746=EDGE_CURVE('',#592,#602,#326,.T.);
#747=EDGE_CURVE('',#590,#604,#327,.T.);
#748=EDGE_CURVE('',#555,#587,#328,.T.);
#749=EDGE_CURVE('',#588,#554,#329,.T.);
#750=EDGE_CURVE('',#522,#556,#330,.T.);
#751=EDGE_CURVE('',#536,#559,#331,.T.);
#752=EDGE_CURVE('',#558,#538,#332,.T.);
#753=EDGE_CURVE('',#561,#535,#333,.T.);
#754=EDGE_CURVE('',#563,#526,#334,.T.);
#755=EDGE_CURVE('',#523,#562,#335,.T.);
#756=EDGE_CURVE('',#557,#521,#336,.T.);
#757=EDGE_CURVE('',#565,#524,#337,.T.);
#758=EDGE_CURVE('',#525,#564,#338,.T.);
#759=EDGE_CURVE('',#537,#560,#339,.T.);
#760=EDGE_CURVE('',#528,#567,#340,.T.);
#761=EDGE_CURVE('',#566,#530,#341,.T.);
#762=EDGE_CURVE('',#569,#527,#342,.T.);
#763=EDGE_CURVE('',#529,#568,#343,.T.);
#764=EDGE_CURVE('',#570,#532,#344,.T.);
#765=EDGE_CURVE('',#531,#573,#345,.T.);
#766=EDGE_CURVE('',#534,#571,#346,.T.);
#767=EDGE_CURVE('',#572,#533,#347,.T.);
#768=EDGE_CURVE('',#606,#607,#238,.T.);
#769=EDGE_CURVE('',#607,#608,#348,.T.);
#770=EDGE_CURVE('',#608,#609,#239,.T.);
#771=EDGE_CURVE('',#609,#610,#349,.T.);
#772=EDGE_CURVE('',#610,#611,#240,.T.);
#773=EDGE_CURVE('',#611,#612,#350,.T.);
#774=EDGE_CURVE('',#612,#613,#241,.T.);
#775=EDGE_CURVE('',#613,#606,#351,.T.);
#776=EDGE_CURVE('',#542,#614,#352,.T.);
#777=EDGE_CURVE('',#614,#615,#242,.T.);
#778=EDGE_CURVE('',#615,#616,#353,.T.);
#779=EDGE_CURVE('',#616,#617,#243,.T.);
#780=EDGE_CURVE('',#617,#618,#354,.T.);
#781=EDGE_CURVE('',#618,#581,#244,.T.);
#782=EDGE_CURVE('',#619,#550,#355,.T.);
#783=EDGE_CURVE('',#619,#620,#356,.T.);
#784=EDGE_CURVE('',#620,#551,#357,.T.);
#785=EDGE_CURVE('',#620,#621,#245,.T.);
#786=EDGE_CURVE('',#621,#552,#358,.T.);
#787=EDGE_CURVE('',#622,#549,#359,.T.);
#788=EDGE_CURVE('',#622,#619,#246,.T.);
#789=EDGE_CURVE('',#621,#623,#360,.T.);
#790=EDGE_CURVE('',#623,#553,#361,.T.);
#791=EDGE_CURVE('',#624,#548,#362,.T.);
#792=EDGE_CURVE('',#624,#622,#363,.T.);
#793=EDGE_CURVE('',#623,#625,#247,.T.);
#794=EDGE_CURVE('',#625,#547,#364,.T.);
#795=EDGE_CURVE('',#580,#618,#365,.T.);
#796=EDGE_CURVE('',#626,#546,#366,.T.);
#797=EDGE_CURVE('',#626,#624,#248,.T.);
#798=EDGE_CURVE('',#625,#626,#367,.T.);
#799=EDGE_CURVE('',#515,#617,#368,.T.);
#800=EDGE_CURVE('',#517,#616,#369,.T.);
#801=EDGE_CURVE('',#518,#615,#370,.T.);
#802=EDGE_CURVE('',#519,#614,#371,.T.);
#803=EDGE_CURVE('',#627,#628,#372,.T.);
#804=EDGE_CURVE('',#628,#606,#373,.T.);
#805=EDGE_CURVE('',#627,#613,#374,.T.);
#806=EDGE_CURVE('',#629,#627,#249,.T.);
#807=EDGE_CURVE('',#629,#612,#375,.T.);
#808=EDGE_CURVE('',#630,#629,#376,.T.);
#809=EDGE_CURVE('',#630,#611,#377,.T.);
#810=EDGE_CURVE('',#631,#630,#250,.T.);
#811=EDGE_CURVE('',#631,#610,#378,.T.);
#812=EDGE_CURVE('',#632,#631,#379,.T.);
#813=EDGE_CURVE('',#632,#609,#380,.T.);
#814=EDGE_CURVE('',#633,#632,#251,.T.);
#815=EDGE_CURVE('',#633,#608,#381,.T.);
#816=EDGE_CURVE('',#634,#633,#382,.T.);
#817=EDGE_CURVE('',#634,#607,#383,.T.);
#818=EDGE_CURVE('',#628,#634,#252,.T.);
#819=ORIENTED_EDGE('',*,*,#635,.F.);
#820=ORIENTED_EDGE('',*,*,#636,.F.);
#821=ORIENTED_EDGE('',*,*,#637,.F.);
#822=ORIENTED_EDGE('',*,*,#638,.F.);
#823=ORIENTED_EDGE('',*,*,#639,.F.);
#824=ORIENTED_EDGE('',*,*,#640,.T.);
#825=ORIENTED_EDGE('',*,*,#641,.T.);
#826=ORIENTED_EDGE('',*,*,#642,.T.);
#827=ORIENTED_EDGE('',*,*,#643,.T.);
#828=ORIENTED_EDGE('',*,*,#644,.T.);
#829=ORIENTED_EDGE('',*,*,#645,.F.);
#830=ORIENTED_EDGE('',*,*,#646,.F.);
#831=ORIENTED_EDGE('',*,*,#647,.F.);
#832=ORIENTED_EDGE('',*,*,#648,.F.);
#833=ORIENTED_EDGE('',*,*,#649,.T.);
#834=ORIENTED_EDGE('',*,*,#650,.T.);
#835=ORIENTED_EDGE('',*,*,#651,.F.);
#836=ORIENTED_EDGE('',*,*,#652,.T.);
#837=ORIENTED_EDGE('',*,*,#653,.T.);
#838=ORIENTED_EDGE('',*,*,#654,.F.);
#839=ORIENTED_EDGE('',*,*,#655,.F.);
#840=ORIENTED_EDGE('',*,*,#656,.F.);
#841=ORIENTED_EDGE('',*,*,#657,.T.);
#842=ORIENTED_EDGE('',*,*,#658,.T.);
#843=ORIENTED_EDGE('',*,*,#659,.F.);
#844=ORIENTED_EDGE('',*,*,#642,.F.);
#845=ORIENTED_EDGE('',*,*,#660,.F.);
#846=ORIENTED_EDGE('',*,*,#640,.F.);
#847=ORIENTED_EDGE('',*,*,#661,.F.);
#848=ORIENTED_EDGE('',*,*,#662,.F.);
#849=ORIENTED_EDGE('',*,*,#663,.F.);
#850=ORIENTED_EDGE('',*,*,#662,.T.);
#851=ORIENTED_EDGE('',*,*,#664,.F.);
#852=ORIENTED_EDGE('',*,*,#665,.F.);
#853=ORIENTED_EDGE('',*,*,#666,.F.);
#854=ORIENTED_EDGE('',*,*,#667,.T.);
#855=ORIENTED_EDGE('',*,*,#668,.F.);
#856=ORIENTED_EDGE('',*,*,#669,.F.);
#857=ORIENTED_EDGE('',*,*,#670,.F.);
#858=ORIENTED_EDGE('',*,*,#671,.F.);
#859=ORIENTED_EDGE('',*,*,#672,.F.);
#860=ORIENTED_EDGE('',*,*,#673,.F.);
#861=ORIENTED_EDGE('',*,*,#674,.F.);
#862=ORIENTED_EDGE('',*,*,#675,.F.);
#863=ORIENTED_EDGE('',*,*,#676,.F.);
#864=ORIENTED_EDGE('',*,*,#677,.T.);
#865=ORIENTED_EDGE('',*,*,#678,.T.);
#866=ORIENTED_EDGE('',*,*,#679,.F.);
#867=ORIENTED_EDGE('',*,*,#680,.F.);
#868=ORIENTED_EDGE('',*,*,#681,.F.);
#869=ORIENTED_EDGE('',*,*,#682,.F.);
#870=ORIENTED_EDGE('',*,*,#683,.T.);
#871=ORIENTED_EDGE('',*,*,#684,.T.);
#872=ORIENTED_EDGE('',*,*,#685,.T.);
#873=ORIENTED_EDGE('',*,*,#686,.T.);
#874=ORIENTED_EDGE('',*,*,#687,.F.);
#875=ORIENTED_EDGE('',*,*,#688,.F.);
#876=ORIENTED_EDGE('',*,*,#689,.F.);
#877=ORIENTED_EDGE('',*,*,#690,.F.);
#878=ORIENTED_EDGE('',*,*,#691,.T.);
#879=ORIENTED_EDGE('',*,*,#692,.T.);
#880=ORIENTED_EDGE('',*,*,#693,.T.);
#881=ORIENTED_EDGE('',*,*,#694,.F.);
#882=ORIENTED_EDGE('',*,*,#695,.F.);
#883=ORIENTED_EDGE('',*,*,#696,.T.);
#884=ORIENTED_EDGE('',*,*,#697,.F.);
#885=ORIENTED_EDGE('',*,*,#698,.T.);
#886=ORIENTED_EDGE('',*,*,#699,.T.);
#887=ORIENTED_EDGE('',*,*,#700,.F.);
#888=ORIENTED_EDGE('',*,*,#699,.F.);
#889=ORIENTED_EDGE('',*,*,#701,.F.);
#890=ORIENTED_EDGE('',*,*,#702,.T.);
#891=ORIENTED_EDGE('',*,*,#703,.F.);
#892=ORIENTED_EDGE('',*,*,#704,.F.);
#893=ORIENTED_EDGE('',*,*,#668,.T.);
#894=ORIENTED_EDGE('',*,*,#705,.T.);
#895=ORIENTED_EDGE('',*,*,#701,.T.);
#896=ORIENTED_EDGE('',*,*,#698,.F.);
#897=ORIENTED_EDGE('',*,*,#706,.F.);
#898=ORIENTED_EDGE('',*,*,#707,.F.);
#899=ORIENTED_EDGE('',*,*,#705,.F.);
#900=ORIENTED_EDGE('',*,*,#667,.F.);
#901=ORIENTED_EDGE('',*,*,#708,.F.);
#902=ORIENTED_EDGE('',*,*,#709,.F.);
#903=ORIENTED_EDGE('',*,*,#702,.F.);
#904=ORIENTED_EDGE('',*,*,#710,.F.);
#905=ORIENTED_EDGE('',*,*,#711,.F.);
#906=ORIENTED_EDGE('',*,*,#712,.F.);
#907=ORIENTED_EDGE('',*,*,#713,.F.);
#908=ORIENTED_EDGE('',*,*,#714,.F.);
#909=ORIENTED_EDGE('',*,*,#715,.F.);
#910=ORIENTED_EDGE('',*,*,#716,.T.);
#911=ORIENTED_EDGE('',*,*,#660,.T.);
#912=ORIENTED_EDGE('',*,*,#717,.F.);
#913=ORIENTED_EDGE('',*,*,#718,.F.);
#914=ORIENTED_EDGE('',*,*,#719,.F.);
#915=ORIENTED_EDGE('',*,*,#720,.F.);
#916=ORIENTED_EDGE('',*,*,#721,.T.);
#917=ORIENTED_EDGE('',*,*,#722,.T.);
#918=ORIENTED_EDGE('',*,*,#723,.T.);
#919=ORIENTED_EDGE('',*,*,#724,.T.);
#920=ORIENTED_EDGE('',*,*,#721,.F.);
#921=ORIENTED_EDGE('',*,*,#725,.T.);
#922=ORIENTED_EDGE('',*,*,#726,.T.);
#923=ORIENTED_EDGE('',*,*,#727,.F.);
#924=ORIENTED_EDGE('',*,*,#724,.F.);
#925=ORIENTED_EDGE('',*,*,#728,.T.);
#926=ORIENTED_EDGE('',*,*,#729,.T.);
#927=ORIENTED_EDGE('',*,*,#725,.F.);
#928=ORIENTED_EDGE('',*,*,#723,.F.);
#929=ORIENTED_EDGE('',*,*,#730,.T.);
#930=ORIENTED_EDGE('',*,*,#731,.T.);
#931=ORIENTED_EDGE('',*,*,#728,.F.);
#932=ORIENTED_EDGE('',*,*,#722,.F.);
#933=ORIENTED_EDGE('',*,*,#727,.T.);
#934=ORIENTED_EDGE('',*,*,#732,.T.);
#935=ORIENTED_EDGE('',*,*,#730,.F.);
#936=ORIENTED_EDGE('',*,*,#732,.F.);
#937=ORIENTED_EDGE('',*,*,#726,.F.);
#938=ORIENTED_EDGE('',*,*,#729,.F.);
#939=ORIENTED_EDGE('',*,*,#731,.F.);
#940=ORIENTED_EDGE('',*,*,#733,.F.);
#941=ORIENTED_EDGE('',*,*,#734,.T.);
#942=ORIENTED_EDGE('',*,*,#708,.T.);
#943=ORIENTED_EDGE('',*,*,#666,.T.);
#944=ORIENTED_EDGE('',*,*,#735,.F.);
#945=ORIENTED_EDGE('',*,*,#703,.T.);
#946=ORIENTED_EDGE('',*,*,#709,.T.);
#947=ORIENTED_EDGE('',*,*,#734,.F.);
#948=ORIENTED_EDGE('',*,*,#710,.T.);
#949=ORIENTED_EDGE('',*,*,#736,.T.);
#950=ORIENTED_EDGE('',*,*,#737,.T.);
#951=ORIENTED_EDGE('',*,*,#738,.F.);
#952=ORIENTED_EDGE('',*,*,#713,.T.);
#953=ORIENTED_EDGE('',*,*,#739,.T.);
#954=ORIENTED_EDGE('',*,*,#740,.T.);
#955=ORIENTED_EDGE('',*,*,#736,.F.);
#956=ORIENTED_EDGE('',*,*,#712,.T.);
#957=ORIENTED_EDGE('',*,*,#741,.T.);
#958=ORIENTED_EDGE('',*,*,#742,.T.);
#959=ORIENTED_EDGE('',*,*,#739,.F.);
#960=ORIENTED_EDGE('',*,*,#743,.T.);
#961=ORIENTED_EDGE('',*,*,#741,.F.);
#962=ORIENTED_EDGE('',*,*,#711,.T.);
#963=ORIENTED_EDGE('',*,*,#738,.T.);
#964=ORIENTED_EDGE('',*,*,#743,.F.);
#965=ORIENTED_EDGE('',*,*,#744,.F.);
#966=ORIENTED_EDGE('',*,*,#718,.T.);
#967=ORIENTED_EDGE('',*,*,#745,.T.);
#968=ORIENTED_EDGE('',*,*,#737,.F.);
#969=ORIENTED_EDGE('',*,*,#746,.F.);
#970=ORIENTED_EDGE('',*,*,#719,.T.);
#971=ORIENTED_EDGE('',*,*,#744,.T.);
#972=ORIENTED_EDGE('',*,*,#740,.F.);
#973=ORIENTED_EDGE('',*,*,#747,.F.);
#974=ORIENTED_EDGE('',*,*,#720,.T.);
#975=ORIENTED_EDGE('',*,*,#746,.T.);
#976=ORIENTED_EDGE('',*,*,#742,.F.);
#977=ORIENTED_EDGE('',*,*,#745,.F.);
#978=ORIENTED_EDGE('',*,*,#717,.T.);
#979=ORIENTED_EDGE('',*,*,#747,.T.);
#980=ORIENTED_EDGE('',*,*,#748,.F.);
#981=ORIENTED_EDGE('',*,*,#677,.F.);
#982=ORIENTED_EDGE('',*,*,#749,.F.);
#983=ORIENTED_EDGE('',*,*,#715,.T.);
#984=ORIENTED_EDGE('',*,*,#748,.T.);
#985=ORIENTED_EDGE('',*,*,#714,.T.);
#986=ORIENTED_EDGE('',*,*,#750,.T.);
#987=ORIENTED_EDGE('',*,*,#678,.F.);
#988=ORIENTED_EDGE('',*,*,#751,.F.);
#989=ORIENTED_EDGE('',*,*,#658,.F.);
#990=ORIENTED_EDGE('',*,*,#752,.F.);
#991=ORIENTED_EDGE('',*,*,#681,.T.);
#992=ORIENTED_EDGE('',*,*,#751,.T.);
#993=ORIENTED_EDGE('',*,*,#684,.F.);
#994=ORIENTED_EDGE('',*,*,#753,.T.);
#995=ORIENTED_EDGE('',*,*,#655,.T.);
#996=ORIENTED_EDGE('',*,*,#754,.F.);
#997=ORIENTED_EDGE('',*,*,#685,.F.);
#998=ORIENTED_EDGE('',*,*,#755,.F.);
#999=ORIENTED_EDGE('',*,*,#646,.T.);
#1000=ORIENTED_EDGE('',*,*,#750,.F.);
#1001=ORIENTED_EDGE('',*,*,#641,.F.);
#1002=ORIENTED_EDGE('',*,*,#756,.F.);
#1003=ORIENTED_EDGE('',*,*,#679,.T.);
#1004=ORIENTED_EDGE('',*,*,#755,.T.);
#1005=ORIENTED_EDGE('',*,*,#688,.T.);
#1006=ORIENTED_EDGE('',*,*,#757,.T.);
#1007=ORIENTED_EDGE('',*,*,#643,.F.);
#1008=ORIENTED_EDGE('',*,*,#754,.T.);
#1009=ORIENTED_EDGE('',*,*,#645,.T.);
#1010=ORIENTED_EDGE('',*,*,#758,.T.);
#1011=ORIENTED_EDGE('',*,*,#686,.F.);
#1012=ORIENTED_EDGE('',*,*,#753,.F.);
#1013=ORIENTED_EDGE('',*,*,#683,.F.);
#1014=ORIENTED_EDGE('',*,*,#759,.F.);
#1015=ORIENTED_EDGE('',*,*,#656,.T.);
#1016=ORIENTED_EDGE('',*,*,#760,.F.);
#1017=ORIENTED_EDGE('',*,*,#650,.F.);
#1018=ORIENTED_EDGE('',*,*,#761,.F.);
#1019=ORIENTED_EDGE('',*,*,#689,.T.);
#1020=ORIENTED_EDGE('',*,*,#760,.T.);
#1021=ORIENTED_EDGE('',*,*,#692,.F.);
#1022=ORIENTED_EDGE('',*,*,#762,.T.);
#1023=ORIENTED_EDGE('',*,*,#647,.T.);
#1024=ORIENTED_EDGE('',*,*,#752,.T.);
#1025=ORIENTED_EDGE('',*,*,#657,.F.);
#1026=ORIENTED_EDGE('',*,*,#759,.T.);
#1027=ORIENTED_EDGE('',*,*,#682,.T.);
#1028=ORIENTED_EDGE('',*,*,#761,.T.);
#1029=ORIENTED_EDGE('',*,*,#649,.F.);
#1030=ORIENTED_EDGE('',*,*,#763,.T.);
#1031=ORIENTED_EDGE('',*,*,#690,.T.);
#1032=ORIENTED_EDGE('',*,*,#758,.F.);
#1033=ORIENTED_EDGE('',*,*,#644,.F.);
#1034=ORIENTED_EDGE('',*,*,#757,.F.);
#1035=ORIENTED_EDGE('',*,*,#687,.T.);
#1036=ORIENTED_EDGE('',*,*,#764,.F.);
#1037=ORIENTED_EDGE('',*,*,#696,.F.);
#1038=ORIENTED_EDGE('',*,*,#765,.F.);
#1039=ORIENTED_EDGE('',*,*,#651,.T.);
#1040=ORIENTED_EDGE('',*,*,#764,.T.);
#1041=ORIENTED_EDGE('',*,*,#654,.T.);
#1042=ORIENTED_EDGE('',*,*,#766,.T.);
#1043=ORIENTED_EDGE('',*,*,#693,.F.);
#1044=ORIENTED_EDGE('',*,*,#765,.T.);
#1045=ORIENTED_EDGE('',*,*,#695,.T.);
#1046=ORIENTED_EDGE('',*,*,#767,.T.);
#1047=ORIENTED_EDGE('',*,*,#652,.F.);
#1048=ORIENTED_EDGE('',*,*,#749,.T.);
#1049=ORIENTED_EDGE('',*,*,#680,.T.);
#1050=ORIENTED_EDGE('',*,*,#756,.T.);
#1051=ORIENTED_EDGE('',*,*,#716,.F.);
#1052=ORIENTED_EDGE('',*,*,#766,.F.);
#1053=ORIENTED_EDGE('',*,*,#653,.F.);
#1054=ORIENTED_EDGE('',*,*,#767,.F.);
#1055=ORIENTED_EDGE('',*,*,#694,.T.);
#1056=ORIENTED_EDGE('',*,*,#762,.F.);
#1057=ORIENTED_EDGE('',*,*,#691,.F.);
#1058=ORIENTED_EDGE('',*,*,#763,.F.);
#1059=ORIENTED_EDGE('',*,*,#648,.T.);
#1060=ORIENTED_EDGE('',*,*,#768,.T.);
#1061=ORIENTED_EDGE('',*,*,#769,.T.);
#1062=ORIENTED_EDGE('',*,*,#770,.T.);
#1063=ORIENTED_EDGE('',*,*,#771,.T.);
#1064=ORIENTED_EDGE('',*,*,#772,.T.);
#1065=ORIENTED_EDGE('',*,*,#773,.T.);
#1066=ORIENTED_EDGE('',*,*,#774,.T.);
#1067=ORIENTED_EDGE('',*,*,#775,.T.);
#1068=ORIENTED_EDGE('',*,*,#706,.T.);
#1069=ORIENTED_EDGE('',*,*,#697,.T.);
#1070=ORIENTED_EDGE('',*,*,#700,.T.);
#1071=ORIENTED_EDGE('',*,*,#735,.T.);
#1072=ORIENTED_EDGE('',*,*,#733,.T.);
#1073=ORIENTED_EDGE('',*,*,#665,.T.);
#1074=ORIENTED_EDGE('',*,*,#776,.T.);
#1075=ORIENTED_EDGE('',*,*,#777,.T.);
#1076=ORIENTED_EDGE('',*,*,#778,.T.);
#1077=ORIENTED_EDGE('',*,*,#779,.T.);
#1078=ORIENTED_EDGE('',*,*,#780,.T.);
#1079=ORIENTED_EDGE('',*,*,#781,.T.);
#1080=ORIENTED_EDGE('',*,*,#673,.T.);
#1081=ORIENTED_EDGE('',*,*,#782,.F.);
#1082=ORIENTED_EDGE('',*,*,#783,.T.);
#1083=ORIENTED_EDGE('',*,*,#784,.T.);
#1084=ORIENTED_EDGE('',*,*,#674,.T.);
#1085=ORIENTED_EDGE('',*,*,#784,.F.);
#1086=ORIENTED_EDGE('',*,*,#785,.T.);
#1087=ORIENTED_EDGE('',*,*,#786,.T.);
#1088=ORIENTED_EDGE('',*,*,#672,.T.);
#1089=ORIENTED_EDGE('',*,*,#787,.F.);
#1090=ORIENTED_EDGE('',*,*,#788,.T.);
#1091=ORIENTED_EDGE('',*,*,#782,.T.);
#1092=ORIENTED_EDGE('',*,*,#675,.T.);
#1093=ORIENTED_EDGE('',*,*,#786,.F.);
#1094=ORIENTED_EDGE('',*,*,#789,.T.);
#1095=ORIENTED_EDGE('',*,*,#790,.T.);
#1096=ORIENTED_EDGE('',*,*,#671,.T.);
#1097=ORIENTED_EDGE('',*,*,#791,.F.);
#1098=ORIENTED_EDGE('',*,*,#792,.T.);
#1099=ORIENTED_EDGE('',*,*,#787,.T.);
#1100=ORIENTED_EDGE('',*,*,#676,.T.);
#1101=ORIENTED_EDGE('',*,*,#790,.F.);
#1102=ORIENTED_EDGE('',*,*,#793,.T.);
#1103=ORIENTED_EDGE('',*,*,#794,.T.);
#1104=ORIENTED_EDGE('',*,*,#707,.T.);
#1105=ORIENTED_EDGE('',*,*,#781,.F.);
#1106=ORIENTED_EDGE('',*,*,#795,.F.);
#1107=ORIENTED_EDGE('',*,*,#670,.T.);
#1108=ORIENTED_EDGE('',*,*,#796,.F.);
#1109=ORIENTED_EDGE('',*,*,#797,.T.);
#1110=ORIENTED_EDGE('',*,*,#791,.T.);
#1111=ORIENTED_EDGE('',*,*,#669,.T.);
#1112=ORIENTED_EDGE('',*,*,#794,.F.);
#1113=ORIENTED_EDGE('',*,*,#798,.T.);
#1114=ORIENTED_EDGE('',*,*,#796,.T.);
#1115=ORIENTED_EDGE('',*,*,#704,.T.);
#1116=ORIENTED_EDGE('',*,*,#795,.T.);
#1117=ORIENTED_EDGE('',*,*,#780,.F.);
#1118=ORIENTED_EDGE('',*,*,#799,.F.);
#1119=ORIENTED_EDGE('',*,*,#635,.T.);
#1120=ORIENTED_EDGE('',*,*,#659,.T.);
#1121=ORIENTED_EDGE('',*,*,#663,.T.);
#1122=ORIENTED_EDGE('',*,*,#636,.T.);
#1123=ORIENTED_EDGE('',*,*,#799,.T.);
#1124=ORIENTED_EDGE('',*,*,#779,.F.);
#1125=ORIENTED_EDGE('',*,*,#800,.F.);
#1126=ORIENTED_EDGE('',*,*,#637,.T.);
#1127=ORIENTED_EDGE('',*,*,#800,.T.);
#1128=ORIENTED_EDGE('',*,*,#778,.F.);
#1129=ORIENTED_EDGE('',*,*,#801,.F.);
#1130=ORIENTED_EDGE('',*,*,#638,.T.);
#1131=ORIENTED_EDGE('',*,*,#801,.T.);
#1132=ORIENTED_EDGE('',*,*,#777,.F.);
#1133=ORIENTED_EDGE('',*,*,#802,.F.);
#1134=ORIENTED_EDGE('',*,*,#639,.T.);
#1135=ORIENTED_EDGE('',*,*,#802,.T.);
#1136=ORIENTED_EDGE('',*,*,#776,.F.);
#1137=ORIENTED_EDGE('',*,*,#664,.T.);
#1138=ORIENTED_EDGE('',*,*,#661,.T.);
#1139=ORIENTED_EDGE('',*,*,#803,.T.);
#1140=ORIENTED_EDGE('',*,*,#804,.T.);
#1141=ORIENTED_EDGE('',*,*,#775,.F.);
#1142=ORIENTED_EDGE('',*,*,#805,.F.);
#1143=ORIENTED_EDGE('',*,*,#806,.T.);
#1144=ORIENTED_EDGE('',*,*,#805,.T.);
#1145=ORIENTED_EDGE('',*,*,#774,.F.);
#1146=ORIENTED_EDGE('',*,*,#807,.F.);
#1147=ORIENTED_EDGE('',*,*,#808,.T.);
#1148=ORIENTED_EDGE('',*,*,#807,.T.);
#1149=ORIENTED_EDGE('',*,*,#773,.F.);
#1150=ORIENTED_EDGE('',*,*,#809,.F.);
#1151=ORIENTED_EDGE('',*,*,#810,.T.);
#1152=ORIENTED_EDGE('',*,*,#809,.T.);
#1153=ORIENTED_EDGE('',*,*,#772,.F.);
#1154=ORIENTED_EDGE('',*,*,#811,.F.);
#1155=ORIENTED_EDGE('',*,*,#812,.T.);
#1156=ORIENTED_EDGE('',*,*,#811,.T.);
#1157=ORIENTED_EDGE('',*,*,#771,.F.);
#1158=ORIENTED_EDGE('',*,*,#813,.F.);
#1159=ORIENTED_EDGE('',*,*,#814,.T.);
#1160=ORIENTED_EDGE('',*,*,#813,.T.);
#1161=ORIENTED_EDGE('',*,*,#770,.F.);
#1162=ORIENTED_EDGE('',*,*,#815,.F.);
#1163=ORIENTED_EDGE('',*,*,#816,.T.);
#1164=ORIENTED_EDGE('',*,*,#815,.T.);
#1165=ORIENTED_EDGE('',*,*,#769,.F.);
#1166=ORIENTED_EDGE('',*,*,#817,.F.);
#1167=ORIENTED_EDGE('',*,*,#818,.T.);
#1168=ORIENTED_EDGE('',*,*,#817,.T.);
#1169=ORIENTED_EDGE('',*,*,#768,.F.);
#1170=ORIENTED_EDGE('',*,*,#804,.F.);
#1171=ORIENTED_EDGE('',*,*,#818,.F.);
#1172=ORIENTED_EDGE('',*,*,#803,.F.);
#1173=ORIENTED_EDGE('',*,*,#806,.F.);
#1174=ORIENTED_EDGE('',*,*,#808,.F.);
#1175=ORIENTED_EDGE('',*,*,#810,.F.);
#1176=ORIENTED_EDGE('',*,*,#812,.F.);
#1177=ORIENTED_EDGE('',*,*,#814,.F.);
#1178=ORIENTED_EDGE('',*,*,#816,.F.);
#1179=ORIENTED_EDGE('',*,*,#797,.F.);
#1180=ORIENTED_EDGE('',*,*,#798,.F.);
#1181=ORIENTED_EDGE('',*,*,#793,.F.);
#1182=ORIENTED_EDGE('',*,*,#789,.F.);
#1183=ORIENTED_EDGE('',*,*,#785,.F.);
#1184=ORIENTED_EDGE('',*,*,#783,.F.);
#1185=ORIENTED_EDGE('',*,*,#788,.F.);
#1186=ORIENTED_EDGE('',*,*,#792,.F.);
#1187=PLANE('',#1316);
#1188=PLANE('',#1319);
#1189=PLANE('',#1320);
#1190=PLANE('',#1328);
#1191=PLANE('',#1329);
#1192=PLANE('',#1330);
#1193=PLANE('',#1331);
#1194=PLANE('',#1332);
#1195=PLANE('',#1333);
#1196=PLANE('',#1334);
#1197=PLANE('',#1335);
#1198=PLANE('',#1336);
#1199=PLANE('',#1337);
#1200=PLANE('',#1338);
#1201=PLANE('',#1339);
#1202=PLANE('',#1340);
#1203=PLANE('',#1341);
#1204=PLANE('',#1342);
#1205=PLANE('',#1343);
#1206=PLANE('',#1344);
#1207=PLANE('',#1345);
#1208=PLANE('',#1346);
#1209=PLANE('',#1347);
#1210=PLANE('',#1348);
#1211=PLANE('',#1349);
#1212=PLANE('',#1350);
#1213=PLANE('',#1351);
#1214=PLANE('',#1352);
#1215=PLANE('',#1353);
#1216=PLANE('',#1354);
#1217=PLANE('',#1355);
#1218=PLANE('',#1356);
#1219=PLANE('',#1357);
#1220=PLANE('',#1358);
#1221=PLANE('',#1359);
#1222=PLANE('',#1367);
#1223=PLANE('',#1372);
#1224=PLANE('',#1373);
#1225=PLANE('',#1379);
#1226=PLANE('',#1380);
#1227=PLANE('',#1382);
#1228=PLANE('',#1384);
#1229=PLANE('',#1385);
#1230=PLANE('',#1388);
#1231=PLANE('',#1391);
#1232=PLANE('',#1394);
#1233=PLANE('',#1397);
#1234=ADVANCED_FACE('',(#81,#67,#68,#69,#70),#1187,.T.);
#1235=ADVANCED_FACE('',(#82),#1188,.T.);
#1236=ADVANCED_FACE('',(#83),#28,.T.);
#1237=ADVANCED_FACE('',(#84,#71,#72,#73,#74,#75),#1189,.T.);
#1238=ADVANCED_FACE('',(#85),#15,.T.);
#1239=ADVANCED_FACE('',(#86),#29,.T.);
#1240=ADVANCED_FACE('',(#87),#16,.T.);
#1241=ADVANCED_FACE('',(#88,#76),#1190,.T.);
#1242=ADVANCED_FACE('',(#89,#77,#78),#1191,.F.);
#1243=ADVANCED_FACE('',(#90),#1192,.F.);
#1244=ADVANCED_FACE('',(#91),#1193,.F.);
#1245=ADVANCED_FACE('',(#92),#1194,.F.);
#1246=ADVANCED_FACE('',(#93),#1195,.F.);
#1247=ADVANCED_FACE('',(#94),#1196,.F.);
#1248=ADVANCED_FACE('',(#95),#30,.T.);
#1249=ADVANCED_FACE('',(#96),#31,.T.);
#1250=ADVANCED_FACE('',(#97),#32,.T.);
#1251=ADVANCED_FACE('',(#98),#33,.T.);
#1252=ADVANCED_FACE('',(#99),#34,.T.);
#1253=ADVANCED_FACE('',(#100),#35,.T.);
#1254=ADVANCED_FACE('',(#101),#1197,.T.);
#1255=ADVANCED_FACE('',(#102),#1198,.T.);
#1256=ADVANCED_FACE('',(#103),#1199,.T.);
#1257=ADVANCED_FACE('',(#104),#1200,.T.);
#1258=ADVANCED_FACE('',(#105),#1201,.T.);
#1259=ADVANCED_FACE('',(#106),#1202,.T.);
#1260=ADVANCED_FACE('',(#107),#1203,.T.);
#1261=ADVANCED_FACE('',(#108),#1204,.T.);
#1262=ADVANCED_FACE('',(#109),#1205,.T.);
#1263=ADVANCED_FACE('',(#110),#1206,.T.);
#1264=ADVANCED_FACE('',(#111),#1207,.T.);
#1265=ADVANCED_FACE('',(#112),#1208,.T.);
#1266=ADVANCED_FACE('',(#113),#1209,.T.);
#1267=ADVANCED_FACE('',(#114),#1210,.T.);
#1268=ADVANCED_FACE('',(#115),#1211,.T.);
#1269=ADVANCED_FACE('',(#116),#1212,.T.);
#1270=ADVANCED_FACE('',(#117),#1213,.T.);
#1271=ADVANCED_FACE('',(#118),#1214,.T.);
#1272=ADVANCED_FACE('',(#119),#1215,.T.);
#1273=ADVANCED_FACE('',(#120),#1216,.T.);
#1274=ADVANCED_FACE('',(#121),#1217,.T.);
#1275=ADVANCED_FACE('',(#122),#1218,.T.);
#1276=ADVANCED_FACE('',(#123),#1219,.T.);
#1277=ADVANCED_FACE('',(#124),#1220,.T.);
#1278=ADVANCED_FACE('',(#125,#79),#1221,.T.);
#1279=ADVANCED_FACE('',(#126),#1222,.T.);
#1280=ADVANCED_FACE('',(#127),#17,.F.);
#1281=ADVANCED_FACE('',(#128),#18,.F.);
#1282=ADVANCED_FACE('',(#129),#1223,.T.);
#1283=ADVANCED_FACE('',(#130),#1224,.T.);
#1284=ADVANCED_FACE('',(#131),#19,.F.);
#1285=ADVANCED_FACE('',(#132),#20,.F.);
#1286=ADVANCED_FACE('',(#133),#21,.F.);
#1287=ADVANCED_FACE('',(#134),#1225,.T.);
#1288=ADVANCED_FACE('',(#135),#1226,.T.);
#1289=ADVANCED_FACE('',(#136),#22,.F.);
#1290=ADVANCED_FACE('',(#137),#1227,.T.);
#1291=ADVANCED_FACE('',(#138),#23,.F.);
#1292=ADVANCED_FACE('',(#139),#1228,.T.);
#1293=ADVANCED_FACE('',(#140),#1229,.T.);
#1294=ADVANCED_FACE('',(#141),#24,.T.);
#1295=ADVANCED_FACE('',(#142),#1230,.T.);
#1296=ADVANCED_FACE('',(#143),#25,.T.);
#1297=ADVANCED_FACE('',(#144),#1231,.T.);
#1298=ADVANCED_FACE('',(#145),#26,.T.);
#1299=ADVANCED_FACE('',(#146),#1232,.T.);
#1300=ADVANCED_FACE('',(#147),#27,.T.);
#1301=ADVANCED_FACE('',(#148,#80),#1233,.F.);
#1302=CLOSED_SHELL('',(#1234,#1235,#1236,#1237,#1238,#1239,#1240,#1241,
#1242,#1243,#1244,#1245,#1246,#1247,#1248,#1249,#1250,#1251,#1252,#1253,
#1254,#1255,#1256,#1257,#1258,#1259,#1260,#1261,#1262,#1263,#1264,#1265,
#1266,#1267,#1268,#1269,#1270,#1271,#1272,#1273,#1274,#1275,#1276,#1277,
#1278,#1279,#1280,#1281,#1282,#1283,#1284,#1285,#1286,#1287,#1288,#1289,
#1290,#1291,#1292,#1293,#1294,#1295,#1296,#1297,#1298,#1299,#1300,#1301));
#1303=DERIVED_UNIT_ELEMENT(#1305,1.);
#1304=DERIVED_UNIT_ELEMENT(#2527,-3.);
#1305=(
MASS_UNIT()
NAMED_UNIT(*)
SI_UNIT(.KILO.,.GRAM.)
);
#1306=DERIVED_UNIT((#1303,#1304));
#1307=MEASURE_REPRESENTATION_ITEM('density measure',
POSITIVE_RATIO_MEASURE(7850.),#1306);
#1308=PROPERTY_DEFINITION_REPRESENTATION(#1313,#1310);
#1309=PROPERTY_DEFINITION_REPRESENTATION(#1314,#1311);
#1310=REPRESENTATION('material name',(#1312),#2524);
#1311=REPRESENTATION('density',(#1307),#2524);
#1312=DESCRIPTIVE_REPRESENTATION_ITEM('Steel','Steel');
#1313=PROPERTY_DEFINITION('material property','material name',#2534);
#1314=PROPERTY_DEFINITION('material property','density of part',#2534);
#1315=AXIS2_PLACEMENT_3D('',#1695,#1398,#1399);
#1316=AXIS2_PLACEMENT_3D('',#1696,#1400,#1401);
#1317=AXIS2_PLACEMENT_3D('',#1701,#1403,#1404);
#1318=AXIS2_PLACEMENT_3D('',#1705,#1406,#1407);
#1319=AXIS2_PLACEMENT_3D('',#1745,#1428,#1429);
#1320=AXIS2_PLACEMENT_3D('',#1836,#1433,#1434);
#1321=AXIS2_PLACEMENT_3D('',#1841,#1436,#1437);
#1322=AXIS2_PLACEMENT_3D('',#1845,#1439,#1440);
#1323=AXIS2_PLACEMENT_3D('',#1849,#1442,#1443);
#1324=AXIS2_PLACEMENT_3D('',#1852,#1445,#1446);
#1325=AXIS2_PLACEMENT_3D('',#1893,#1467,#1468);
#1326=AXIS2_PLACEMENT_3D('',#1896,#1469,#1470);
#1327=AXIS2_PLACEMENT_3D('',#1960,#1471,#1472);
#1328=AXIS2_PLACEMENT_3D('',#1974,#1476,#1477);
#1329=AXIS2_PLACEMENT_3D('',#2005,#1478,#1479);
#1330=AXIS2_PLACEMENT_3D('',#2027,#1491,#1492);
#1331=AXIS2_PLACEMENT_3D('',#2033,#1496,#1497);
#1332=AXIS2_PLACEMENT_3D('',#2037,#1500,#1501);
#1333=AXIS2_PLACEMENT_3D('',#2041,#1504,#1505);
#1334=AXIS2_PLACEMENT_3D('',#2043,#1507,#1508);
#1335=AXIS2_PLACEMENT_3D('',#2370,#1509,#1510);
#1336=AXIS2_PLACEMENT_3D('',#2373,#1513,#1514);
#1337=AXIS2_PLACEMENT_3D('',#2375,#1516,#1517);
#1338=AXIS2_PLACEMENT_3D('',#2377,#1519,#1520);
#1339=AXIS2_PLACEMENT_3D('',#2378,#1521,#1522);
#1340=AXIS2_PLACEMENT_3D('',#2381,#1525,#1526);
#1341=AXIS2_PLACEMENT_3D('',#2383,#1528,#1529);
#1342=AXIS2_PLACEMENT_3D('',#2386,#1532,#1533);
#1343=AXIS2_PLACEMENT_3D('',#2388,#1535,#1536);
#1344=AXIS2_PLACEMENT_3D('',#2391,#1539,#1540);
#1345=AXIS2_PLACEMENT_3D('',#2393,#1542,#1543);
#1346=AXIS2_PLACEMENT_3D('',#2395,#1545,#1546);
#1347=AXIS2_PLACEMENT_3D('',#2397,#1548,#1549);
#1348=AXIS2_PLACEMENT_3D('',#2399,#1551,#1552);
#1349=AXIS2_PLACEMENT_3D('',#2402,#1555,#1556);
#1350=AXIS2_PLACEMENT_3D('',#2404,#1558,#1559);
#1351=AXIS2_PLACEMENT_3D('',#2405,#1560,#1561);
#1352=AXIS2_PLACEMENT_3D('',#2407,#1563,#1564);
#1353=AXIS2_PLACEMENT_3D('',#2408,#1565,#1566);
#1354=AXIS2_PLACEMENT_3D('',#2411,#1569,#1570);
#1355=AXIS2_PLACEMENT_3D('',#2413,#1572,#1573);
#1356=AXIS2_PLACEMENT_3D('',#2415,#1575,#1576);
#1357=AXIS2_PLACEMENT_3D('',#2416,#1577,#1578);
#1358=AXIS2_PLACEMENT_3D('',#2417,#1579,#1580);
#1359=AXIS2_PLACEMENT_3D('',#2418,#1581,#1582);
#1360=AXIS2_PLACEMENT_3D('',#2421,#1583,#1584);
#1361=AXIS2_PLACEMENT_3D('',#2425,#1586,#1587);
#1362=AXIS2_PLACEMENT_3D('',#2429,#1589,#1590);
#1363=AXIS2_PLACEMENT_3D('',#2433,#1592,#1593);
#1364=AXIS2_PLACEMENT_3D('',#2438,#1596,#1597);
#1365=AXIS2_PLACEMENT_3D('',#2442,#1599,#1600);
#1366=AXIS2_PLACEMENT_3D('',#2445,#1602,#1603);
#1367=AXIS2_PLACEMENT_3D('',#2446,#1604,#1605);
#1368=AXIS2_PLACEMENT_3D('',#2452,#1609,#1610);
#1369=AXIS2_PLACEMENT_3D('',#2454,#1611,#1612);
#1370=AXIS2_PLACEMENT_3D('',#2456,#1614,#1615);
#1371=AXIS2_PLACEMENT_3D('',#2459,#1617,#1618);
#1372=AXIS2_PLACEMENT_3D('',#2460,#1619,#1620);
#1373=AXIS2_PLACEMENT_3D('',#2464,#1623,#1624);
#1374=AXIS2_PLACEMENT_3D('',#2468,#1627,#1628);
#1375=AXIS2_PLACEMENT_3D('',#2470,#1629,#1630);
#1376=AXIS2_PLACEMENT_3D('',#2472,#1632,#1633);
#1377=AXIS2_PLACEMENT_3D('',#2474,#1635,#1636);
#1378=AXIS2_PLACEMENT_3D('',#2477,#1638,#1639);
#1379=AXIS2_PLACEMENT_3D('',#2478,#1640,#1641);
#1380=AXIS2_PLACEMENT_3D('',#2480,#1643,#1644);
#1381=AXIS2_PLACEMENT_3D('',#2482,#1646,#1647);
#1382=AXIS2_PLACEMENT_3D('',#2484,#1649,#1650);
#1383=AXIS2_PLACEMENT_3D('',#2486,#1652,#1653);
#1384=AXIS2_PLACEMENT_3D('',#2488,#1655,#1656);
#1385=AXIS2_PLACEMENT_3D('',#2489,#1657,#1658);
#1386=AXIS2_PLACEMENT_3D('',#2495,#1662,#1663);
#1387=AXIS2_PLACEMENT_3D('',#2497,#1664,#1665);
#1388=AXIS2_PLACEMENT_3D('',#2499,#1667,#1668);
#1389=AXIS2_PLACEMENT_3D('',#2503,#1671,#1672);
#1390=AXIS2_PLACEMENT_3D('',#2505,#1673,#1674);
#1391=AXIS2_PLACEMENT_3D('',#2507,#1676,#1677);
#1392=AXIS2_PLACEMENT_3D('',#2511,#1680,#1681);
#1393=AXIS2_PLACEMENT_3D('',#2513,#1682,#1683);
#1394=AXIS2_PLACEMENT_3D('',#2515,#1685,#1686);
#1395=AXIS2_PLACEMENT_3D('',#2519,#1689,#1690);
#1396=AXIS2_PLACEMENT_3D('',#2520,#1691,#1692);
#1397=AXIS2_PLACEMENT_3D('',#2521,#1693,#1694);
#1398=DIRECTION('axis',(0.,0.,1.));
#1399=DIRECTION('refdir',(1.,0.,0.));
#1400=DIRECTION('center_axis',(-4.4092759281593E-13,-0.707106781186548,
0.707106781186547));
#1401=DIRECTION('ref_axis',(1.8263818896888E-13,-0.707106781186547,-0.707106781186548));
#1402=DIRECTION('',(-1.,6.23565781784809E-13,-1.26217744835362E-27));
#1403=DIRECTION('center_axis',(4.4092759281593E-13,0.707106781186548,-0.707106781186547));
#1404=DIRECTION('ref_axis',(-6.2255880217138E-7,-0.70710678118641,-0.707106781186411));
#1405=DIRECTION('',(4.35707679620715E-12,-0.707106781186547,-0.707106781186548));
#1406=DIRECTION('center_axis',(4.4092759281593E-13,0.707106781186548,-0.707106781186547));
#1407=DIRECTION('ref_axis',(0.999999999999806,-4.40221075223466E-7,-4.40220451657685E-7));
#1408=DIRECTION('',(1.,-1.54780746878889E-13,4.68785034905921E-13));
#1409=DIRECTION('',(1.8263818896888E-13,-0.707106781186547,-0.707106781186548));
#1410=DIRECTION('',(1.8263818896888E-13,-0.707106781186547,-0.707106781186548));
#1411=DIRECTION('',(1.8263818896888E-13,-0.707106781186547,-0.707106781186548));
#1412=DIRECTION('',(1.,-1.8263818896888E-13,4.4092759281593E-13));
#1413=DIRECTION('',(1.8263818896888E-13,-0.707106781186547,-0.707106781186548));
#1414=DIRECTION('',(1.,-1.8263818896888E-13,4.4092759281593E-13));
#1415=DIRECTION('',(1.8263818896888E-13,-0.707106781186547,-0.707106781186548));
#1416=DIRECTION('',(1.,-1.8263818896888E-13,4.4092759281593E-13));
#1417=DIRECTION('',(1.8263818896888E-13,-0.707106781186547,-0.707106781186548));
#1418=DIRECTION('',(1.,-1.8263818896888E-13,4.4092759281593E-13));
#1419=DIRECTION('',(1.8263818896888E-13,-0.707106781186547,-0.707106781186548));
#1420=DIRECTION('',(1.8263818896888E-13,-0.707106781186547,-0.707106781186548));
#1421=DIRECTION('',(1.,-1.8263818896888E-13,4.4092759281593E-13));
#1422=DIRECTION('',(1.8263818896888E-13,-0.707106781186547,-0.707106781186548));
#1423=DIRECTION('',(1.,-1.8263818896888E-13,4.4092759281593E-13));
#1424=DIRECTION('',(1.,-1.8263818896888E-13,4.4092759281593E-13));
#1425=DIRECTION('',(1.8263818896888E-13,-0.707106781186547,-0.707106781186548));
#1426=DIRECTION('',(1.,-1.8263818896888E-13,4.4092759281593E-13));
#1427=DIRECTION('',(1.8263818896888E-13,-0.707106781186547,-0.707106781186548));
#1428=DIRECTION('center_axis',(1.,-1.8263818896888E-13,4.4092759281593E-13));
#1429=DIRECTION('ref_axis',(-1.8263818896888E-13,0.707106781186547,0.707106781186548));
#1430=DIRECTION('',(-4.4092759281593E-13,-0.707106781186548,0.707106781186547));
#1431=DIRECTION('',(1.8263818896888E-13,-0.707106781186547,-0.707106781186548));
#1432=DIRECTION('',(4.4092759281593E-13,0.707106781186548,-0.707106781186547));
#1433=DIRECTION('center_axis',(4.4092759281593E-13,0.707106781186548,-0.707106781186547));
#1434=DIRECTION('ref_axis',(-1.8263818896888E-13,0.707106781186547,0.707106781186548));
#1435=DIRECTION('',(1.8263818896888E-13,-0.707106781186547,-0.707106781186548));
#1436=DIRECTION('center_axis',(-4.4092759281593E-13,-0.707106781186548,
0.707106781186547));
#1437=DIRECTION('ref_axis',(-1.47462806010459E-13,0.707106781186548,0.707106781186548));
#1438=DIRECTION('',(-1.,1.54780746878889E-13,-4.68785034905921E-13));
#1439=DIRECTION('center_axis',(-4.4092759281593E-13,-0.707106781186548,
0.707106781186547));
#1440=DIRECTION('ref_axis',(0.999999999999806,-4.40221075223466E-7,-4.40220451657685E-7));
#1441=DIRECTION('',(-4.35707679620715E-12,0.707106781186547,0.707106781186548));
#1442=DIRECTION('center_axis',(-4.4092759281593E-13,-0.707106781186548,
0.707106781186547));
#1443=DIRECTION('ref_axis',(-6.2255880217138E-7,-0.70710678118641,-0.707106781186411));
#1444=DIRECTION('',(1.,-6.23565781784809E-13,1.26217744835362E-27));
#1445=DIRECTION('center_axis',(-4.4092759281593E-13,-0.707106781186548,
0.707106781186547));
#1446=DIRECTION('ref_axis',(-1.,1.8263818896888E-13,-4.4092759281593E-13));
#1447=DIRECTION('',(1.8263818896888E-13,-0.707106781186547,-0.707106781186548));
#1448=DIRECTION('',(1.,-1.8263818896888E-13,4.4092759281593E-13));
#1449=DIRECTION('',(1.8263818896888E-13,-0.707106781186547,-0.707106781186548));
#1450=DIRECTION('',(1.,-1.8263818896888E-13,4.4092759281593E-13));
#1451=DIRECTION('',(1.8263818896888E-13,-0.707106781186547,-0.707106781186548));
#1452=DIRECTION('',(1.,-1.8263818896888E-13,4.4092759281593E-13));
#1453=DIRECTION('',(1.8263818896888E-13,-0.707106781186547,-0.707106781186548));
#1454=DIRECTION('',(1.,-1.8263818896888E-13,4.4092759281593E-13));
#1455=DIRECTION('',(1.8263818896888E-13,-0.707106781186547,-0.707106781186548));
#1456=DIRECTION('',(1.,-1.8263818896888E-13,4.4092759281593E-13));
#1457=DIRECTION('',(1.8263818896888E-13,-0.707106781186547,-0.707106781186548));
#1458=DIRECTION('',(1.,-1.8263818896888E-13,4.4092759281593E-13));
#1459=DIRECTION('',(1.8263818896888E-13,-0.707106781186547,-0.707106781186548));
#1460=DIRECTION('',(1.,-1.8263818896888E-13,4.4092759281593E-13));
#1461=DIRECTION('',(1.8263818896888E-13,-0.707106781186547,-0.707106781186548));
#1462=DIRECTION('',(1.,-1.8263818896888E-13,4.4092759281593E-13));
#1463=DIRECTION('',(1.,-1.8263818896888E-13,4.4092759281593E-13));
#1464=DIRECTION('',(1.8263818896888E-13,-0.707106781186547,-0.707106781186548));
#1465=DIRECTION('',(1.,-1.8263818896888E-13,4.4092759281593E-13));
#1466=DIRECTION('',(1.8263818896888E-13,-0.707106781186547,-0.707106781186548));
#1467=DIRECTION('center_axis',(-4.4092759281593E-13,-0.707106781186548,
0.707106781186547));
#1468=DIRECTION('ref_axis',(-0.707106781186424,-0.499999999999868,-0.500000000000307));
#1469=DIRECTION('center_axis',(4.4092759281593E-13,0.707106781186548,-0.707106781186547));
#1470=DIRECTION('ref_axis',(-0.707106781186424,-0.499999999999868,-0.500000000000307));
#1471=DIRECTION('center_axis',(-1.,1.8263818896888E-13,-4.4092759281593E-13));
#1472=DIRECTION('ref_axis',(-2.00971834711524E-13,-1.,0.));
#1473=DIRECTION('',(-1.,1.8263818896888E-13,-4.4092759281593E-13));
#1474=DIRECTION('',(-1.,1.8263818896888E-13,-4.4092759281593E-13));
#1475=DIRECTION('',(-1.,1.8263818896888E-13,-4.4092759281593E-13));
#1476=DIRECTION('center_axis',(-4.4092759281593E-13,-0.707106781186548,
0.707106781186547));
#1477=DIRECTION('ref_axis',(-1.,1.8263818896888E-13,-4.4092759281593E-13));
#1478=DIRECTION('center_axis',(-4.4092759281593E-13,-0.707106781186548,
0.707106781186547));
#1479=DIRECTION('ref_axis',(-1.,1.8263818896888E-13,-4.4092759281593E-13));
#1480=DIRECTION('',(1.,-1.8263818896888E-13,4.4092759281593E-13));
#1481=DIRECTION('',(1.8263818896888E-13,-0.707106781186547,-0.707106781186548));
#1482=DIRECTION('',(1.,-1.8263818896888E-13,4.4092759281593E-13));
#1483=DIRECTION('',(-1.,1.8263818896888E-13,-4.4092759281593E-13));
#1484=DIRECTION('',(1.8263818896888E-13,-0.707106781186547,-0.707106781186548));
#1485=DIRECTION('',(1.,-1.8263818896888E-13,4.4092759281593E-13));
#1486=DIRECTION('',(-1.8263818896888E-13,0.707106781186547,0.707106781186548));
#1487=DIRECTION('',(-1.,3.11782890892407E-13,-3.11782890892403E-13));
#1488=DIRECTION('',(0.,-0.707106781186547,-0.707106781186548));
#1489=DIRECTION('',(1.,-3.11782890892407E-13,3.11782890892403E-13));
#1490=DIRECTION('',(0.,0.707106781186547,0.707106781186548));
#1491=DIRECTION('center_axis',(0.,0.707106781186544,0.707106781186551));
#1492=DIRECTION('ref_axis',(-1.,0.,0.));
#1493=DIRECTION('',(0.,-0.707106781186551,0.707106781186544));
#1494=DIRECTION('',(-1.,0.,0.));
#1495=DIRECTION('',(0.,-0.707106781186551,0.707106781186544));
#1496=DIRECTION('center_axis',(1.,0.,0.));
#1497=DIRECTION('ref_axis',(0.,0.707106781186547,0.707106781186548));
#1498=DIRECTION('',(0.,-0.707106781186551,0.707106781186544));
#1499=DIRECTION('',(0.,0.707106781186547,0.707106781186548));
#1500=DIRECTION('center_axis',(0.,-0.707106781186544,-0.707106781186551));
#1501=DIRECTION('ref_axis',(1.,0.,0.));
#1502=DIRECTION('',(0.,-0.707106781186551,0.707106781186544));
#1503=DIRECTION('',(1.,0.,0.));
#1504=DIRECTION('center_axis',(-1.,0.,0.));
#1505=DIRECTION('ref_axis',(0.,-0.707106781186547,-0.707106781186548));
#1506=DIRECTION('',(0.,-0.707106781186547,-0.707106781186548));
#1507=DIRECTION('center_axis',(0.,-0.707106781186551,0.707106781186544));
#1508=DIRECTION('ref_axis',(1.,0.,0.));
#1509=DIRECTION('center_axis',(-1.,1.8263818896888E-13,-4.4092759281593E-13));
#1510=DIRECTION('ref_axis',(1.8263818896888E-13,-0.707106781186547,-0.707106781186548));
#1511=DIRECTION('',(-4.4092759281593E-13,-0.707106781186548,0.707106781186547));
#1512=DIRECTION('',(-4.4092759281593E-13,-0.707106781186548,0.707106781186547));
#1513=DIRECTION('center_axis',(1.8263818896888E-13,-0.707106781186547,-0.707106781186548));
#1514=DIRECTION('ref_axis',(1.,-1.8263818896888E-13,4.4092759281593E-13));
#1515=DIRECTION('',(-4.4092759281593E-13,-0.707106781186548,0.707106781186547));
#1516=DIRECTION('center_axis',(1.,-1.8263818896888E-13,4.4092759281593E-13));
#1517=DIRECTION('ref_axis',(-1.8263818896888E-13,0.707106781186547,0.707106781186548));
#1518=DIRECTION('',(-4.4092759281593E-13,-0.707106781186548,0.707106781186547));
#1519=DIRECTION('center_axis',(-1.8263818896888E-13,0.707106781186547,0.707106781186548));
#1520=DIRECTION('ref_axis',(-1.,1.8263818896888E-13,-4.4092759281593E-13));
#1521=DIRECTION('center_axis',(1.,-1.8263818896888E-13,4.4092759281593E-13));
#1522=DIRECTION('ref_axis',(-4.4092759281593E-13,-0.707106781186548,0.707106781186547));
#1523=DIRECTION('',(-4.4092759281593E-13,-0.707106781186548,0.707106781186547));
#1524=DIRECTION('',(4.4092759281593E-13,0.707106781186548,-0.707106781186547));
#1525=DIRECTION('center_axis',(-1.8263818896888E-13,0.707106781186547,0.707106781186548));
#1526=DIRECTION('ref_axis',(-4.4092759281593E-13,-0.707106781186548,0.707106781186547));
#1527=DIRECTION('',(4.4092759281593E-13,0.707106781186548,-0.707106781186547));
#1528=DIRECTION('center_axis',(-1.,1.8263818896888E-13,-4.4092759281593E-13));
#1529=DIRECTION('ref_axis',(4.4092759281593E-13,0.707106781186548,-0.707106781186547));
#1530=DIRECTION('',(4.4092759281593E-13,0.707106781186548,-0.707106781186547));
#1531=DIRECTION('',(-4.4092759281593E-13,-0.707106781186548,0.707106781186547));
#1532=DIRECTION('center_axis',(-1.8263818896888E-13,0.707106781186547,0.707106781186548));
#1533=DIRECTION('ref_axis',(-4.4092759281593E-13,-0.707106781186548,0.707106781186547));
#1534=DIRECTION('',(-4.4092759281593E-13,-0.707106781186548,0.707106781186547));
#1535=DIRECTION('center_axis',(1.,-1.8263818896888E-13,4.4092759281593E-13));
#1536=DIRECTION('ref_axis',(-4.4092759281593E-13,-0.707106781186548,0.707106781186547));
#1537=DIRECTION('',(-4.4092759281593E-13,-0.707106781186548,0.707106781186547));
#1538=DIRECTION('',(4.4092759281593E-13,0.707106781186548,-0.707106781186547));
#1539=DIRECTION('center_axis',(-1.,1.8263818896888E-13,-4.4092759281593E-13));
#1540=DIRECTION('ref_axis',(4.4092759281593E-13,0.707106781186548,-0.707106781186547));
#1541=DIRECTION('',(-4.4092759281593E-13,-0.707106781186548,0.707106781186547));
#1542=DIRECTION('center_axis',(1.8263818896888E-13,-0.707106781186547,-0.707106781186548));
#1543=DIRECTION('ref_axis',(4.4092759281593E-13,0.707106781186548,-0.707106781186547));
#1544=DIRECTION('',(-4.4092759281593E-13,-0.707106781186548,0.707106781186547));
#1545=DIRECTION('center_axis',(-1.8263818896888E-13,0.707106781186547,0.707106781186548));
#1546=DIRECTION('ref_axis',(-4.4092759281593E-13,-0.707106781186548,0.707106781186547));
#1547=DIRECTION('',(4.4092759281593E-13,0.707106781186548,-0.707106781186547));
#1548=DIRECTION('center_axis',(1.,-1.8263818896888E-13,4.4092759281593E-13));
#1549=DIRECTION('ref_axis',(-4.4092759281593E-13,-0.707106781186548,0.707106781186547));
#1550=DIRECTION('',(4.4092759281593E-13,0.707106781186548,-0.707106781186547));
#1551=DIRECTION('center_axis',(-1.,1.8263818896888E-13,-4.4092759281593E-13));
#1552=DIRECTION('ref_axis',(4.4092759281593E-13,0.707106781186548,-0.707106781186547));
#1553=DIRECTION('',(4.4092759281593E-13,0.707106781186548,-0.707106781186547));
#1554=DIRECTION('',(-4.4092759281593E-13,-0.707106781186548,0.707106781186547));
#1555=DIRECTION('center_axis',(-1.8263818896888E-13,0.707106781186547,0.707106781186548));
#1556=DIRECTION('ref_axis',(-4.4092759281593E-13,-0.707106781186548,0.707106781186547));
#1557=DIRECTION('',(-4.4092759281593E-13,-0.707106781186548,0.707106781186547));
#1558=DIRECTION('center_axis',(1.8263818896888E-13,-0.707106781186547,-0.707106781186548));
#1559=DIRECTION('ref_axis',(4.4092759281593E-13,0.707106781186548,-0.707106781186547));
#1560=DIRECTION('center_axis',(1.8263818896888E-13,-0.707106781186547,-0.707106781186548));
#1561=DIRECTION('ref_axis',(4.4092759281593E-13,0.707106781186548,-0.707106781186547));
#1562=DIRECTION('',(4.4092759281593E-13,0.707106781186548,-0.707106781186547));
#1563=DIRECTION('center_axis',(-1.,1.8263818896888E-13,-4.4092759281593E-13));
#1564=DIRECTION('ref_axis',(4.4092759281593E-13,0.707106781186548,-0.707106781186547));
#1565=DIRECTION('center_axis',(1.,-1.8263818896888E-13,4.4092759281593E-13));
#1566=DIRECTION('ref_axis',(-4.4092759281593E-13,-0.707106781186548,0.707106781186547));
#1567=DIRECTION('',(-4.4092759281593E-13,-0.707106781186548,0.707106781186547));
#1568=DIRECTION('',(4.4092759281593E-13,0.707106781186548,-0.707106781186547));
#1569=DIRECTION('center_axis',(-1.8263818896888E-13,0.707106781186547,0.707106781186548));
#1570=DIRECTION('ref_axis',(-4.4092759281593E-13,-0.707106781186548,0.707106781186547));
#1571=DIRECTION('',(4.4092759281593E-13,0.707106781186548,-0.707106781186547));
#1572=DIRECTION('center_axis',(1.8263818896888E-13,-0.707106781186547,-0.707106781186548));
#1573=DIRECTION('ref_axis',(4.4092759281593E-13,0.707106781186548,-0.707106781186547));
#1574=DIRECTION('',(-4.4092759281593E-13,-0.707106781186548,0.707106781186547));
#1575=DIRECTION('center_axis',(1.8263818896888E-13,-0.707106781186547,-0.707106781186548));
#1576=DIRECTION('ref_axis',(4.4092759281593E-13,0.707106781186548,-0.707106781186547));
#1577=DIRECTION('center_axis',(-1.,1.8263818896888E-13,-4.4092759281593E-13));
#1578=DIRECTION('ref_axis',(4.4092759281593E-13,0.707106781186548,-0.707106781186547));
#1579=DIRECTION('center_axis',(1.,-1.8263818896888E-13,4.4092759281593E-13));
#1580=DIRECTION('ref_axis',(-4.4092759281593E-13,-0.707106781186548,0.707106781186547));
#1581=DIRECTION('center_axis',(-4.4092759281593E-13,-0.707106781186548,
0.707106781186547));
#1582=DIRECTION('ref_axis',(-1.,1.8263818896888E-13,-4.4092759281593E-13));
#1583=DIRECTION('center_axis',(-4.4092759281593E-13,-0.707106781186548,
0.707106781186547));
#1584=DIRECTION('ref_axis',(-1.8263818896888E-13,0.707106781186547,0.707106781186548));
#1585=DIRECTION('',(1.8263818896888E-13,-0.707106781186547,-0.707106781186548));
#1586=DIRECTION('center_axis',(-4.4092759281593E-13,-0.707106781186548,
0.707106781186547));
#1587=DIRECTION('ref_axis',(-1.,1.8263818896888E-13,-4.4092759281593E-13));
#1588=DIRECTION('',(1.,-6.2356578178481E-13,1.0097419586829E-28));
#1589=DIRECTION('center_axis',(-4.4092759281593E-13,-0.707106781186548,
0.707106781186547));
#1590=DIRECTION('ref_axis',(-4.3945332603004E-7,-0.707106781186479,-0.707106781186479));
#1591=DIRECTION('',(-4.34918196331076E-12,0.707106781186547,0.707106781186548));
#1592=DIRECTION('center_axis',(-4.4092759281593E-13,-0.707106781186548,
0.707106781186547));
#1593=DIRECTION('ref_axis',(0.999999999999904,-3.10743420736004E-7,-3.10742797170222E-7));
#1594=DIRECTION('',(-1.,1.55672184936411E-13,-4.678935968484E-13));
#1595=DIRECTION('',(1.,-1.54780746878889E-13,4.68785034905921E-13));
#1596=DIRECTION('center_axis',(4.4092759281593E-13,0.707106781186548,-0.707106781186547));
#1597=DIRECTION('ref_axis',(0.999999999999806,-4.40221075223466E-7,-4.40220451657685E-7));
#1598=DIRECTION('',(4.35707679620715E-12,-0.707106781186547,-0.707106781186548));
#1599=DIRECTION('center_axis',(4.4092759281593E-13,0.707106781186548,-0.707106781186547));
#1600=DIRECTION('ref_axis',(-6.2255880217138E-7,-0.70710678118641,-0.707106781186411));
#1601=DIRECTION('',(-1.,6.23565781784809E-13,-1.31266454628776E-27));
#1602=DIRECTION('center_axis',(4.4092759281593E-13,0.707106781186548,-0.707106781186547));
#1603=DIRECTION('ref_axis',(-1.,1.8263818896888E-13,-4.4092759281593E-13));
#1604=DIRECTION('center_axis',(-1.,-2.76913565785622E-12,-3.39270143964103E-12));
#1605=DIRECTION('ref_axis',(4.35707679620715E-12,-0.707106781186547,-0.707106781186548));
#1606=DIRECTION('',(-4.4092759281593E-13,-0.707106781186548,0.707106781186547));
#1607=DIRECTION('',(4.35707679620715E-12,-0.707106781186547,-0.707106781186548));
#1608=DIRECTION('',(-4.4092759281593E-13,-0.707106781186548,0.707106781186547));
#1609=DIRECTION('center_axis',(-4.4092759281593E-13,-0.707106781186548,
0.707106781186547));
#1610=DIRECTION('ref_axis',(-6.2255880217138E-7,-0.70710678118641,-0.707106781186411));
#1611=DIRECTION('center_axis',(4.4092759281593E-13,0.707106781186548,-0.707106781186547));
#1612=DIRECTION('ref_axis',(-6.2255880217138E-7,-0.70710678118641,-0.707106781186411));
#1613=DIRECTION('',(-4.4092759281593E-13,-0.707106781186548,0.707106781186547));
#1614=DIRECTION('center_axis',(-4.4092759281593E-13,-0.707106781186548,
0.707106781186547));
#1615=DIRECTION('ref_axis',(0.999999999999806,-4.40221075223466E-7,-4.40220451657685E-7));
#1616=DIRECTION('',(-4.4092759281593E-13,-0.707106781186548,0.707106781186547));
#1617=DIRECTION('center_axis',(4.4092759281593E-13,0.707106781186548,-0.707106781186547));
#1618=DIRECTION('ref_axis',(0.999999999999806,-4.40221075223466E-7,-4.40220451657685E-7));
#1619=DIRECTION('center_axis',(4.40927592815928E-13,0.707106781186547,0.707106781186548));
#1620=DIRECTION('ref_axis',(-1.,6.23565781784809E-13,-1.31266454628776E-27));
#1621=DIRECTION('',(-1.,6.23565781784809E-13,-1.31266454628776E-27));
#1622=DIRECTION('',(-4.4092759281593E-13,-0.707106781186548,0.707106781186547));
#1623=DIRECTION('center_axis',(2.22034561385568E-13,-0.707106781186547,
-0.707106781186548));
#1624=DIRECTION('ref_axis',(1.,-1.54780746878889E-13,4.68785034905921E-13));
#1625=DIRECTION('',(-4.4092759281593E-13,-0.707106781186548,0.707106781186547));
#1626=DIRECTION('',(1.,-1.54780746878889E-13,4.68785034905921E-13));
#1627=DIRECTION('center_axis',(-4.4092759281593E-13,-0.707106781186548,
0.707106781186547));
#1628=DIRECTION('ref_axis',(-1.,1.8263818896888E-13,-4.4092759281593E-13));
#1629=DIRECTION('center_axis',(4.4092759281593E-13,0.707106781186548,-0.707106781186547));
#1630=DIRECTION('ref_axis',(-1.,1.8263818896888E-13,-4.4092759281593E-13));
#1631=DIRECTION('',(-4.4092759281593E-13,-0.707106781186548,0.707106781186547));
#1632=DIRECTION('center_axis',(-4.4092759281593E-13,-0.707106781186548,
0.707106781186547));
#1633=DIRECTION('ref_axis',(-1.,1.8263818896888E-13,-4.4092759281593E-13));
#1634=DIRECTION('',(-4.4092759281593E-13,-0.707106781186548,0.707106781186547));
#1635=DIRECTION('center_axis',(-4.4092759281593E-13,-0.707106781186548,
0.707106781186547));
#1636=DIRECTION('ref_axis',(-1.47462806010459E-13,0.707106781186548,0.707106781186548));
#1637=DIRECTION('',(-4.4092759281593E-13,-0.707106781186548,0.707106781186547));
#1638=DIRECTION('center_axis',(4.4092759281593E-13,0.707106781186548,-0.707106781186547));
#1639=DIRECTION('ref_axis',(-1.47462806010459E-13,0.707106781186548,0.707106781186548));
#1640=DIRECTION('center_axis',(1.,-1.8263818896888E-13,4.4092759281593E-13));
#1641=DIRECTION('ref_axis',(-1.8263818896888E-13,0.707106781186547,0.707106781186548));
#1642=DIRECTION('',(-1.8263818896888E-13,0.707106781186547,0.707106781186548));
#1643=DIRECTION('center_axis',(4.40927592815928E-13,0.707106781186547,0.707106781186548));
#1644=DIRECTION('ref_axis',(-1.,6.23565781784809E-13,-1.31266454628776E-27));
#1645=DIRECTION('',(-4.4092759281593E-13,-0.707106781186548,0.707106781186547));
#1646=DIRECTION('center_axis',(-4.4092759281593E-13,-0.707106781186548,
0.707106781186547));
#1647=DIRECTION('ref_axis',(-6.2255880217138E-7,-0.70710678118641,-0.707106781186411));
#1648=DIRECTION('',(-4.4092759281593E-13,-0.707106781186548,0.707106781186547));
#1649=DIRECTION('center_axis',(-1.,-2.76913565785622E-12,-3.39270143964103E-12));
#1650=DIRECTION('ref_axis',(4.35707679620715E-12,-0.707106781186547,-0.707106781186548));
#1651=DIRECTION('',(-4.4092759281593E-13,-0.707106781186548,0.707106781186547));
#1652=DIRECTION('center_axis',(-4.4092759281593E-13,-0.707106781186548,
0.707106781186547));
#1653=DIRECTION('ref_axis',(0.999999999999806,-4.40221075223466E-7,-4.40220451657685E-7));
#1654=DIRECTION('',(-4.4092759281593E-13,-0.707106781186548,0.707106781186547));
#1655=DIRECTION('center_axis',(2.22034561385568E-13,-0.707106781186547,
-0.707106781186548));
#1656=DIRECTION('ref_axis',(1.,-1.54780746878889E-13,4.68785034905921E-13));
#1657=DIRECTION('center_axis',(-2.20773877594606E-13,0.707106781186547,
0.707106781186548));
#1658=DIRECTION('ref_axis',(-1.,1.55672184936411E-13,-4.678935968484E-13));
#1659=DIRECTION('',(-1.,1.55672184936411E-13,-4.678935968484E-13));
#1660=DIRECTION('',(-4.4092759281593E-13,-0.707106781186548,0.707106781186547));
#1661=DIRECTION('',(-4.4092759281593E-13,-0.707106781186548,0.707106781186547));
#1662=DIRECTION('center_axis',(-4.4092759281593E-13,-0.707106781186548,
0.707106781186547));
#1663=DIRECTION('ref_axis',(0.999999999999904,-3.10743420736004E-7,-3.10742797170222E-7));
#1664=DIRECTION('center_axis',(-4.4092759281593E-13,-0.707106781186548,
0.707106781186547));
#1665=DIRECTION('ref_axis',(0.999999999999904,-3.10743420736004E-7,-3.10742797170222E-7));
#1666=DIRECTION('',(-4.4092759281593E-13,-0.707106781186548,0.707106781186547));
#1667=DIRECTION('center_axis',(1.,2.76355316797886E-12,3.38711894976367E-12));
#1668=DIRECTION('ref_axis',(-4.34918196331076E-12,0.707106781186547,0.707106781186548));
#1669=DIRECTION('',(-4.34918196331076E-12,0.707106781186547,0.707106781186548));
#1670=DIRECTION('',(-4.4092759281593E-13,-0.707106781186548,0.707106781186547));
#1671=DIRECTION('center_axis',(-4.4092759281593E-13,-0.707106781186548,
0.707106781186547));
#1672=DIRECTION('ref_axis',(-4.3945332603004E-7,-0.707106781186479,-0.707106781186479));
#1673=DIRECTION('center_axis',(-4.4092759281593E-13,-0.707106781186548,
0.707106781186547));
#1674=DIRECTION('ref_axis',(-4.3945332603004E-7,-0.707106781186479,-0.707106781186479));
#1675=DIRECTION('',(-4.4092759281593E-13,-0.707106781186548,0.707106781186547));
#1676=DIRECTION('center_axis',(-4.4092759281593E-13,-0.707106781186547,
-0.707106781186548));
#1677=DIRECTION('ref_axis',(1.,-6.2356578178481E-13,1.0097419586829E-28));
#1678=DIRECTION('',(1.,-6.2356578178481E-13,1.0097419586829E-28));
#1679=DIRECTION('',(-4.4092759281593E-13,-0.707106781186548,0.707106781186547));
#1680=DIRECTION('center_axis',(-4.4092759281593E-13,-0.707106781186548,
0.707106781186547));
#1681=DIRECTION('ref_axis',(-1.,1.8263818896888E-13,-4.4092759281593E-13));
#1682=DIRECTION('center_axis',(-4.4092759281593E-13,-0.707106781186548,
0.707106781186547));
#1683=DIRECTION('ref_axis',(-1.,1.8263818896888E-13,-4.4092759281593E-13));
#1684=DIRECTION('',(-4.4092759281593E-13,-0.707106781186548,0.707106781186547));
#1685=DIRECTION('center_axis',(-1.,1.8263818896888E-13,-4.4092759281593E-13));
#1686=DIRECTION('ref_axis',(1.8263818896888E-13,-0.707106781186547,-0.707106781186548));
#1687=DIRECTION('',(1.8263818896888E-13,-0.707106781186547,-0.707106781186548));
#1688=DIRECTION('',(-4.4092759281593E-13,-0.707106781186548,0.707106781186547));
#1689=DIRECTION('center_axis',(-4.4092759281593E-13,-0.707106781186548,
0.707106781186547));
#1690=DIRECTION('ref_axis',(-1.8263818896888E-13,0.707106781186547,0.707106781186548));
#1691=DIRECTION('center_axis',(-4.4092759281593E-13,-0.707106781186548,
0.707106781186547));
#1692=DIRECTION('ref_axis',(-1.8263818896888E-13,0.707106781186547,0.707106781186548));
#1693=DIRECTION('center_axis',(-4.4092759281593E-13,-0.707106781186548,
0.707106781186547));
#1694=DIRECTION('ref_axis',(-1.,1.8263818896888E-13,-4.4092759281593E-13));
#1695=CARTESIAN_POINT('',(0.,0.,0.));
#1696=CARTESIAN_POINT('Origin',(129.999999999989,-112.480612748831,36.4144832352727));
#1697=CARTESIAN_POINT('',(203.999999999993,-126.588994601482,22.3061013826682));
#1698=CARTESIAN_POINT('',(129.348477796083,-126.588994601435,22.3061013826682));
#1699=CARTESIAN_POINT('',(166.999999999987,-126.588994601459,22.3061013826682));
#1700=CARTESIAN_POINT('',(205.200000000063,-125.740466358416,23.1546296257344));
#1701=CARTESIAN_POINT('Origin',(204.000000747063,-125.740466992267,23.1546289918833));
#1702=CARTESIAN_POINT('',(205.199999999984,-113.0125444027,35.882551581451));
#1703=CARTESIAN_POINT('',(205.199999999983,-112.746578575661,36.1485174084894));
#1704=CARTESIAN_POINT('',(203.999999850575,-112.164016265273,36.731079718877));
#1705=CARTESIAN_POINT('Origin',(204.000000747059,-113.012543874435,35.8825521097152));
#1706=CARTESIAN_POINT('',(129.348477796079,-112.164016265261,36.731079718842));
#1707=CARTESIAN_POINT('',(110.638311956525,-112.164016265258,36.7310797188332));
#1708=CARTESIAN_POINT('',(129.348477796079,-114.354766931789,34.5403290523145));
#1709=CARTESIAN_POINT('',(129.348477796081,-119.551841167103,29.3432548170002));
#1710=CARTESIAN_POINT('',(129.348477796082,-124.289295994646,24.605799989457));
#1711=CARTESIAN_POINT('',(129.348477796079,-114.354766931789,34.5403290523145));
#1712=CARTESIAN_POINT('',(129.348477796081,-119.551841167103,29.3432548170002));
#1713=CARTESIAN_POINT('',(130.810341741475,-114.354766931789,34.5403290523152));
#1714=CARTESIAN_POINT('',(144.925731640735,-114.354766931792,34.5403290523214));
#1715=CARTESIAN_POINT('',(129.99999999999,-114.354766931789,34.5403290523148));
#1716=CARTESIAN_POINT('',(144.925731640737,-124.289295994649,24.6057999894639));
#1717=CARTESIAN_POINT('',(144.925731640735,-114.354766931792,34.5403290523214));
#1718=CARTESIAN_POINT('',(130.810341741477,-124.289295994647,24.6057999894577));
#1719=CARTESIAN_POINT('',(129.999999999992,-124.289295994646,24.6057999894573));
#1720=CARTESIAN_POINT('',(130.810341741475,-114.354766931789,34.5403290523152));
#1721=CARTESIAN_POINT('',(168.819403681838,-124.289295994654,24.6057999894744));
#1722=CARTESIAN_POINT('',(182.925529428257,-124.289295994656,24.6057999894807));
#1723=CARTESIAN_POINT('',(129.999999999992,-124.289295994646,24.6057999894573));
#1724=CARTESIAN_POINT('',(168.819403681836,-114.354766931796,34.5403290523319));
#1725=CARTESIAN_POINT('',(168.819403681836,-114.354766931796,34.5403290523319));
#1726=CARTESIAN_POINT('',(182.925529428255,-114.354766931799,34.5403290523382));
#1727=CARTESIAN_POINT('',(129.99999999999,-114.354766931789,34.5403290523148));
#1728=CARTESIAN_POINT('',(182.925529428255,-114.354766931799,34.5403290523382));
#1729=CARTESIAN_POINT('',(149.898521840398,-114.354766931793,34.5403290523236));
#1730=CARTESIAN_POINT('',(149.898521840401,-124.28929599465,24.6057999894661));
#1731=CARTESIAN_POINT('',(149.898521840398,-114.354766931793,34.5403290523236));
#1732=CARTESIAN_POINT('',(164.010594888596,-114.354766931795,34.5403290523298));
#1733=CARTESIAN_POINT('',(129.99999999999,-114.354766931789,34.5403290523148));
#1734=CARTESIAN_POINT('',(164.010594888599,-124.289295994653,24.6057999894723));
#1735=CARTESIAN_POINT('',(164.010594888596,-114.354766931795,34.5403290523298));
#1736=CARTESIAN_POINT('',(129.999999999992,-124.289295994646,24.6057999894573));
#1737=CARTESIAN_POINT('',(187.814712986558,-124.289295994657,24.6057999894828));
#1738=CARTESIAN_POINT('',(201.940717208773,-124.28929599466,24.6057999894891));
#1739=CARTESIAN_POINT('',(129.999999999992,-124.289295994646,24.6057999894573));
#1740=CARTESIAN_POINT('',(187.814712986556,-114.354766931799,34.5403290523403));
#1741=CARTESIAN_POINT('',(187.814712986556,-114.354766931799,34.5403290523403));
#1742=CARTESIAN_POINT('',(201.94071720877,-114.354766931802,34.5403290523466));
#1743=CARTESIAN_POINT('',(129.99999999999,-114.354766931789,34.5403290523148));
#1744=CARTESIAN_POINT('',(201.94071720877,-114.354766931802,34.5403290523466));
#1745=CARTESIAN_POINT('Origin',(129.348477796083,-126.623069585375,22.2720263987279));
#1746=CARTESIAN_POINT('',(129.348477796083,-126.730415957672,22.4475227389055));
#1747=CARTESIAN_POINT('',(129.348477796083,-125.740691378407,21.4577981596399));
#1748=CARTESIAN_POINT('',(129.348477796079,-114.354766931789,34.5403290523145));
#1749=CARTESIAN_POINT('',(129.348477796079,-112.305437621499,36.8725010750793));
#1750=CARTESIAN_POINT('',(129.348477796079,-111.315713042233,35.8827764958137));
#1751=CARTESIAN_POINT('Ctrl Pts',(129.348477796083,-126.730415957672,22.4475227389055));
#1752=CARTESIAN_POINT('Ctrl Pts',(129.348477796081,-121.922089845615,27.2558488509634));
#1753=CARTESIAN_POINT('Ctrl Pts',(129.34847779608,-117.113763733557,32.0641749630214));
#1754=CARTESIAN_POINT('Ctrl Pts',(129.348477796079,-112.305437621499,36.8725010750793));
#1755=CARTESIAN_POINT('Ctrl Pts',(128.848477796082,-127.083969348266,22.8010761294986));
#1756=CARTESIAN_POINT('Ctrl Pts',(128.848477796081,-122.274566988204,27.6104784895606));
#1757=CARTESIAN_POINT('Ctrl Pts',(128.84847779608,-117.465164628142,32.4198808496225));
#1758=CARTESIAN_POINT('Ctrl Pts',(128.848477796079,-112.65576226808,37.2292832096845));
#1759=CARTESIAN_POINT('Ctrl Pts',(129.022469669172,-127.083969348266,22.8010761294986));
#1760=CARTESIAN_POINT('Ctrl Pts',(129.022469669171,-122.274566988204,27.6104784895606));
#1761=CARTESIAN_POINT('Ctrl Pts',(129.02246966917,-117.465164628142,32.4198808496226));
#1762=CARTESIAN_POINT('Ctrl Pts',(129.022469669169,-112.65576226808,37.2292832096846));
#1763=CARTESIAN_POINT('Ctrl Pts',(129.267109772612,-127.026433467098,22.7435402483313));
#1764=CARTESIAN_POINT('Ctrl Pts',(129.267109772611,-122.217031107036,27.5529426083933));
#1765=CARTESIAN_POINT('Ctrl Pts',(129.26710977261,-117.407628746974,32.3623449684552));
#1766=CARTESIAN_POINT('Ctrl Pts',(129.267109772609,-112.598226386912,37.1717473285172));
#1767=CARTESIAN_POINT('Ctrl Pts',(129.348477796082,-126.853446791006,22.5705535722388));
#1768=CARTESIAN_POINT('Ctrl Pts',(129.348477796081,-122.044044430944,27.3799559323008));
#1769=CARTESIAN_POINT('Ctrl Pts',(129.34847779608,-117.234642070882,32.1893582923628));
#1770=CARTESIAN_POINT('Ctrl Pts',(129.348477796079,-112.42523971082,36.9987606524248));
#1771=CARTESIAN_POINT('Ctrl Pts',(129.348477796083,-126.730415957672,22.4475227389055));
#1772=CARTESIAN_POINT('Ctrl Pts',(129.348477796081,-121.92101359761,27.2569250989675));
#1773=CARTESIAN_POINT('Ctrl Pts',(129.34847779608,-117.111611237548,32.0663274590295));
#1774=CARTESIAN_POINT('Ctrl Pts',(129.348477796079,-112.302208877486,36.8757298190915));
#1775=CARTESIAN_POINT('',(129.320620830294,-126.881854221435,22.5989610027687));
#1776=CARTESIAN_POINT('Ctrl Pts',(129.348477796083,-126.730415957672,22.4475227389055));
#1777=CARTESIAN_POINT('Ctrl Pts',(129.348477796083,-126.788956854827,22.5060636360599));
#1778=CARTESIAN_POINT('Ctrl Pts',(129.339266630545,-126.839225388882,22.5563321701148));
#1779=CARTESIAN_POINT('Ctrl Pts',(129.320829862775,-126.882048364841,22.5991551460745));
#1780=CARTESIAN_POINT('',(129.200778970514,-112.588730162764,37.155793616345));
#1781=CARTESIAN_POINT('Ctrl Pts',(129.200935852653,-112.588824910177,37.155888363758));
#1782=CARTESIAN_POINT('Ctrl Pts',(129.20979302208,-112.58369561435,37.1507590679302));
#1783=CARTESIAN_POINT('Ctrl Pts',(129.218241502284,-112.578284818793,37.1453482723736));
#1784=CARTESIAN_POINT('Ctrl Pts',(129.226291752616,-112.572592432193,37.1396558857738));
#1785=CARTESIAN_POINT('Ctrl Pts',(129.307793784344,-112.514961792878,37.0820252464588));
#1786=CARTESIAN_POINT('Ctrl Pts',(129.348477796079,-112.428468454832,36.9955319084126));
#1787=CARTESIAN_POINT('Ctrl Pts',(129.348477796079,-112.305437621499,36.8725010750793));
#1788=CARTESIAN_POINT('',(129.200778970514,-112.585501418752,37.1590223603572));
#1789=CARTESIAN_POINT('Ctrl Pts',(129.200778970514,-112.585501418752,37.1590223603572));
#1790=CARTESIAN_POINT('Ctrl Pts',(129.200778970514,-112.586577666756,37.1579461123531));
#1791=CARTESIAN_POINT('Ctrl Pts',(129.200778970514,-112.58765391476,37.1568698643491));
#1792=CARTESIAN_POINT('Ctrl Pts',(129.200778970514,-112.588730162764,37.155793616345));
#1793=CARTESIAN_POINT('',(128.848477796079,-112.904876817543,36.9801686602214));
#1794=CARTESIAN_POINT('Ctrl Pts',(128.848477796079,-112.904876817543,36.9801686602214));
#1795=CARTESIAN_POINT('Ctrl Pts',(128.850029329237,-112.903779717926,36.9812657598386));
#1796=CARTESIAN_POINT('Ctrl Pts',(128.851580997646,-112.90268030847,36.9823605941756));
#1797=CARTESIAN_POINT('Ctrl Pts',(128.85313272739,-112.901578601183,36.9834530759635));
#1798=CARTESIAN_POINT('Ctrl Pts',(128.883424883977,-112.880071576651,37.0047800045235));
#1799=CARTESIAN_POINT('Ctrl Pts',(128.914454573534,-112.857194914356,37.025701751164));
#1800=CARTESIAN_POINT('Ctrl Pts',(128.945375639611,-112.833091889667,37.0452531647391));
#1801=CARTESIAN_POINT('Ctrl Pts',(128.972867609616,-112.811661851321,37.0626363582615));
#1802=CARTESIAN_POINT('Ctrl Pts',(129.000272917677,-112.789261649773,37.0789355795226));
#1803=CARTESIAN_POINT('Ctrl Pts',(129.02703899349,-112.765991491316,37.0934719923792));
#1804=CARTESIAN_POINT('Ctrl Pts',(129.030377548183,-112.763088985275,37.0952851311336));
#1805=CARTESIAN_POINT('Ctrl Pts',(129.033706224601,-112.760172951074,37.0970708509415));
#1806=CARTESIAN_POINT('Ctrl Pts',(129.037024010398,-112.757243589989,37.0988278413207));
#1807=CARTESIAN_POINT('Ctrl Pts',(129.060657773403,-112.736376713737,37.1113435059152));
#1808=CARTESIAN_POINT('Ctrl Pts',(129.084463127377,-112.71419084588,37.1227868176224));
#1809=CARTESIAN_POINT('Ctrl Pts',(129.107750545647,-112.690796778767,37.1323378160941));
#1810=CARTESIAN_POINT('Ctrl Pts',(129.12808702359,-112.670367166335,37.1406785289843));
#1811=CARTESIAN_POINT('Ctrl Pts',(129.14802833259,-112.649015652679,37.1475756209235));
#1812=CARTESIAN_POINT('Ctrl Pts',(129.167159864373,-112.626820839106,37.1524878276817));
#1813=CARTESIAN_POINT('Ctrl Pts',(129.169935960058,-112.623600243552,37.1532006172347));
#1814=CARTESIAN_POINT('Ctrl Pts',(129.172695092624,-112.620361907489,37.1538716294188));
#1815=CARTESIAN_POINT('Ctrl Pts',(129.17543608766,-112.617106088995,37.1544992284354));
#1816=CARTESIAN_POINT('Ctrl Pts',(129.184128484835,-112.606781054798,37.1564895056324));
#1817=CARTESIAN_POINT('Ctrl Pts',(129.192640313972,-112.596275812485,37.1580455585524));
#1818=CARTESIAN_POINT('Ctrl Pts',(129.200935852653,-112.585596166166,37.1591171077705));
#1819=CARTESIAN_POINT('',(128.848477796082,-126.764490941613,23.1205545361516));
#1820=CARTESIAN_POINT('Ctrl Pts',(128.848477796079,-112.904876817543,36.9801686602214));
#1821=CARTESIAN_POINT('Ctrl Pts',(128.84847779608,-117.524748192233,32.3602972855315));
#1822=CARTESIAN_POINT('Ctrl Pts',(128.848477796081,-122.144619566923,27.7404259108415));
#1823=CARTESIAN_POINT('Ctrl Pts',(128.848477796082,-126.764490941613,23.1205545361516));
#1824=CARTESIAN_POINT('Ctrl Pts',(129.320620830294,-126.881854221385,22.598961002819));
#1825=CARTESIAN_POINT('Ctrl Pts',(129.311750164147,-126.89266341798,22.6292527580332));
#1826=CARTESIAN_POINT('Ctrl Pts',(129.300636918382,-126.90031586038,22.6599218829345));
#1827=CARTESIAN_POINT('Ctrl Pts',(129.262793247386,-126.913590897057,22.7456577359168));
#1828=CARTESIAN_POINT('Ctrl Pts',(129.231712635274,-126.912360437656,22.7980851010164));
#1829=CARTESIAN_POINT('Ctrl Pts',(129.152529662415,-126.895582499732,22.9024486238262));
#1830=CARTESIAN_POINT('Ctrl Pts',(129.103385903793,-126.877984905509,22.9518043294029));
#1831=CARTESIAN_POINT('Ctrl Pts',(128.989023025385,-126.830888132227,23.0440398002686));
#1832=CARTESIAN_POINT('Ctrl Pts',(128.921998209732,-126.799659391611,23.084952961568));
#1833=CARTESIAN_POINT('Ctrl Pts',(128.851581214155,-126.765976851093,23.1190639363045));
#1834=CARTESIAN_POINT('Ctrl Pts',(128.850030116047,-126.765234424597,23.1198110531672));
#1835=CARTESIAN_POINT('Ctrl Pts',(128.848477796082,-126.764490941613,23.1205545361515));
#1836=CARTESIAN_POINT('Origin',(129.99999999999,-113.361953359153,33.5475154796787));
#1837=CARTESIAN_POINT('',(90.2666239130622,-111.885380541618,35.0240882971891));
#1838=CARTESIAN_POINT('',(90.2666239130656,-124.882003179777,22.02746565903));
#1839=CARTESIAN_POINT('',(90.2666239130641,-119.121978269461,27.7874905693456));
#1840=CARTESIAN_POINT('',(91.2766239130621,-111.171202692619,35.738266146188));
#1841=CARTESIAN_POINT('Origin',(91.2766239130622,-111.885380541618,35.0240882971896));
#1842=CARTESIAN_POINT('',(203.999999850576,-111.171202692637,35.7382661462408));
#1843=CARTESIAN_POINT('',(110.638311956526,-111.171202692622,35.7382661461971));
#1844=CARTESIAN_POINT('',(205.199999999985,-112.019730830063,34.8897380088149));
#1845=CARTESIAN_POINT('Origin',(204.00000074706,-112.019730301799,34.8897385370791));
#1846=CARTESIAN_POINT('',(205.200000000063,-124.74765278578,22.1618160530983));
#1847=CARTESIAN_POINT('',(205.199999999989,-112.690842094504,34.2186267443743));
#1848=CARTESIAN_POINT('',(203.999999999993,-125.596181028846,21.3132878100321));
#1849=CARTESIAN_POINT('Origin',(204.000000747063,-124.74765341963,22.1618154192471));
#1850=CARTESIAN_POINT('',(91.2766239130657,-125.596181028775,21.3132878100321));
#1851=CARTESIAN_POINT('',(166.999999999988,-125.596181028822,21.3132878100321));
#1852=CARTESIAN_POINT('Origin',(91.2766239130656,-124.882003179777,22.0274656590305));
#1853=CARTESIAN_POINT('',(91.323507249223,-113.361953359146,33.5475154796616));
#1854=CARTESIAN_POINT('',(91.3235072492256,-123.296482422003,23.6129864168041));
#1855=CARTESIAN_POINT('',(91.323507249223,-113.361953359146,33.5475154796616));
#1856=CARTESIAN_POINT('',(129.348477796083,-123.29648242201,23.6129864168209));
#1857=CARTESIAN_POINT('',(129.999999999993,-123.29648242201,23.6129864168212));
#1858=CARTESIAN_POINT('',(129.34847779608,-113.361953359153,33.5475154796784));
#1859=CARTESIAN_POINT('',(129.34847779608,-113.361953359153,33.5475154796784));
#1860=CARTESIAN_POINT('',(129.99999999999,-113.361953359153,33.5475154796787));
#1861=CARTESIAN_POINT('',(201.940717208771,-113.361953359166,33.5475154797104));
#1862=CARTESIAN_POINT('',(201.940717208773,-123.296482422023,23.6129864168529));
#1863=CARTESIAN_POINT('',(201.940717208771,-113.361953359166,33.5475154797104));
#1864=CARTESIAN_POINT('',(187.814712986556,-113.361953359163,33.5475154797042));
#1865=CARTESIAN_POINT('',(129.99999999999,-113.361953359153,33.5475154796787));
#1866=CARTESIAN_POINT('',(187.814712986559,-123.296482422021,23.6129864168467));
#1867=CARTESIAN_POINT('',(187.814712986556,-113.361953359163,33.5475154797042));
#1868=CARTESIAN_POINT('',(129.999999999993,-123.29648242201,23.6129864168212));
#1869=CARTESIAN_POINT('',(130.810341741475,-113.361953359153,33.547515479679));
#1870=CARTESIAN_POINT('',(130.810341741478,-123.29648242201,23.6129864168215));
#1871=CARTESIAN_POINT('',(130.810341741475,-113.361953359153,33.547515479679));
#1872=CARTESIAN_POINT('',(144.925731640738,-123.296482422013,23.6129864168278));
#1873=CARTESIAN_POINT('',(129.999999999993,-123.29648242201,23.6129864168212));
#1874=CARTESIAN_POINT('',(144.925731640735,-113.361953359155,33.5475154796853));
#1875=CARTESIAN_POINT('',(144.925731640735,-113.361953359155,33.5475154796853));
#1876=CARTESIAN_POINT('',(129.99999999999,-113.361953359153,33.5475154796787));
#1877=CARTESIAN_POINT('',(182.925529428255,-113.361953359162,33.547515479702));
#1878=CARTESIAN_POINT('',(182.925529428258,-123.29648242202,23.6129864168445));
#1879=CARTESIAN_POINT('',(182.925529428255,-113.361953359162,33.547515479702));
#1880=CARTESIAN_POINT('',(168.819403681836,-113.36195335916,33.5475154796958));
#1881=CARTESIAN_POINT('',(129.99999999999,-113.361953359153,33.5475154796787));
#1882=CARTESIAN_POINT('',(168.819403681839,-123.296482422017,23.6129864168383));
#1883=CARTESIAN_POINT('',(168.819403681836,-113.36195335916,33.5475154796958));
#1884=CARTESIAN_POINT('',(129.999999999993,-123.29648242201,23.6129864168212));
#1885=CARTESIAN_POINT('',(149.898521840401,-123.296482422014,23.6129864168299));
#1886=CARTESIAN_POINT('',(164.0105948886,-123.296482422016,23.6129864168362));
#1887=CARTESIAN_POINT('',(129.999999999993,-123.29648242201,23.6129864168212));
#1888=CARTESIAN_POINT('',(164.010594888597,-113.361953359159,33.5475154796937));
#1889=CARTESIAN_POINT('',(164.010594888597,-113.361953359159,33.5475154796937));
#1890=CARTESIAN_POINT('',(149.898521840399,-113.361953359156,33.5475154796875));
#1891=CARTESIAN_POINT('',(129.99999999999,-113.361953359153,33.5475154796787));
#1892=CARTESIAN_POINT('',(149.898521840399,-113.361953359156,33.5475154796875));
#1893=CARTESIAN_POINT('Origin',(90.9999999999929,-125.667759411023,22.7309297867385));
#1894=CARTESIAN_POINT('',(90.3988682246239,-126.905761026532,22.8387627523182));
#1895=CARTESIAN_POINT('',(90.1476988253604,-126.710529853379,23.0339939255921));
#1896=CARTESIAN_POINT('Origin',(90.9999999999925,-126.340676701685,23.4038470774007));
#1897=CARTESIAN_POINT('',(90.2675289172749,-126.868411264015,22.9687876711353));
#1898=CARTESIAN_POINT('Ctrl Pts',(90.3988682246239,-126.905761026415,22.8387627522008));
#1899=CARTESIAN_POINT('Ctrl Pts',(90.356147248493,-126.900004975725,22.8784529032409));
#1900=CARTESIAN_POINT('Ctrl Pts',(90.3131627965342,-126.888852447913,22.9208690340448));
#1901=CARTESIAN_POINT('Ctrl Pts',(90.2713059307588,-126.870152204684,22.9648055752418));
#1902=CARTESIAN_POINT('Ctrl Pts',(90.2694139882141,-126.869289174218,22.9667973457712));
#1903=CARTESIAN_POINT('Ctrl Pts',(90.2675289172747,-126.868411264015,22.9687876711351));
#1904=CARTESIAN_POINT('Ctrl Pts',(90.2674005222386,-126.868484404946,22.9688608120663));
#1905=CARTESIAN_POINT('Ctrl Pts',(90.2664820397576,-126.867558559719,22.9693332743416));
#1906=CARTESIAN_POINT('Ctrl Pts',(90.2655656919336,-126.866629771303,22.969805240393));
#1907=CARTESIAN_POINT('Ctrl Pts',(90.2646514827274,-126.865698028122,22.970276713788));
#1908=CARTESIAN_POINT('Ctrl Pts',(90.2345727068286,-126.835042359661,22.9857888553131));
#1909=CARTESIAN_POINT('Ctrl Pts',(90.2073900706554,-126.801795105807,23.0004469630595));
#1910=CARTESIAN_POINT('Ctrl Pts',(90.1829097858416,-126.76628701865,23.0140707579351));
#1911=CARTESIAN_POINT('Ctrl Pts',(90.170486957469,-126.748267993301,23.0209843239664));
#1912=CARTESIAN_POINT('Ctrl Pts',(90.1587594625453,-126.729667224361,23.0276319981274));
#1913=CARTESIAN_POINT('Ctrl Pts',(90.1476988253697,-126.710530745142,23.0339930337259));
#1914=CARTESIAN_POINT('Ctrl Pts',(90.499999999989,-113.258430208141,36.6266152695992));
#1915=CARTESIAN_POINT('Ctrl Pts',(90.4999999999902,-117.806876079081,32.0781693986591));
#1916=CARTESIAN_POINT('Ctrl Pts',(90.4999999999914,-122.347367422073,27.5376780556669));
#1917=CARTESIAN_POINT('Ctrl Pts',(90.4999999999926,-126.89233453531,22.99271094243));
#1918=CARTESIAN_POINT('Ctrl Pts',(90.3431939331175,-113.258430208141,36.6266152695991));
#1919=CARTESIAN_POINT('Ctrl Pts',(90.3431939331186,-117.806876079081,32.0781693986591));
#1920=CARTESIAN_POINT('Ctrl Pts',(90.3431939331198,-122.347367422073,27.5376780556668));
#1921=CARTESIAN_POINT('Ctrl Pts',(90.343193933121,-126.89233453531,22.99271094243));
#1922=CARTESIAN_POINT('Ctrl Pts',(90.2286501601263,-113.234920246421,36.603105307879));
#1923=CARTESIAN_POINT('Ctrl Pts',(90.2286501601275,-117.783366117361,32.0546594369389));
#1924=CARTESIAN_POINT('Ctrl Pts',(90.2286501601287,-122.323857460353,27.5141680939467));
#1925=CARTESIAN_POINT('Ctrl Pts',(90.2286501601298,-126.86882457359,22.9692009807098));
#1926=CARTESIAN_POINT('Ctrl Pts',(90.147698825357,-113.1881693587,36.5563544201578));
#1927=CARTESIAN_POINT('Ctrl Pts',(90.1476988253581,-117.73661522964,32.0079085492177));
#1928=CARTESIAN_POINT('Ctrl Pts',(90.1476988253593,-122.277106572632,27.4674172062254));
#1929=CARTESIAN_POINT('Ctrl Pts',(90.1476988253605,-126.822073685869,22.9224500929886));
#1930=CARTESIAN_POINT('',(90.1476988255518,-113.188169358813,36.5563544202717));
#1931=CARTESIAN_POINT('Ctrl Pts',(90.1476988253604,-126.710529853379,23.0339939255921));
#1932=CARTESIAN_POINT('Ctrl Pts',(90.1476988253598,-124.512995981219,25.2315277977525));
#1933=CARTESIAN_POINT('Ctrl Pts',(90.1476988255563,-122.315462109115,27.4290616699697));
#1934=CARTESIAN_POINT('Ctrl Pts',(90.1476988255552,-117.808008610908,31.9365151681772));
#1935=CARTESIAN_POINT('Ctrl Pts',(90.1476988255546,-115.498088984861,34.2464347942244));
#1936=CARTESIAN_POINT('Ctrl Pts',(90.147698825554,-113.188169358814,36.5563544202715));
#1937=CARTESIAN_POINT('',(90.4999999999925,-126.764490941606,23.1205545361347));
#1938=CARTESIAN_POINT('Ctrl Pts',(90.2674005222556,-126.86848440495,22.9688608120706));
#1939=CARTESIAN_POINT('Ctrl Pts',(90.2860949743981,-126.86121759267,22.9853556129848));
#1940=CARTESIAN_POINT('Ctrl Pts',(90.3053586660169,-126.853277510305,23.0009431895346));
#1941=CARTESIAN_POINT('Ctrl Pts',(90.3250459505165,-126.844847672089,23.0156419551482));
#1942=CARTESIAN_POINT('Ctrl Pts',(90.3582853969195,-126.830614975061,23.0404589293639));
#1943=CARTESIAN_POINT('Ctrl Pts',(90.3929263370699,-126.814917846518,23.0628778133599));
#1944=CARTESIAN_POINT('Ctrl Pts',(90.4284103574459,-126.798374685888,23.0831106088803));
#1945=CARTESIAN_POINT('Ctrl Pts',(90.4504428375657,-126.788102826786,23.0956734092718));
#1946=CARTESIAN_POINT('Ctrl Pts',(90.4727999614201,-126.777504081845,23.1073926885992));
#1947=CARTESIAN_POINT('Ctrl Pts',(90.4953465065567,-126.7667194436,23.1183121569914));
#1948=CARTESIAN_POINT('Ctrl Pts',(90.4968964981881,-126.765978039588,23.119062830078));
#1949=CARTESIAN_POINT('Ctrl Pts',(90.4984476754071,-126.765235583443,23.1198098942973));
#1950=CARTESIAN_POINT('Ctrl Pts',(90.4999999999925,-126.764492111797,23.1205533659437));
#1951=CARTESIAN_POINT('',(90.4999999999487,-113.258430208136,36.6266152696042));
#1952=CARTESIAN_POINT('Ctrl Pts',(90.4999999999926,-126.764492111797,23.1205533659434));
#1953=CARTESIAN_POINT('Ctrl Pts',(90.4999999999914,-122.262221591751,27.6228238859896));
#1954=CARTESIAN_POINT('Ctrl Pts',(90.4999999999902,-117.76422893031,32.1208165474301));
#1955=CARTESIAN_POINT('Ctrl Pts',(90.499999999989,-113.258430208141,36.6266152695992));
#1956=CARTESIAN_POINT('Ctrl Pts',(90.1476988255404,-113.188169358807,36.5563544202651));
#1957=CARTESIAN_POINT('Ctrl Pts',(90.2286501602925,-113.234920246451,36.6031053079111));
#1958=CARTESIAN_POINT('Ctrl Pts',(90.3431939332137,-113.258430208134,36.6266152695975));
#1959=CARTESIAN_POINT('Ctrl Pts',(90.4999999999487,-113.258430208136,36.6266152696042));
#1960=CARTESIAN_POINT('Origin',(119.837119449015,-126.410937551018,22.7670011455543));
#1961=CARTESIAN_POINT('',(91.276623913065,-126.881854221285,22.5989610025418));
#1962=CARTESIAN_POINT('',(119.837119449015,-126.881854221276,22.5989610025153));
#1963=CARTESIAN_POINT('',(119.837119449015,-126.764490941611,23.1205545361476));
#1964=CARTESIAN_POINT('',(90.7427049478534,-126.905761026336,22.83876275275));
#1965=CARTESIAN_POINT('',(119.837119449015,-126.905761026341,22.8387627527628));
#1966=CARTESIAN_POINT('Ctrl Pts',(91.276623913065,-126.881854221285,22.5989610025418));
#1967=CARTESIAN_POINT('Ctrl Pts',(91.2139861218898,-126.881854221285,22.5989610025418));
#1968=CARTESIAN_POINT('Ctrl Pts',(91.1535623535806,-126.886799352586,22.6120208444772));
#1969=CARTESIAN_POINT('Ctrl Pts',(91.0359721775513,-126.898569959456,22.6542511164541));
#1970=CARTESIAN_POINT('Ctrl Pts',(90.9786243553526,-126.904950281481,22.6830382353675));
#1971=CARTESIAN_POINT('Ctrl Pts',(90.8602977182146,-126.912101511797,22.7527904262506));
#1972=CARTESIAN_POINT('Ctrl Pts',(90.7998033414234,-126.912130280277,22.794844333233));
#1973=CARTESIAN_POINT('Ctrl Pts',(90.7427049478534,-126.905761026336,22.83876275275));
#1974=CARTESIAN_POINT('Origin',(109.674238898036,-119.834683879574,30.050361598178));
#1975=CARTESIAN_POINT('',(90.9999999999996,-112.904876817536,36.9801686602047));
#1976=CARTESIAN_POINT('Ctrl Pts',(90.9999999999996,-112.904876817536,36.9801686602047));
#1977=CARTESIAN_POINT('Ctrl Pts',(103.62671721258,-112.904876817538,36.9801686602103));
#1978=CARTESIAN_POINT('Ctrl Pts',(116.229914256434,-112.90487681754,36.9801686602159));
#1979=CARTESIAN_POINT('Ctrl Pts',(128.848477796079,-112.904876817543,36.9801686602214));
#1980=CARTESIAN_POINT('Ctrl Pts',(90.4999999999487,-113.258430208136,36.6266152696042));
#1981=CARTESIAN_POINT('Ctrl Pts',(90.4999999999457,-113.152598008185,36.7324474695557));
#1982=CARTESIAN_POINT('Ctrl Pts',(90.6256583240458,-112.969611530922,36.9154339468185));
#1983=CARTESIAN_POINT('Ctrl Pts',(90.8877502032728,-112.904876817535,36.9801686602055));
#1984=CARTESIAN_POINT('Ctrl Pts',(90.9999999999996,-112.904876817536,36.9801686602047));
#1985=CARTESIAN_POINT('',(124.906825700232,-115.075759120734,34.8092863570274));
#1986=CARTESIAN_POINT('',(93.8269806456514,-115.075759120729,34.8092863570137));
#1987=CARTESIAN_POINT('Ctrl Pts',(124.906825700232,-115.075759120734,34.8092863570274));
#1988=CARTESIAN_POINT('Ctrl Pts',(114.546877348705,-115.075759120732,34.8092863570229));
#1989=CARTESIAN_POINT('Ctrl Pts',(104.186928997178,-115.075759120731,34.8092863570183));
#1990=CARTESIAN_POINT('Ctrl Pts',(93.8269806456514,-115.075759120729,34.8092863570137));
#1991=CARTESIAN_POINT('',(124.906825700234,-123.939930614956,25.9451148628062));
#1992=CARTESIAN_POINT('Ctrl Pts',(124.906825700234,-123.939930614956,25.9451148628062));
#1993=CARTESIAN_POINT('Ctrl Pts',(124.906825700233,-120.985206783548,28.8998386942133));
#1994=CARTESIAN_POINT('Ctrl Pts',(124.906825700232,-118.030482952141,31.8545625256204));
#1995=CARTESIAN_POINT('Ctrl Pts',(124.906825700232,-115.075759120734,34.8092863570274));
#1996=CARTESIAN_POINT('',(93.8269806456537,-123.93993061495,25.9451148627926));
#1997=CARTESIAN_POINT('Ctrl Pts',(93.8269806456537,-123.93993061495,25.9451148627926));
#1998=CARTESIAN_POINT('Ctrl Pts',(104.18692899718,-123.939930614952,25.9451148627971));
#1999=CARTESIAN_POINT('Ctrl Pts',(114.546877348707,-123.939930614954,25.9451148628017));
#2000=CARTESIAN_POINT('Ctrl Pts',(124.906825700234,-123.939930614955,25.9451148628063));
#2001=CARTESIAN_POINT('Ctrl Pts',(93.8269806456514,-115.075759120729,34.8092863570137));
#2002=CARTESIAN_POINT('Ctrl Pts',(93.8269806456522,-118.030482952136,31.8545625256067));
#2003=CARTESIAN_POINT('Ctrl Pts',(93.826980645653,-120.985206783543,28.8998386941996));
#2004=CARTESIAN_POINT('Ctrl Pts',(93.8269806456537,-123.93993061495,25.9451148627926));
#2005=CARTESIAN_POINT('Origin',(109.674238898036,-119.339709132744,29.5553868513475));
#2006=CARTESIAN_POINT('',(91.323507249225,-124.289295994639,24.6057999894403));
#2007=CARTESIAN_POINT('',(129.999999999992,-124.289295994646,24.6057999894573));
#2008=CARTESIAN_POINT('',(91.3235072492224,-114.354766931782,34.5403290522978));
#2009=CARTESIAN_POINT('',(91.3235072492224,-114.354766931782,34.5403290522978));
#2010=CARTESIAN_POINT('',(129.99999999999,-114.354766931789,34.5403290523148));
#2011=CARTESIAN_POINT('',(124.406825700234,-123.091402477532,25.8036935065688));
#2012=CARTESIAN_POINT('',(94.326980645654,-123.091402477526,25.8036935065555));
#2013=CARTESIAN_POINT('',(124.406825700234,-123.091402477532,25.8036935065688));
#2014=CARTESIAN_POINT('',(124.406825700232,-114.934337764497,33.9607582196033));
#2015=CARTESIAN_POINT('',(124.406825700232,-114.934337764497,33.9607582196033));
#2016=CARTESIAN_POINT('',(94.3269806456519,-114.934337764491,33.9607582195901));
#2017=CARTESIAN_POINT('',(94.3269806456519,-114.934337764491,33.9607582195901));
#2018=CARTESIAN_POINT('',(94.326980645654,-123.091402477526,25.8036935065555));
#2019=CARTESIAN_POINT('',(128.662276611421,-115.008164362382,33.8869316216409));
#2020=CARTESIAN_POINT('',(127.299412442419,-115.008164362382,33.8869316216409));
#2021=CARTESIAN_POINT('',(119.168257754728,-115.008164362419,33.886931621678));
#2022=CARTESIAN_POINT('',(127.299412442419,-123.145059059826,25.7500369241968));
#2023=CARTESIAN_POINT('',(127.299412442419,-117.173936747585,31.7211592365168));
#2024=CARTESIAN_POINT('',(128.662276611421,-123.145059059826,25.7500369241968));
#2025=CARTESIAN_POINT('',(118.486825670227,-123.145059059863,25.7500369242338));
#2026=CARTESIAN_POINT('',(128.662276611421,-121.242384096308,27.6527118877952));
#2027=CARTESIAN_POINT('Origin',(128.662276611421,-115.008164362382,33.8869316216409));
#2028=CARTESIAN_POINT('',(128.662276611421,-115.432428431094,34.3111956903528));
#2029=CARTESIAN_POINT('',(128.662276611421,-115.008164362382,33.8869316216409));
#2030=CARTESIAN_POINT('',(127.299412442419,-115.432428431094,34.3111956903528));
#2031=CARTESIAN_POINT('',(127.299412442419,-115.432428431094,34.3111956903528));
#2032=CARTESIAN_POINT('',(127.299412442419,-115.008164362382,33.8869316216409));
#2033=CARTESIAN_POINT('Origin',(128.662276611421,-123.145059059826,25.7500369241968));
#2034=CARTESIAN_POINT('',(128.662276611421,-123.569323128538,26.1743009929088));
#2035=CARTESIAN_POINT('',(128.662276611421,-123.145059059826,25.7500369241968));
#2036=CARTESIAN_POINT('',(128.662276611421,-115.432428431094,34.3111956903528));
#2037=CARTESIAN_POINT('Origin',(127.299412442419,-123.145059059826,25.7500369241968));
#2038=CARTESIAN_POINT('',(127.299412442419,-123.569323128538,26.1743009929088));
#2039=CARTESIAN_POINT('',(127.299412442419,-123.145059059826,25.7500369241968));
#2040=CARTESIAN_POINT('',(128.662276611421,-123.569323128538,26.1743009929088));
#2041=CARTESIAN_POINT('Origin',(127.299412442419,-115.008164362382,33.8869316216409));
#2042=CARTESIAN_POINT('',(127.299412442419,-123.569323128538,26.1743009929088));
#2043=CARTESIAN_POINT('Origin',(127.98084452692,-119.500875779816,30.2427483416308));
#2044=CARTESIAN_POINT('Ctrl Pts',(129.200778970514,-112.904876817543,36.9801686602216));
#2045=CARTESIAN_POINT('Ctrl Pts',(116.464490975389,-112.904876817541,36.980168660216));
#2046=CARTESIAN_POINT('Ctrl Pts',(103.744225476774,-112.904876817538,36.9801686602103));
#2047=CARTESIAN_POINT('Ctrl Pts',(90.9999999999996,-112.904876817536,36.9801686602047));
#2048=CARTESIAN_POINT('Ctrl Pts',(129.200778970514,-112.793998184417,37.0910472933478));
#2049=CARTESIAN_POINT('Ctrl Pts',(116.464490975389,-112.793998184414,37.0910472933421));
#2050=CARTESIAN_POINT('Ctrl Pts',(103.744225476774,-112.793998184412,37.0910472933365));
#2051=CARTESIAN_POINT('Ctrl Pts',(90.9999999999995,-112.79399818441,37.0910472933309));
#2052=CARTESIAN_POINT('Ctrl Pts',(129.200778970514,-112.689493544152,37.1485320102476));
#2053=CARTESIAN_POINT('Ctrl Pts',(116.464490975389,-112.689493544149,37.148532010242));
#2054=CARTESIAN_POINT('Ctrl Pts',(103.744225476774,-112.689493544147,37.1485320102364));
#2055=CARTESIAN_POINT('Ctrl Pts',(90.9999999999995,-112.689493544145,37.1485320102308));
#2056=CARTESIAN_POINT('Ctrl Pts',(129.200778970514,-112.585501418752,37.1590223603571));
#2057=CARTESIAN_POINT('Ctrl Pts',(116.464490975389,-112.58550141875,37.1590223603515));
#2058=CARTESIAN_POINT('Ctrl Pts',(103.744225476774,-112.585501418748,37.1590223603459));
#2059=CARTESIAN_POINT('Ctrl Pts',(90.9999999999996,-112.585501418745,37.1590223603403));
#2060=CARTESIAN_POINT('',(90.9999999999996,-112.585501418745,37.1590223603403));
#2061=CARTESIAN_POINT('Ctrl Pts',(90.9999999999996,-112.585501418745,37.1590223603403));
#2062=CARTESIAN_POINT('Ctrl Pts',(97.3914342975382,-112.585501418747,37.1590223603431));
#2063=CARTESIAN_POINT('Ctrl Pts',(103.782868595077,-112.585501418748,37.1590223603459));
#2064=CARTESIAN_POINT('Ctrl Pts',(116.516461585248,-112.58550141875,37.1590223603515));
#2065=CARTESIAN_POINT('Ctrl Pts',(122.858620277881,-112.585501418751,37.1590223603544));
#2066=CARTESIAN_POINT('Ctrl Pts',(129.200778970514,-112.585501418752,37.1590223603572));
#2067=CARTESIAN_POINT('Ctrl Pts',(90.9999999999996,-112.585501418745,37.1590223603403));
#2068=CARTESIAN_POINT('Ctrl Pts',(90.9999999999995,-112.689493544145,37.1485320102308));
#2069=CARTESIAN_POINT('Ctrl Pts',(90.9999999999995,-112.79399818441,37.0910472933309));
#2070=CARTESIAN_POINT('Ctrl Pts',(90.9999999999996,-112.904876817536,36.9801686602047));
#2071=CARTESIAN_POINT('Ctrl Pts',(90.9999999999996,-112.904876817536,36.9801686602047));
#2072=CARTESIAN_POINT('Ctrl Pts',(90.8877502032728,-112.904876817535,36.9801686602055));
#2073=CARTESIAN_POINT('Ctrl Pts',(90.6256583240458,-112.969611530922,36.9154339468185));
#2074=CARTESIAN_POINT('Ctrl Pts',(90.4999999999457,-113.152598008185,36.7324474695557));
#2075=CARTESIAN_POINT('Ctrl Pts',(90.4999999999487,-113.258430208136,36.6266152696042));
#2076=CARTESIAN_POINT('Ctrl Pts',(91.0000000000004,-112.79399818441,37.0910472933309));
#2077=CARTESIAN_POINT('Ctrl Pts',(90.852583690196,-112.793998184409,37.0910472933322));
#2078=CARTESIAN_POINT('Ctrl Pts',(90.5083247793216,-112.879053577164,37.0059919005735));
#2079=CARTESIAN_POINT('Ctrl Pts',(90.3431939332098,-113.119442051093,36.7656034266382));
#2080=CARTESIAN_POINT('Ctrl Pts',(90.3431939332137,-113.258430208134,36.6266152695975));
#2081=CARTESIAN_POINT('Ctrl Pts',(91.0000000000008,-112.689493544145,37.1485320102308));
#2082=CARTESIAN_POINT('Ctrl Pts',(90.8268661312274,-112.689493544143,37.1485320102324));
#2083=CARTESIAN_POINT('Ctrl Pts',(90.4225632779134,-112.789377527051,37.0486480273189));
#2084=CARTESIAN_POINT('Ctrl Pts',(90.2286501602879,-113.071684866499,36.766340687863));
#2085=CARTESIAN_POINT('Ctrl Pts',(90.2286501602925,-113.234920246451,36.6031053079111));
#2086=CARTESIAN_POINT('Ctrl Pts',(91.0000000000009,-112.585501418745,37.1590223603403));
#2087=CARTESIAN_POINT('Ctrl Pts',(90.8086587328402,-112.585501418744,37.159022360342));
#2088=CARTESIAN_POINT('Ctrl Pts',(90.3618962999122,-112.695848363234,37.0486754158469));
#2089=CARTESIAN_POINT('Ctrl Pts',(90.1476988255353,-113.007767542185,36.7367562368866));
#2090=CARTESIAN_POINT('Ctrl Pts',(90.1476988255404,-113.188169358807,36.5563544202651));
#2091=CARTESIAN_POINT('Ctrl Pts',(90.1476988255518,-113.188169358813,36.5563544202717));
#2092=CARTESIAN_POINT('Ctrl Pts',(90.1476988255467,-113.007767542194,36.7367562368908));
#2093=CARTESIAN_POINT('Ctrl Pts',(90.2700973823319,-112.829528011367,36.9149957677229));
#2094=CARTESIAN_POINT('Ctrl Pts',(90.4684355174185,-112.71710798567,37.0274157934243));
#2095=CARTESIAN_POINT('Ctrl Pts',(90.6171891187334,-112.632792966396,37.1117308127004));
#2096=CARTESIAN_POINT('Ctrl Pts',(90.8086587328428,-112.585501418758,37.1590223603405));
#2097=CARTESIAN_POINT('Ctrl Pts',(91.0000000000009,-112.58550141876,37.1590223603388));
#2098=CARTESIAN_POINT('Ctrl Pts',(93.8269806456514,-115.075759120729,34.8092863570137));
#2099=CARTESIAN_POINT('Ctrl Pts',(104.186928997178,-115.075759120731,34.8092863570183));
#2100=CARTESIAN_POINT('Ctrl Pts',(114.546877348705,-115.075759120732,34.8092863570229));
#2101=CARTESIAN_POINT('Ctrl Pts',(124.906825700232,-115.075759120734,34.8092863570274));
#2102=CARTESIAN_POINT('Ctrl Pts',(93.8269806456515,-115.198789954062,34.6862555236804));
#2103=CARTESIAN_POINT('Ctrl Pts',(104.186928997178,-115.198789954064,34.686255523685));
#2104=CARTESIAN_POINT('Ctrl Pts',(114.546877348705,-115.198789954066,34.6862555236895));
#2105=CARTESIAN_POINT('Ctrl Pts',(124.906825700232,-115.198789954068,34.6862555236941));
#2106=CARTESIAN_POINT('Ctrl Pts',(93.8269806456515,-115.314240182372,34.4557329664204));
#2107=CARTESIAN_POINT('Ctrl Pts',(104.186928997178,-115.314240182373,34.455732966425));
#2108=CARTESIAN_POINT('Ctrl Pts',(114.546877348705,-115.314240182375,34.4557329664296));
#2109=CARTESIAN_POINT('Ctrl Pts',(124.906825700232,-115.314240182377,34.4557329664341));
#2110=CARTESIAN_POINT('Ctrl Pts',(93.8269806456517,-115.198789954062,34.2252104091605));
#2111=CARTESIAN_POINT('Ctrl Pts',(104.186928997178,-115.198789954064,34.2252104091651));
#2112=CARTESIAN_POINT('Ctrl Pts',(114.546877348705,-115.198789954066,34.2252104091696));
#2113=CARTESIAN_POINT('Ctrl Pts',(124.906825700232,-115.198789954068,34.2252104091742));
#2114=CARTESIAN_POINT('Ctrl Pts',(93.8269806456518,-115.075759120729,34.1021795758272));
#2115=CARTESIAN_POINT('Ctrl Pts',(104.186928997179,-115.075759120731,34.1021795758317));
#2116=CARTESIAN_POINT('Ctrl Pts',(114.546877348705,-115.075759120732,34.1021795758363));
#2117=CARTESIAN_POINT('Ctrl Pts',(124.906825700232,-115.075759120734,34.1021795758409));
#2118=CARTESIAN_POINT('',(94.3269806456518,-115.075759120729,34.1021795758274));
#2119=CARTESIAN_POINT('Ctrl Pts',(93.8269806456514,-115.075759120729,34.8092863570137));
#2120=CARTESIAN_POINT('Ctrl Pts',(93.8285322158167,-115.076856246514,34.8081892312284));
#2121=CARTESIAN_POINT('Ctrl Pts',(93.8300838174913,-115.077951180251,34.8070897221319));
#2122=CARTESIAN_POINT('Ctrl Pts',(93.8316353804725,-115.079043832034,34.8059878443624));
#2123=CARTESIAN_POINT('Ctrl Pts',(93.8619236291417,-115.100373619684,34.7844779551148));
#2124=CARTESIAN_POINT('Ctrl Pts',(93.8928938565037,-115.121337503011,34.7615591326627));
#2125=CARTESIAN_POINT('Ctrl Pts',(93.9237622801762,-115.140926212988,34.7374187638665));
#2126=CARTESIAN_POINT('Ctrl Pts',(93.9512071124867,-115.158342355328,34.7159557834255));
#2127=CARTESIAN_POINT('Ctrl Pts',(93.9785714707626,-115.174670163589,34.6935270323444));
#2128=CARTESIAN_POINT('Ctrl Pts',(94.0053045043302,-115.18922961807,34.6702339193058));
#2129=CARTESIAN_POINT('Ctrl Pts',(94.0086393027273,-115.191045829662,34.6673282320096));
#2130=CARTESIAN_POINT('Ctrl Pts',(94.0119642769636,-115.192834577228,34.6644090534397));
#2131=CARTESIAN_POINT('Ctrl Pts',(94.015278357743,-115.194594589952,34.6614765448796));
#2132=CARTESIAN_POINT('Ctrl Pts',(94.0388832637802,-115.207130474783,34.6405894290786));
#2133=CARTESIAN_POINT('Ctrl Pts',(94.0626625644986,-115.218592022019,34.6183853207099));
#2134=CARTESIAN_POINT('Ctrl Pts',(94.0859581274796,-115.228137094585,34.5949972026793));
#2135=CARTESIAN_POINT('Ctrl Pts',(94.1063016639108,-115.236472610308,34.5745728398254));
#2136=CARTESIAN_POINT('Ctrl Pts',(94.1262762937208,-115.243345959446,34.5532451555104));
#2137=CARTESIAN_POINT('Ctrl Pts',(94.1454437153609,-115.248232654129,34.531075989245));
#2138=CARTESIAN_POINT('Ctrl Pts',(94.1482250772823,-115.248941756625,34.5278590477055));
#2139=CARTESIAN_POINT('Ctrl Pts',(94.1509894421688,-115.249609104471,34.5246243414643));
#2140=CARTESIAN_POINT('Ctrl Pts',(94.1537354707927,-115.250233178329,34.5213720120995));
#2141=CARTESIAN_POINT('Ctrl Pts',(94.1715795952303,-115.254288508082,34.5002378660856));
#2142=CARTESIAN_POINT('Ctrl Pts',(94.1886633106693,-115.256515068217,34.4783514222852));
#2143=CARTESIAN_POINT('Ctrl Pts',(94.2046650317734,-115.256515068217,34.4557329664206));
#2144=CARTESIAN_POINT('Ctrl Pts',(94.2189101423959,-115.256515068217,34.435597482006));
#2145=CARTESIAN_POINT('Ctrl Pts',(94.2322977745063,-115.254753103783,34.4148815777475));
#2146=CARTESIAN_POINT('Ctrl Pts',(94.2446010494569,-115.250885034051,34.3935843716771));
#2147=CARTESIAN_POINT('Ctrl Pts',(94.2600458129139,-115.246029300736,34.3668491884534));
#2148=CARTESIAN_POINT('Ctrl Pts',(94.2731665000334,-115.23804676104,34.3402727294381));
#2149=CARTESIAN_POINT('Ctrl Pts',(94.2840897343035,-115.227043351495,34.3138139734462));
#2150=CARTESIAN_POINT('Ctrl Pts',(94.2911298812389,-115.219951530696,34.2967610086095));
#2151=CARTESIAN_POINT('Ctrl Pts',(94.2972572179078,-115.21160587405,34.2797571705916));
#2152=CARTESIAN_POINT('Ctrl Pts',(94.3025056447786,-115.202045851174,34.2627944288653));
#2153=CARTESIAN_POINT('Ctrl Pts',(94.3100642736533,-115.188277789479,34.2383651908169));
#2154=CARTESIAN_POINT('Ctrl Pts',(94.3155963681317,-115.172359236738,34.2146762520134));
#2155=CARTESIAN_POINT('Ctrl Pts',(94.3194686312278,-115.154897011091,34.1917920405813));
#2156=CARTESIAN_POINT('Ctrl Pts',(94.3237418499385,-115.135626649673,34.1665382708748));
#2157=CARTESIAN_POINT('Ctrl Pts',(94.3259937047751,-115.114477202985,34.1422642506787));
#2158=CARTESIAN_POINT('Ctrl Pts',(94.3267170122737,-115.092313017683,34.1190982543954));
#2159=CARTESIAN_POINT('Ctrl Pts',(94.326895224889,-115.08685207965,34.1133904844752));
#2160=CARTESIAN_POINT('Ctrl Pts',(94.3269806456518,-115.081329712189,34.107750167288));
#2161=CARTESIAN_POINT('Ctrl Pts',(94.3269806456518,-115.075759120729,34.1021795758274));
#2162=CARTESIAN_POINT('',(124.406825700232,-115.075759120734,34.1021795758407));
#2163=CARTESIAN_POINT('Ctrl Pts',(94.3269806456518,-115.075759120729,34.1021795758274));
#2164=CARTESIAN_POINT('Ctrl Pts',(104.353595663845,-115.075759120731,34.1021795758318));
#2165=CARTESIAN_POINT('Ctrl Pts',(114.380210682039,-115.075759120732,34.1021795758362));
#2166=CARTESIAN_POINT('Ctrl Pts',(124.406825700232,-115.075759120734,34.1021795758407));
#2167=CARTESIAN_POINT('Ctrl Pts',(124.906825700232,-115.075759120734,34.8092863570274));
#2168=CARTESIAN_POINT('Ctrl Pts',(124.905275582214,-115.076855219696,34.8081902580657));
#2169=CARTESIAN_POINT('Ctrl Pts',(124.903725432777,-115.077949130689,34.8070917802734));
#2170=CARTESIAN_POINT('Ctrl Pts',(124.902175321924,-115.079040764062,34.8059909382465));
#2171=CARTESIAN_POINT('Ctrl Pts',(124.871889819076,-115.100368700411,34.7844830865583));
#2172=CARTESIAN_POINT('Ctrl Pts',(124.840922556007,-115.121330744869,34.7615666423653));
#2173=CARTESIAN_POINT('Ctrl Pts',(124.810057054555,-115.140917965413,34.737428927707));
#2174=CARTESIAN_POINT('Ctrl Pts',(124.782611358686,-115.158334980289,34.7159655999039));
#2175=CARTESIAN_POINT('Ctrl Pts',(124.755246123891,-115.174663662676,34.6935364766291));
#2176=CARTESIAN_POINT('Ctrl Pts',(124.728512226146,-115.18922396011,34.6702429710946));
#2177=CARTESIAN_POINT('Ctrl Pts',(124.725181112473,-115.191038211303,34.667340539301));
#2178=CARTESIAN_POINT('Ctrl Pts',(124.72185980082,-115.192825060418,34.6644246465824));
#2179=CARTESIAN_POINT('Ctrl Pts',(124.718549356889,-115.194583240901,34.6614954536842));
#2180=CARTESIAN_POINT('Ctrl Pts',(124.694939935232,-115.20712223121,34.6406050378681));
#2181=CARTESIAN_POINT('Ctrl Pts',(124.671155912226,-115.21858668495,34.6183971278544));
#2182=CARTESIAN_POINT('Ctrl Pts',(124.647855780672,-115.228133999538,34.5950047862383));
#2183=CARTESIAN_POINT('Ctrl Pts',(124.62751213897,-115.236469881538,34.5745806347561));
#2184=CARTESIAN_POINT('Ctrl Pts',(124.607537380235,-115.243343649311,34.5532531839434));
#2185=CARTESIAN_POINT('Ctrl Pts',(124.588369794917,-115.24823082779,34.5310842742665));
#2186=CARTESIAN_POINT('Ctrl Pts',(124.585584218357,-115.248941069043,34.5278625228494));
#2187=CARTESIAN_POINT('Ctrl Pts',(124.582815689357,-115.249609431092,34.5246229536485));
#2188=CARTESIAN_POINT('Ctrl Pts',(124.580065553174,-115.250234387774,34.5213657088784));
#2189=CARTESIAN_POINT('Ctrl Pts',(124.562223350129,-115.254288952081,34.5002335108017));
#2190=CARTESIAN_POINT('Ctrl Pts',(124.545141440895,-115.256515068222,34.4783491706832));
#2191=CARTESIAN_POINT('Ctrl Pts',(124.529141312814,-115.256515068222,34.455732966434));
#2192=CARTESIAN_POINT('Ctrl Pts',(124.514896761972,-115.256515068222,34.4355982731593));
#2193=CARTESIAN_POINT('Ctrl Pts',(124.501509624027,-115.254753242286,34.4148832075978));
#2194=CARTESIAN_POINT('Ctrl Pts',(124.489206749497,-115.250885491026,34.3935868877729));
#2195=CARTESIAN_POINT('Ctrl Pts',(124.47376180432,-115.246029942347,34.3668516324162));
#2196=CARTESIAN_POINT('Ctrl Pts',(124.460640937151,-115.238047566007,34.3402750802817));
#2197=CARTESIAN_POINT('Ctrl Pts',(124.449717534243,-115.227044281013,34.3138162085796));
#2198=CARTESIAN_POINT('Ctrl Pts',(124.44267733679,-115.219952599085,34.2967633100686));
#2199=CARTESIAN_POINT('Ctrl Pts',(124.436549939259,-115.211607085925,34.2797595281644));
#2200=CARTESIAN_POINT('Ctrl Pts',(124.431301444631,-115.202047205495,34.2627968319119));
#2201=CARTESIAN_POINT('Ctrl Pts',(124.423742695431,-115.188279307524,34.2383675858492));
#2202=CARTESIAN_POINT('Ctrl Pts',(124.418210485636,-115.172360905978,34.2146786340482));
#2203=CARTESIAN_POINT('Ctrl Pts',(124.414338114408,-115.154898813846,34.1917944031045));
#2204=CARTESIAN_POINT('Ctrl Pts',(124.410064778133,-115.135628607726,34.1665406222934));
#2205=CARTESIAN_POINT('Ctrl Pts',(124.407812812813,-115.114479296325,34.142266582246));
#2206=CARTESIAN_POINT('Ctrl Pts',(124.407089405447,-115.09231521882,34.1191005550373));
#2207=CARTESIAN_POINT('Ctrl Pts',(124.406911143954,-115.08685356371,34.113392000244));
#2208=CARTESIAN_POINT('Ctrl Pts',(124.406825700232,-115.081330460773,34.1077509158799));
#2209=CARTESIAN_POINT('Ctrl Pts',(124.406825700232,-115.075759120734,34.1021795758407));
#2210=CARTESIAN_POINT('Ctrl Pts',(93.8269806456537,-123.93993061495,25.9451148627926));
#2211=CARTESIAN_POINT('Ctrl Pts',(93.826980645653,-120.985206783543,28.8998386941996));
#2212=CARTESIAN_POINT('Ctrl Pts',(93.8269806456522,-118.030482952136,31.8545625256067));
#2213=CARTESIAN_POINT('Ctrl Pts',(93.8269806456514,-115.075759120729,34.8092863570137));
#2214=CARTESIAN_POINT('Ctrl Pts',(94.0009725187438,-123.93993061495,25.9451148627926));
#2215=CARTESIAN_POINT('Ctrl Pts',(94.000972518743,-120.985206783543,28.8998386941997));
#2216=CARTESIAN_POINT('Ctrl Pts',(94.0009725187423,-118.030482952136,31.8545625256068));
#2217=CARTESIAN_POINT('Ctrl Pts',(94.0009725187415,-115.075759120729,34.8092863570138));
#2218=CARTESIAN_POINT('Ctrl Pts',(94.2456088483098,-123.882392065251,25.8875763130935));
#2219=CARTESIAN_POINT('Ctrl Pts',(94.245608848309,-120.927668233844,28.8423001445005));
#2220=CARTESIAN_POINT('Ctrl Pts',(94.2456088483083,-117.972944402436,31.7970239759075));
#2221=CARTESIAN_POINT('Ctrl Pts',(94.2456088483075,-115.018220571029,34.7517478073146));
#2222=CARTESIAN_POINT('Ctrl Pts',(94.3269806456539,-123.70940805769,25.7145923055329));
#2223=CARTESIAN_POINT('Ctrl Pts',(94.3269806456531,-120.754684226283,28.6693161369399));
#2224=CARTESIAN_POINT('Ctrl Pts',(94.3269806456524,-117.799960394876,31.624039968347));
#2225=CARTESIAN_POINT('Ctrl Pts',(94.3269806456516,-114.845236563469,34.578763799754));
#2226=CARTESIAN_POINT('Ctrl Pts',(94.326980645654,-123.586377224357,25.5915614721995));
#2227=CARTESIAN_POINT('Ctrl Pts',(94.3269806456532,-120.63165339295,28.5462853036066));
#2228=CARTESIAN_POINT('Ctrl Pts',(94.3269806456524,-117.676929561543,31.5010091350136));
#2229=CARTESIAN_POINT('Ctrl Pts',(94.3269806456517,-114.722205730135,34.4557329664207));
#2230=CARTESIAN_POINT('',(94.3269806456539,-123.232823833763,25.9451148627928));
#2231=CARTESIAN_POINT('Ctrl Pts',(93.8269806456537,-123.93993061495,25.9451148627926));
#2232=CARTESIAN_POINT('Ctrl Pts',(93.8285307636709,-123.938834515988,25.9462109617542));
#2233=CARTESIAN_POINT('Ctrl Pts',(93.8300810165152,-123.937736111314,25.9473047994395));
#2234=CARTESIAN_POINT('Ctrl Pts',(93.8316313304703,-123.936635412902,25.9483962888193));
#2235=CARTESIAN_POINT('Ctrl Pts',(93.861920801443,-123.915130367102,25.9697214118885));
#2236=CARTESIAN_POINT('Ctrl Pts',(93.8929475206446,-123.892255964729,25.9906413327376));
#2237=CARTESIAN_POINT('Ctrl Pts',(93.9238656118642,-123.868155436639,26.0101912152426));
#2238=CARTESIAN_POINT('Ctrl Pts',(93.9513560678419,-123.846726736473,26.0275737625853));
#2239=CARTESIAN_POINT('Ctrl Pts',(93.9787598514629,-123.824327980832,26.0438724819164));
#2240=CARTESIAN_POINT('Ctrl Pts',(94.0055245173223,-123.801059367057,26.0584086847118));
#2241=CARTESIAN_POINT('Ctrl Pts',(94.0088616577471,-123.798158130327,26.0602211246737));
#2242=CARTESIAN_POINT('Ctrl Pts',(94.0121889290041,-123.795243377017,26.062006170576));
#2243=CARTESIAN_POINT('Ctrl Pts',(94.0155053201096,-123.792315308171,26.0637625136886));
#2244=CARTESIAN_POINT('Ctrl Pts',(94.0391433353547,-123.771445111075,26.0762810809958));
#2245=CARTESIAN_POINT('Ctrl Pts',(94.0629531264508,-123.749255421866,26.0877270798366));
#2246=CARTESIAN_POINT('Ctrl Pts',(94.0862448179279,-123.725857112227,26.0972801323678));
#2247=CARTESIAN_POINT('Ctrl Pts',(94.1065797845548,-123.705429061904,26.1056204886102));
#2248=CARTESIAN_POINT('Ctrl Pts',(94.1265196630429,-123.684079264619,26.1125174855777));
#2249=CARTESIAN_POINT('Ctrl Pts',(94.1456499711795,-123.661886325041,26.1174300109951));
#2250=CARTESIAN_POINT('Ctrl Pts',(94.1484315374588,-123.658659449033,26.1181442971921));
#2251=CARTESIAN_POINT('Ctrl Pts',(94.1511960758758,-123.655414763588,26.1188166445915));
#2252=CARTESIAN_POINT('Ctrl Pts',(94.1539424052421,-123.65215252839,26.1194454078714));
#2253=CARTESIAN_POINT('Ctrl Pts',(94.1717520408754,-123.63099730173,26.1235228666974));
#2254=CARTESIAN_POINT('Ctrl Pts',(94.1888006438515,-123.609089410599,26.1257724430823));
#2255=CARTESIAN_POINT('Ctrl Pts',(94.2047927152542,-123.586467509485,26.1257781399282));
#2256=CARTESIAN_POINT('Ctrl Pts',(94.2190300934661,-123.566327744353,26.1257832117009));
#2257=CARTESIAN_POINT('Ctrl Pts',(94.2324321098054,-123.545623199361,26.1240109386767));
#2258=CARTESIAN_POINT('Ctrl Pts',(94.244756060463,-123.524341782555,26.1201284139388));
#2259=CARTESIAN_POINT('Ctrl Pts',(94.2602269980229,-123.497626041822,26.1152544656845));
#2260=CARTESIAN_POINT('Ctrl Pts',(94.2733749111359,-123.471069640682,26.1072533127038));
#2261=CARTESIAN_POINT('Ctrl Pts',(94.2843036505485,-123.444615472114,26.0962468904663));
#2262=CARTESIAN_POINT('Ctrl Pts',(94.2913478292417,-123.427564293241,26.0891526408838));
#2263=CARTESIAN_POINT('Ctrl Pts',(94.2974706026795,-123.410556212603,26.0808104724774));
#2264=CARTESIAN_POINT('Ctrl Pts',(94.302705548968,-123.393582969193,26.0712600685442));
#2265=CARTESIAN_POINT('Ctrl Pts',(94.3102438919862,-123.369141432662,26.0575074497318));
#2266=CARTESIAN_POINT('Ctrl Pts',(94.3157384104423,-123.345427656083,26.041617043109));
#2267=CARTESIAN_POINT('Ctrl Pts',(94.3195725243597,-123.322517929173,26.0241836199369));
#2268=CARTESIAN_POINT('Ctrl Pts',(94.3238036051753,-123.297236232253,26.0049452185948));
#2269=CARTESIAN_POINT('Ctrl Pts',(94.3260134220983,-123.272933979985,25.9838280267327));
#2270=CARTESIAN_POINT('Ctrl Pts',(94.3267223157435,-123.249758958389,25.9616766048331));
#2271=CARTESIAN_POINT('Ctrl Pts',(94.3268971180883,-123.244044352055,25.9562144025496));
#2272=CARTESIAN_POINT('Ctrl Pts',(94.3269806456539,-123.238398466344,25.9506894953734));
#2273=CARTESIAN_POINT('Ctrl Pts',(94.3269806456539,-123.232823833763,25.9451148627928));
#2274=CARTESIAN_POINT('Ctrl Pts',(94.3269806456539,-123.232823833763,25.9451148627928));
#2275=CARTESIAN_POINT('Ctrl Pts',(94.3269806456532,-120.513802262752,28.6641364338043));
#2276=CARTESIAN_POINT('Ctrl Pts',(94.3269806456525,-117.79478069174,31.3831580048159));
#2277=CARTESIAN_POINT('Ctrl Pts',(94.3269806456518,-115.075759120729,34.1021795758274));
#2278=CARTESIAN_POINT('Ctrl Pts',(124.906825700234,-123.939930614955,25.9451148628063));
#2279=CARTESIAN_POINT('Ctrl Pts',(114.546877348707,-123.939930614954,25.9451148628017));
#2280=CARTESIAN_POINT('Ctrl Pts',(104.18692899718,-123.939930614952,25.9451148627971));
#2281=CARTESIAN_POINT('Ctrl Pts',(93.8269806456537,-123.93993061495,25.9451148627926));
#2282=CARTESIAN_POINT('Ctrl Pts',(124.906825700234,-123.816899781622,26.0681456961396));
#2283=CARTESIAN_POINT('Ctrl Pts',(114.546877348707,-123.81689978162,26.068145696135));
#2284=CARTESIAN_POINT('Ctrl Pts',(104.18692899718,-123.816899781618,26.0681456961305));
#2285=CARTESIAN_POINT('Ctrl Pts',(93.8269806456537,-123.816899781616,26.0681456961259));
#2286=CARTESIAN_POINT('Ctrl Pts',(124.906825700234,-123.586377224362,26.1835959244493));
#2287=CARTESIAN_POINT('Ctrl Pts',(114.546877348707,-123.58637722436,26.1835959244447));
#2288=CARTESIAN_POINT('Ctrl Pts',(104.18692899718,-123.586377224358,26.1835959244402));
#2289=CARTESIAN_POINT('Ctrl Pts',(93.8269806456537,-123.586377224356,26.1835959244356));
#2290=CARTESIAN_POINT('Ctrl Pts',(124.906825700234,-123.355854667102,26.0681456961396));
#2291=CARTESIAN_POINT('Ctrl Pts',(114.546877348707,-123.3558546671,26.068145696135));
#2292=CARTESIAN_POINT('Ctrl Pts',(104.186928997181,-123.355854667098,26.0681456961305));
#2293=CARTESIAN_POINT('Ctrl Pts',(93.8269806456538,-123.355854667097,26.0681456961259));
#2294=CARTESIAN_POINT('Ctrl Pts',(124.906825700234,-123.232823833769,25.9451148628063));
#2295=CARTESIAN_POINT('Ctrl Pts',(114.546877348707,-123.232823833767,25.9451148628017));
#2296=CARTESIAN_POINT('Ctrl Pts',(104.186928997181,-123.232823833765,25.9451148627971));
#2297=CARTESIAN_POINT('Ctrl Pts',(93.8269806456539,-123.232823833763,25.9451148627926));
#2298=CARTESIAN_POINT('',(124.406825700234,-123.232823833769,25.9451148628061));
#2299=CARTESIAN_POINT('Ctrl Pts',(124.906825700234,-123.939930614956,25.9451148628062));
#2300=CARTESIAN_POINT('Ctrl Pts',(124.905274130069,-123.93883348917,25.9462119885916));
#2301=CARTESIAN_POINT('Ctrl Pts',(124.903722528394,-123.937733980074,25.9473069223287));
#2302=CARTESIAN_POINT('Ctrl Pts',(124.902170965413,-123.936632102304,25.9483995741117));
#2303=CARTESIAN_POINT('Ctrl Pts',(124.871882716744,-123.915122213056,25.9697293617616));
#2304=CARTESIAN_POINT('Ctrl Pts',(124.840912489382,-123.892203390604,25.9906932450887));
#2305=CARTESIAN_POINT('Ctrl Pts',(124.810044065709,-123.868063021808,26.0102819550653));
#2306=CARTESIAN_POINT('Ctrl Pts',(124.782599233394,-123.846600041363,26.0276980974085));
#2307=CARTESIAN_POINT('Ctrl Pts',(124.755234875113,-123.824171290278,26.0440259056729));
#2308=CARTESIAN_POINT('Ctrl Pts',(124.72850184154,-123.800878177234,26.0585853601555));
#2309=CARTESIAN_POINT('Ctrl Pts',(124.725167043148,-123.797972489942,26.060401571745));
#2310=CARTESIAN_POINT('Ctrl Pts',(124.721842068917,-123.795053311377,26.0621903193079));
#2311=CARTESIAN_POINT('Ctrl Pts',(124.718527988142,-123.792120802821,26.0639503320292));
#2312=CARTESIAN_POINT('Ctrl Pts',(124.694923082105,-123.77123368702,26.0764862168604));
#2313=CARTESIAN_POINT('Ctrl Pts',(124.671143781387,-123.749029578651,26.0879477640965));
#2314=CARTESIAN_POINT('Ctrl Pts',(124.647848218406,-123.725641460621,26.0974928366629));
#2315=CARTESIAN_POINT('Ctrl Pts',(124.627504681974,-123.705217097767,26.1058283523855));
#2316=CARTESIAN_POINT('Ctrl Pts',(124.607530052164,-123.683889413451,26.1127017015233));
#2317=CARTESIAN_POINT('Ctrl Pts',(124.588362630524,-123.661720247186,26.117588396207));
#2318=CARTESIAN_POINT('Ctrl Pts',(124.585581268603,-123.658503305647,26.1182974987023));
#2319=CARTESIAN_POINT('Ctrl Pts',(124.582816903716,-123.655268599406,26.1189648465488));
#2320=CARTESIAN_POINT('Ctrl Pts',(124.580070875093,-123.652016270041,26.1195889204068));
#2321=CARTESIAN_POINT('Ctrl Pts',(124.562226750655,-123.630882124027,26.1236442501595));
#2322=CARTESIAN_POINT('Ctrl Pts',(124.545143035216,-123.608995680227,26.1258708102943));
#2323=CARTESIAN_POINT('Ctrl Pts',(124.529141314112,-123.586377224362,26.1258708102943));
#2324=CARTESIAN_POINT('Ctrl Pts',(124.51489620349,-123.566241739947,26.1258708102943));
#2325=CARTESIAN_POINT('Ctrl Pts',(124.501508571379,-123.545525835689,26.1241088458605));
#2326=CARTESIAN_POINT('Ctrl Pts',(124.489205296429,-123.524228629618,26.1202407761281));
#2327=CARTESIAN_POINT('Ctrl Pts',(124.473760532965,-123.497493446383,26.1153850428117));
#2328=CARTESIAN_POINT('Ctrl Pts',(124.460639845841,-123.470916987357,26.1074025031109));
#2329=CARTESIAN_POINT('Ctrl Pts',(124.449716611568,-123.444458231354,26.096399093558));
#2330=CARTESIAN_POINT('Ctrl Pts',(124.442676464639,-123.427405266528,26.0893072727619));
#2331=CARTESIAN_POINT('Ctrl Pts',(124.436549127974,-123.410401428522,26.0809616161214));
#2332=CARTESIAN_POINT('Ctrl Pts',(124.431300701107,-123.393438686807,26.0714015932513));
#2333=CARTESIAN_POINT('Ctrl Pts',(124.423742072233,-123.369009448759,26.0576335315571));
#2334=CARTESIAN_POINT('Ctrl Pts',(124.418209977754,-123.345320509957,26.0417149788169));
#2335=CARTESIAN_POINT('Ctrl Pts',(124.414337714658,-123.322436298525,26.0242527531705));
#2336=CARTESIAN_POINT('Ctrl Pts',(124.410064495948,-123.29718252882,26.0049823917536));
#2337=CARTESIAN_POINT('Ctrl Pts',(124.407812641111,-123.272908508624,25.9838329450663));
#2338=CARTESIAN_POINT('Ctrl Pts',(124.407089333612,-123.249742512342,25.9616687597651));
#2339=CARTESIAN_POINT('Ctrl Pts',(124.406911120997,-123.24403474242,25.9562078217306));
#2340=CARTESIAN_POINT('Ctrl Pts',(124.406825700234,-123.238394425231,25.9506854542684));
#2341=CARTESIAN_POINT('Ctrl Pts',(124.406825700234,-123.232823833769,25.9451148628061));
#2342=CARTESIAN_POINT('Ctrl Pts',(124.406825700234,-123.232823833769,25.9451148628061));
#2343=CARTESIAN_POINT('Ctrl Pts',(114.380210682041,-123.232823833767,25.9451148628016));
#2344=CARTESIAN_POINT('Ctrl Pts',(104.353595663847,-123.232823833765,25.9451148627972));
#2345=CARTESIAN_POINT('Ctrl Pts',(94.3269806456539,-123.232823833763,25.9451148627928));
#2346=CARTESIAN_POINT('Ctrl Pts',(124.906825700232,-115.075759120734,34.8092863570274));
#2347=CARTESIAN_POINT('Ctrl Pts',(124.906825700232,-118.030482952141,31.8545625256204));
#2348=CARTESIAN_POINT('Ctrl Pts',(124.906825700233,-120.985206783548,28.8998386942133));
#2349=CARTESIAN_POINT('Ctrl Pts',(124.906825700234,-123.939930614956,25.9451148628062));
#2350=CARTESIAN_POINT('Ctrl Pts',(124.732833827142,-115.075759120734,34.8092863570274));
#2351=CARTESIAN_POINT('Ctrl Pts',(124.732833827142,-118.030482952141,31.8545625256203));
#2352=CARTESIAN_POINT('Ctrl Pts',(124.732833827143,-120.985206783548,28.8998386942132));
#2353=CARTESIAN_POINT('Ctrl Pts',(124.732833827144,-123.939930614955,25.9451148628062));
#2354=CARTESIAN_POINT('Ctrl Pts',(124.488194124359,-115.018222956259,34.7517501925521));
#2355=CARTESIAN_POINT('Ctrl Pts',(124.48819412436,-117.972946787666,31.797026361145));
#2356=CARTESIAN_POINT('Ctrl Pts',(124.488194124361,-120.927670619073,28.842302529738));
#2357=CARTESIAN_POINT('Ctrl Pts',(124.488194124362,-123.88239445048,25.8875786983309));
#2358=CARTESIAN_POINT('Ctrl Pts',(124.406825700232,-114.845236563474,34.5787637997673));
#2359=CARTESIAN_POINT('Ctrl Pts',(124.406825700233,-117.799960394881,31.6240399683602));
#2360=CARTESIAN_POINT('Ctrl Pts',(124.406825700233,-120.754684226288,28.6693161369531));
#2361=CARTESIAN_POINT('Ctrl Pts',(124.406825700234,-123.709408057695,25.7145923055461));
#2362=CARTESIAN_POINT('Ctrl Pts',(124.406825700232,-114.722205730141,34.4557329664339));
#2363=CARTESIAN_POINT('Ctrl Pts',(124.406825700233,-117.676929561548,31.5010091350269));
#2364=CARTESIAN_POINT('Ctrl Pts',(124.406825700233,-120.631653392955,28.5462853036198));
#2365=CARTESIAN_POINT('Ctrl Pts',(124.406825700234,-123.586377224362,25.5915614722127));
#2366=CARTESIAN_POINT('Ctrl Pts',(124.406825700232,-115.075759120734,34.1021795758407));
#2367=CARTESIAN_POINT('Ctrl Pts',(124.406825700233,-117.794780691746,31.3831580048291));
#2368=CARTESIAN_POINT('Ctrl Pts',(124.406825700233,-120.513802262757,28.6641364338176));
#2369=CARTESIAN_POINT('Ctrl Pts',(124.406825700234,-123.232823833769,25.9451148628061));
#2370=CARTESIAN_POINT('Origin',(124.406825700232,-114.934337764497,33.9607582196033));
#2371=CARTESIAN_POINT('',(124.406825700232,-114.934337764497,33.9607582196033));
#2372=CARTESIAN_POINT('',(124.406825700234,-123.091402477532,25.8036935065688));
#2373=CARTESIAN_POINT('Origin',(94.3269806456519,-114.934337764491,33.9607582195901));
#2374=CARTESIAN_POINT('',(94.3269806456519,-114.934337764491,33.9607582195901));
#2375=CARTESIAN_POINT('Origin',(94.326980645654,-123.091402477526,25.8036935065555));
#2376=CARTESIAN_POINT('',(94.326980645654,-123.091402477526,25.8036935065555));
#2377=CARTESIAN_POINT('Origin',(124.406825700234,-123.091402477532,25.8036935065688));
#2378=CARTESIAN_POINT('Origin',(91.323507249223,-113.361953359146,33.5475154796616));
#2379=CARTESIAN_POINT('',(91.3235072492256,-123.296482422003,23.6129864168041));
#2380=CARTESIAN_POINT('',(91.3235072492227,-113.858360145464,34.0439222659797));
#2381=CARTESIAN_POINT('Origin',(129.999999999993,-123.29648242201,23.6129864168212));
#2382=CARTESIAN_POINT('',(129.348477796082,-123.792889208328,24.109393203139));
#2383=CARTESIAN_POINT('Origin',(201.94071720877,-114.354766931802,34.5403290523466));
#2384=CARTESIAN_POINT('',(201.940717208773,-123.792889208341,24.109393203171));
#2385=CARTESIAN_POINT('',(201.94071720877,-114.354766931802,34.5403290523466));
#2386=CARTESIAN_POINT('Origin',(129.999999999993,-123.29648242201,23.6129864168212));
#2387=CARTESIAN_POINT('',(187.814712986559,-123.296482422021,23.6129864168467));
#2388=CARTESIAN_POINT('Origin',(130.810341741475,-113.361953359153,33.547515479679));
#2389=CARTESIAN_POINT('',(130.810341741478,-123.29648242201,23.6129864168215));
#2390=CARTESIAN_POINT('',(130.810341741475,-113.858360145471,34.0439222659971));
#2391=CARTESIAN_POINT('Origin',(129.348477796079,-114.354766931789,34.5403290523145));
#2392=CARTESIAN_POINT('',(129.348477796079,-114.354766931789,34.5403290523145));
#2393=CARTESIAN_POINT('Origin',(129.99999999999,-114.354766931789,34.5403290523148));
#2394=CARTESIAN_POINT('',(144.925731640735,-114.354766931792,34.5403290523214));
#2395=CARTESIAN_POINT('Origin',(129.999999999993,-123.29648242201,23.6129864168212));
#2396=CARTESIAN_POINT('',(144.925731640737,-123.792889208331,24.1093932031458));
#2397=CARTESIAN_POINT('Origin',(187.814712986556,-113.361953359163,33.5475154797042));
#2398=CARTESIAN_POINT('',(187.814712986556,-113.858360145481,34.0439222660222));
#2399=CARTESIAN_POINT('Origin',(182.925529428255,-114.354766931799,34.5403290523382));
#2400=CARTESIAN_POINT('',(182.925529428257,-123.792889208338,24.1093932031626));
#2401=CARTESIAN_POINT('',(182.925529428255,-114.354766931799,34.5403290523382));
#2402=CARTESIAN_POINT('Origin',(129.999999999993,-123.29648242201,23.6129864168212));
#2403=CARTESIAN_POINT('',(168.819403681839,-123.296482422017,23.6129864168383));
#2404=CARTESIAN_POINT('Origin',(129.99999999999,-114.354766931789,34.5403290523148));
#2405=CARTESIAN_POINT('Origin',(129.99999999999,-114.354766931789,34.5403290523148));
#2406=CARTESIAN_POINT('',(168.819403681836,-113.858360145478,34.0439222660139));
#2407=CARTESIAN_POINT('Origin',(144.925731640735,-114.354766931792,34.5403290523214));
#2408=CARTESIAN_POINT('Origin',(149.898521840399,-113.361953359156,33.5475154796875));
#2409=CARTESIAN_POINT('',(149.898521840401,-123.296482422014,23.6129864168299));
#2410=CARTESIAN_POINT('',(149.898521840398,-113.858360145474,34.0439222660055));
#2411=CARTESIAN_POINT('Origin',(129.999999999993,-123.29648242201,23.6129864168212));
#2412=CARTESIAN_POINT('',(164.010594888599,-123.792889208335,24.1093932031542));
#2413=CARTESIAN_POINT('Origin',(129.99999999999,-114.354766931789,34.5403290523148));
#2414=CARTESIAN_POINT('',(164.010594888596,-114.354766931795,34.5403290523298));
#2415=CARTESIAN_POINT('Origin',(129.99999999999,-114.354766931789,34.5403290523148));
#2416=CARTESIAN_POINT('Origin',(164.010594888596,-114.354766931795,34.5403290523298));
#2417=CARTESIAN_POINT('Origin',(168.819403681836,-113.36195335916,33.5475154796958));
#2418=CARTESIAN_POINT('Origin',(147.733311956562,-119.80121933087,29.9433044482509));
#2419=CARTESIAN_POINT('',(91.2766239130611,-112.235176772165,37.5093470069205));
#2420=CARTESIAN_POINT('',(89.7666239130614,-113.302908011757,36.4416157673282));
#2421=CARTESIAN_POINT('Origin',(91.2766239130613,-113.302908011757,36.4416157673288));
#2422=CARTESIAN_POINT('',(89.7666239130647,-126.299530649916,23.444993129169));
#2423=CARTESIAN_POINT('',(89.7666239130614,-113.302908011757,36.4416157673282));
#2424=CARTESIAN_POINT('',(91.276623913065,-127.367261889508,22.377261889578));
#2425=CARTESIAN_POINT('Origin',(91.2766239130647,-126.299530649916,23.4449931291697));
#2426=CARTESIAN_POINT('',(203.999999999992,-127.367261889578,22.377261889578));
#2427=CARTESIAN_POINT('',(91.276623913065,-127.367261889508,22.377261889578));
#2428=CARTESIAN_POINT('',(205.700000000062,-126.165179991815,23.5793437873423));
#2429=CARTESIAN_POINT('Origin',(204.000000747062,-126.16518088977,23.5793428893864));
#2430=CARTESIAN_POINT('',(205.699999999984,-113.437258300201,36.3072654789558));
#2431=CARTESIAN_POINT('',(205.700000000062,-126.165179991815,23.5793437873423));
#2432=CARTESIAN_POINT('',(203.999999477039,-112.235176772183,37.5093470069733));
#2433=CARTESIAN_POINT('Origin',(204.000000747059,-113.437257771938,36.3072660072183));
#2434=CARTESIAN_POINT('',(203.999999477039,-112.235176772183,37.5093470069733));
#2435=CARTESIAN_POINT('',(203.999999850575,-112.588730162776,37.1557936163801));
#2436=CARTESIAN_POINT('',(203.999999850575,-112.588730162776,37.1557936163801));
#2437=CARTESIAN_POINT('',(205.199999999984,-113.437258300203,36.3072654789541));
#2438=CARTESIAN_POINT('Origin',(204.000000747059,-113.437257771938,36.3072660072183));
#2439=CARTESIAN_POINT('',(205.200000000062,-126.165180255919,23.5793435232375));
#2440=CARTESIAN_POINT('',(205.200000000062,-126.165180255919,23.5793435232375));
#2441=CARTESIAN_POINT('',(203.999999999992,-127.013708498985,22.7308152801713));
#2442=CARTESIAN_POINT('Origin',(204.000000747062,-126.16518088977,23.5793428893864));
#2443=CARTESIAN_POINT('',(91.2766239130649,-127.013708498914,22.7308152801713));
#2444=CARTESIAN_POINT('',(91.2766239130649,-127.013708498914,22.7308152801713));
#2445=CARTESIAN_POINT('Origin',(91.2766239130647,-126.299530649916,23.4449931291697));
#2446=CARTESIAN_POINT('Origin',(205.199999999985,-111.315937956643,34.1859451353945));
#2447=CARTESIAN_POINT('',(205.199999999985,-111.315937956643,34.1859451353945));
#2448=CARTESIAN_POINT('',(205.199999999985,-111.315937956643,34.1859451353945));
#2449=CARTESIAN_POINT('',(205.200000000064,-124.04385991236,21.4580231796779));
#2450=CARTESIAN_POINT('',(205.200000000064,-124.04385991236,21.4580231796779));
#2451=CARTESIAN_POINT('',(205.200000000064,-124.04385991236,21.4580231796779));
#2452=CARTESIAN_POINT('Origin',(204.000000747064,-124.04386054621,21.4580225458267));
#2453=CARTESIAN_POINT('',(203.999999999994,-124.892388155425,20.6094949366117));
#2454=CARTESIAN_POINT('Origin',(204.000000747064,-124.04386054621,21.4580225458267));
#2455=CARTESIAN_POINT('',(203.999999999994,-124.892388155425,20.6094949366117));
#2456=CARTESIAN_POINT('Origin',(204.00000074706,-111.315937428378,34.1859456636587));
#2457=CARTESIAN_POINT('',(203.999999850576,-110.467409819216,35.0344732728204));
#2458=CARTESIAN_POINT('',(203.999999850576,-110.467409819216,35.0344732728204));
#2459=CARTESIAN_POINT('Origin',(204.00000074706,-111.315937428378,34.1859456636587));
#2460=CARTESIAN_POINT('Origin',(203.999999999994,-124.892388155425,20.6094949366117));
#2461=CARTESIAN_POINT('',(91.2766239130662,-124.892388155355,20.6094949366117));
#2462=CARTESIAN_POINT('',(91.2766239130662,-124.892388155355,20.6094949366117));
#2463=CARTESIAN_POINT('',(91.2766239130662,-124.892388155355,20.6094949366117));
#2464=CARTESIAN_POINT('Origin',(91.2766239130625,-110.467409819199,35.0344732727676));
#2465=CARTESIAN_POINT('',(91.2766239130625,-110.467409819199,35.0344732727676));
#2466=CARTESIAN_POINT('',(91.2766239130625,-110.467409819199,35.0344732727676));
#2467=CARTESIAN_POINT('',(203.999999850576,-110.467409819216,35.0344732728204));
#2468=CARTESIAN_POINT('Origin',(91.276623913066,-124.178210306356,21.3236727856101));
#2469=CARTESIAN_POINT('',(90.266623913066,-124.178210306356,21.3236727856096));
#2470=CARTESIAN_POINT('Origin',(91.276623913066,-124.178210306356,21.3236727856101));
#2471=CARTESIAN_POINT('',(90.266623913066,-124.178210306356,21.3236727856096));
#2472=CARTESIAN_POINT('Origin',(91.276623913066,-124.178210306356,21.3236727856101));
#2473=CARTESIAN_POINT('',(91.2766239130662,-124.892388155355,20.6094949366117));
#2474=CARTESIAN_POINT('Origin',(91.2766239130627,-111.181587668197,34.3202954237692));
#2475=CARTESIAN_POINT('',(90.2666239130627,-111.181587668197,34.3202954237687));
#2476=CARTESIAN_POINT('',(90.2666239130627,-111.181587668197,34.3202954237687));
#2477=CARTESIAN_POINT('Origin',(91.2766239130627,-111.181587668197,34.3202954237692));
#2478=CARTESIAN_POINT('Origin',(90.266623913066,-124.178210306356,21.3236727856096));
#2479=CARTESIAN_POINT('',(90.2666239130627,-111.181587668197,34.3202954237687));
#2480=CARTESIAN_POINT('Origin',(203.999999999994,-124.892388155425,20.6094949366117));
#2481=CARTESIAN_POINT('',(203.999999999994,-124.892388155425,20.6094949366117));
#2482=CARTESIAN_POINT('Origin',(204.000000747064,-124.04386054621,21.4580225458267));
#2483=CARTESIAN_POINT('',(205.200000000064,-124.04385991236,21.4580231796779));
#2484=CARTESIAN_POINT('Origin',(205.199999999985,-111.315937956643,34.1859451353945));
#2485=CARTESIAN_POINT('',(205.199999999985,-111.315937956643,34.1859451353945));
#2486=CARTESIAN_POINT('Origin',(204.00000074706,-111.315937428378,34.1859456636587));
#2487=CARTESIAN_POINT('',(203.999999850576,-110.467409819216,35.0344732728204));
#2488=CARTESIAN_POINT('Origin',(91.2766239130625,-110.467409819199,35.0344732727676));
#2489=CARTESIAN_POINT('Origin',(203.999999477041,-110.113856428623,35.3880266634136));
#2490=CARTESIAN_POINT('',(203.999999477041,-110.113856428623,35.3880266634136));
#2491=CARTESIAN_POINT('',(91.2766239130624,-110.113856428606,35.3880266633609));
#2492=CARTESIAN_POINT('',(203.999999477041,-110.113856428623,35.3880266634136));
#2493=CARTESIAN_POINT('',(91.2766239130624,-110.113856428606,35.3880266633609));
#2494=CARTESIAN_POINT('',(203.999999477041,-110.113856428623,35.3880266634136));
#2495=CARTESIAN_POINT('Origin',(204.00000074706,-111.315937428378,34.1859456636587));
#2496=CARTESIAN_POINT('',(205.699999999985,-111.315937956642,34.1859451353962));
#2497=CARTESIAN_POINT('Origin',(204.00000074706,-111.315937428378,34.1859456636587));
#2498=CARTESIAN_POINT('',(205.699999999985,-111.315937956642,34.1859451353962));
#2499=CARTESIAN_POINT('Origin',(205.700000000064,-124.043859648255,21.4580234437827));
#2500=CARTESIAN_POINT('',(205.700000000064,-124.043859648255,21.4580234437827));
#2501=CARTESIAN_POINT('',(205.700000000064,-124.043859648255,21.4580234437827));
#2502=CARTESIAN_POINT('',(205.700000000064,-124.043859648255,21.4580234437827));
#2503=CARTESIAN_POINT('Origin',(204.000000747064,-124.04386054621,21.4580225458267));
#2504=CARTESIAN_POINT('',(203.999999999993,-125.245941546018,20.2559415460184));
#2505=CARTESIAN_POINT('Origin',(204.000000747064,-124.04386054621,21.4580225458267));
#2506=CARTESIAN_POINT('',(203.999999999993,-125.245941546018,20.2559415460184));
#2507=CARTESIAN_POINT('Origin',(91.2766239130663,-125.245941545948,20.2559415460184));
#2508=CARTESIAN_POINT('',(91.2766239130663,-125.245941545948,20.2559415460184));
#2509=CARTESIAN_POINT('',(91.2766239130663,-125.245941545948,20.2559415460184));
#2510=CARTESIAN_POINT('',(91.2766239130663,-125.245941545948,20.2559415460184));
#2511=CARTESIAN_POINT('Origin',(91.276623913066,-124.178210306356,21.3236727856101));
#2512=CARTESIAN_POINT('',(89.766623913066,-124.178210306356,21.3236727856094));
#2513=CARTESIAN_POINT('Origin',(91.276623913066,-124.178210306356,21.3236727856101));
#2514=CARTESIAN_POINT('',(89.766623913066,-124.178210306356,21.3236727856094));
#2515=CARTESIAN_POINT('Origin',(89.7666239130627,-111.181587668197,34.3202954237685));
#2516=CARTESIAN_POINT('',(89.7666239130627,-111.181587668197,34.3202954237685));
#2517=CARTESIAN_POINT('',(89.7666239130627,-111.181587668197,34.3202954237685));
#2518=CARTESIAN_POINT('',(89.7666239130627,-111.181587668197,34.3202954237685));
#2519=CARTESIAN_POINT('Origin',(91.2766239130627,-111.181587668197,34.3202954237692));
#2520=CARTESIAN_POINT('Origin',(91.2766239130627,-111.181587668197,34.3202954237692));
#2521=CARTESIAN_POINT('Origin',(147.733311956563,-117.67989898731,27.8219841046913));
#2522=UNCERTAINTY_MEASURE_WITH_UNIT(LENGTH_MEASURE(0.01),#2526,
'DISTANCE_ACCURACY_VALUE',
'Maximum model space distance between geometric entities at asserted c
onnectivities');
#2523=UNCERTAINTY_MEASURE_WITH_UNIT(LENGTH_MEASURE(0.01),#2526,
'DISTANCE_ACCURACY_VALUE',
'Maximum model space distance between geometric entities at asserted c
onnectivities');
#2524=(
GEOMETRIC_REPRESENTATION_CONTEXT(3)
GLOBAL_UNCERTAINTY_ASSIGNED_CONTEXT((#2522))
GLOBAL_UNIT_ASSIGNED_CONTEXT((#2526,#2528,#2529))
REPRESENTATION_CONTEXT('','3D')
);
#2525=(
GEOMETRIC_REPRESENTATION_CONTEXT(3)
GLOBAL_UNCERTAINTY_ASSIGNED_CONTEXT((#2523))
GLOBAL_UNIT_ASSIGNED_CONTEXT((#2526,#2528,#2529))
REPRESENTATION_CONTEXT('','3D')
);
#2526=(
LENGTH_UNIT()
NAMED_UNIT(*)
SI_UNIT(.MILLI.,.METRE.)
);
#2527=(
LENGTH_UNIT()
NAMED_UNIT(*)
SI_UNIT($,.METRE.)
);
#2528=(
NAMED_UNIT(*)
PLANE_ANGLE_UNIT()
SI_UNIT($,.RADIAN.)
);
#2529=(
NAMED_UNIT(*)
SI_UNIT($,.STERADIAN.)
SOLID_ANGLE_UNIT()
);
#2530=SHAPE_DEFINITION_REPRESENTATION(#2531,#2532);
#2531=PRODUCT_DEFINITION_SHAPE('',$,#2534);
#2532=SHAPE_REPRESENTATION('',(#1315),#2524);
#2533=PRODUCT_DEFINITION_CONTEXT('part definition',#2538,'design');
#2534=PRODUCT_DEFINITION('FusionComponent','FusionComponent',#2535,#2533);
#2535=PRODUCT_DEFINITION_FORMATION('',$,#2540);
#2536=PRODUCT_RELATED_PRODUCT_CATEGORY('FusionComponent',
'FusionComponent',(#2540));
#2537=APPLICATION_PROTOCOL_DEFINITION('international standard',
'automotive_design',2009,#2538);
#2538=APPLICATION_CONTEXT(
'Core Data for Automotive Mechanical Design Process');
#2539=PRODUCT_CONTEXT('part definition',#2538,'mechanical');
#2540=PRODUCT('FusionComponent','FusionComponent',$,(#2539));
#2541=PRESENTATION_STYLE_ASSIGNMENT((#2543));
#2542=PRESENTATION_STYLE_ASSIGNMENT((#2544));
#2543=SURFACE_STYLE_USAGE(.BOTH.,#2545);
#2544=SURFACE_STYLE_USAGE(.BOTH.,#2546);
#2545=SURFACE_SIDE_STYLE('',(#2547));
#2546=SURFACE_SIDE_STYLE('',(#2548));
#2547=SURFACE_STYLE_FILL_AREA(#2549);
#2548=SURFACE_STYLE_FILL_AREA(#2550);
#2549=FILL_AREA_STYLE('Steel - Satin',(#2551));
#2550=FILL_AREA_STYLE('ABS (White)',(#2552));
#2551=FILL_AREA_STYLE_COLOUR('Steel - Satin',#2553);
#2552=FILL_AREA_STYLE_COLOUR('ABS (White)',#2554);
#2553=COLOUR_RGB('Steel - Satin',0.627450980392157,0.627450980392157,0.627450980392157);
#2554=COLOUR_RGB('ABS (White)',0.964705882352941,0.964705882352941,0.952941176470588);
ENDSEC;
END-ISO-10303-21;
